data;horario;n_da_ocorrencia;tipo_de_ocorrencia;km;trecho;sentido;tipo_de_acidente;automovel;bicicleta;caminhao;moto;onibus;outros;tracao_animal;transporte_de_cargas_especiais;trator_maquinas;utilitarios;ilesos;levemente_feridos;moderadamente_feridos;gravemente_feridos;mortos
"26/06/2022";"06:25:00";"14";"Acidente s";"371";"BR-101/SC";"Sul";"Capotamento";1;0;0;0;0;0;0;0;0;0;2;0;0;0;0
"26/06/2022";"17:22:00";"43";"Acidente c";"394";"BR-101/SC";"Sul";"Queda de moto";0;0;0;1;0;0;0;0;0;0;0;0;2;0;0
"26/06/2022";"19:41:00";"49";"Acidente c";"394";"BR-101/SC";"Sul";"Queda de moto";0;0;0;1;0;0;0;0;0;0;0;2;0;0;0
"26/06/2022";"22:12:00";"60";"Acidente s";"303";"BR-101/SC";"Sul";"Saída de pista";1;0;0;0;0;0;0;0;0;0;4;0;0;0;0
"26/06/2022";"23:10:00";"64";"Acidente s";"333";"BR-101/SC";"Norte";"Saída de pista";1;0;0;0;0;0;0;0;0;0;1;0;0;0;0
"27/06/2022";"01:07:00";"1";"Acidente s";"406";"BR-101/SC";"Norte";"Saída de pista";1;0;0;0;0;0;0;0;0;0;3;0;0;0;0
"27/06/2022";"06:32:00";"27";"Acidente c";"441";"BR-101/SC";"Norte";"Colisão - Traseira";1;0;0;0;0;0;0;0;0;1;1;1;0;0;0
"27/06/2022";"08:07:00";"51";"Acidente c";"369";"BR-101/SC";"Norte";"Colisão - Traseira";1;0;0;1;0;0;0;0;0;0;1;1;0;0;0
"28/06/2022";"10:28:00";"70";"Acidente s";"333";"BR-101/SC";"Norte";"Colisão - Transversal";2;0;0;0;0;0;0;0;0;0;3;0;0;0;0
"28/06/2022";"18:58:00";"133";"Acidente s";"344";"BR-101/SC";"Sul";"Saída de pista";1;0;0;0;0;0;0;0;0;0;2;0;0;0;0
"28/06/2022";"19:36:00";"141";"Acidente c";"434";"BR-101/SC";"Sul";"Colisão - Lateral";2;0;0;0;0;0;0;0;0;0;1;0;0;1;0
"29/06/2022";"03:33:00";"8";"Acidente c";"298";"BR-101/SC";"Norte";"Choque Praça - Submarino";0;0;1;1;0;0;0;0;0;0;0;0;1;0;0
"29/06/2022";"14:14:00";"112";"Acidente s";"457";"BR-101/SC";"Sul";"Colisão - Traseira";1;0;0;0;0;0;0;1;0;0;2;0;0;0;0
"29/06/2022";"18:25:00";"134";"Acidente c";"344";"BR-101/SC";"Norte";"Capotamento";1;0;0;0;0;0;0;0;0;0;0;1;0;0;0
"29/06/2022";"21:30:00";"147";"Acidente c";"445";"BR-101/SC";"Sul";"Colisão - Lateral";1;0;0;1;0;0;0;0;0;0;1;1;0;0;0
"30/06/2022";"07:13:00";"15";"Acidente s";"394";"BR-101/SC";"Sul";"Colisão - Traseira";0;0;0;0;0;0;0;0;0;2;3;0;0;0;0
"30/06/2022";"08:06:00";"33";"Acidente s";"288";"BR-101/SC";"Sul";"Colisão - Lateral";1;0;0;0;0;0;0;0;0;1;2;0;0;0;0
"30/06/2022";"17:01:00";"113";"Acidente s";"295";"BR-101/SC";"Sul";"Colisão - Lateral";1;0;0;1;0;0;0;0;0;0;2;0;0;0;0
"30/06/2022";"22:17:00";"148";"Acidente s";"286";"BR-101/SC";"Norte";"Queda de moto";1;0;1;1;0;0;0;0;0;0;3;0;0;0;0
"01/07/2022";"11:10:00";"62";"Acidente s";"431";"BR-101/SC";"Sul";"Colisão - Lateral";2;0;0;0;0;0;0;0;0;0;3;0;0;0;0
"01/07/2022";"11:52:00";"66";"Acidente s";"332";"BR-101/SC";"Sul";"Colisão - Traseira";2;0;0;0;0;0;0;0;0;0;3;0;0;0;0
"01/07/2022";"12:48:00";"73";"Acidente s";"332";"BR-101/SC";"Norte";"Colisão - Traseira";1;0;1;0;0;0;0;0;0;0;3;0;0;0;0
"01/07/2022";"17:14:00";"93";"Acidente c";"332";"BR-101/SC";"Norte";"Colisão - Lateral";1;0;0;0;0;0;0;0;1;0;1;1;0;0;0
"01/07/2022";"18:07:00";"95";"Acidente s";"301";"BR-101/SC";"Norte";"Colisão - Lateral";1;1;0;0;0;0;0;0;0;0;2;0;0;0;0
"01/07/2022";"18:33:00";"98";"Acidente s";"324";"BR-101/SC";"Norte";"Queda de moto";0;0;0;0;0;0;0;0;1;0;1;0;0;0;0
"01/07/2022";"19:47:00";"105";"Acidente c";"253";"BR-101/SC";"Norte";"Queda de moto";0;0;0;0;0;0;0;0;1;0;0;0;1;0;0
"01/07/2022";"20:00:00";"109";"Acidente s";"368";"BR-101/SC";"Sul";"Saída de pista";1;0;0;0;0;0;0;0;0;0;2;0;0;0;0
"01/07/2022";"20:05:00";"110";"Acidente s";"355";"BR-101/SC";"Norte";"Colisão - Traseira";2;1;0;0;0;0;0;0;0;0;3;0;0;0;0
"02/07/2022";"02:56:00";"6";"Acidente c";"457";"BR-101/SC";"Sul";"Choque Barreira";1;0;0;0;0;0;0;0;0;0;0;1;1;0;0
"02/07/2022";"08:40:00";"39";"Acidente s";"341";"BR-101/SC";"Sul";"Colisão - Traseira";2;0;0;0;0;0;0;0;0;0;2;0;0;0;0
"02/07/2022";"09:49:00";"50";"Acidente c";"254";"BR-101/SC";"Sul";"Queda de moto";0;0;0;0;0;0;0;0;1;0;1;1;0;0;0
"02/07/2022";"16:08:00";"99";"Acidente s";"348,3";"BR-101/SC";"Sul";"Choque Barreira";1;0;0;0;0;0;0;0;0;0;1;0;0;0;0
"02/07/2022";"16:26:00";"101";"Acidente s";"417";"BR-101/SC";"Norte";"Choque Barreira";1;0;0;0;0;0;0;0;0;0;3;0;0;0;0
"02/07/2022";"18:12:00";"110";"Acidente s";"277";"BR-101/SC";"Sul";"Colisão - Frontal";1;0;0;0;0;0;0;0;0;0;1;0;0;0;0
"02/07/2022";"22:08:00";"129";"Acidente s";"283";"BR-101/SC";"Norte";"Colisão - Traseira";1;0;1;0;0;0;0;0;0;0;6;0;0;0;0
"03/07/2022";"01:47:00";"4";"Acidente s";"360";"BR-101/SC";"Sul";"Saída de pista";1;0;0;0;0;0;0;0;0;0;1;0;0;0;0
"03/07/2022";"04:29:00";"8";"Acidente s";"378";"BR-101/SC";"Sul";"Saída de pista";1;0;0;0;0;0;0;0;0;0;2;0;0;0;0
"03/07/2022";"04:57:00";"10";"Acidente s";"274";"BR-101/SC";"Norte";"Saída de pista";1;0;0;0;0;0;0;0;0;0;1;0;0;0;0
"03/07/2022";"19:04:00";"84";"Acidente s";"364";"BR-101/SC";"Norte";"Saída de pista";1;0;0;0;0;0;0;0;0;0;3;0;0;0;0
"04/07/2022";"08:42:00";"42";"Acidente s";"389";"BR-101/SC";"Sul";"Choque Barreira";1;0;0;0;0;0;0;0;0;0;1;0;0;0;0
"04/07/2022";"15:19:00";"88";"Acidente c";"257";"BR-101/SC";"Norte";"Capotamento";1;0;0;0;0;0;0;0;0;0;0;1;0;0;0
"04/07/2022";"18:34:00";"104";"Acidente c";"334";"BR-101/SC";"Sul";"Colisão - Traseira";1;0;0;0;0;0;0;0;1;0;1;0;1;0;0
"05/07/2022";"01:56:00";"4";"Acidente s";"277";"BR-101/SC";"Sul";"Tombamento";0;1;0;0;0;0;0;0;0;0;1;0;0;0;0
"05/07/2022";"07:04:00";"16";"Acidente c";"386";"BR-101/SC";"Sul";"Colisão - Frontal";2;0;0;0;0;0;0;0;0;0;1;0;2;0;0
"05/07/2022";"07:12:00";"18";"Acidente s";"404";"BR-101/SC";"Norte";"Colisão - Traseira";1;0;1;0;0;0;0;0;0;0;2;0;0;0;0
"05/07/2022";"07:27:00";"20";"Atropelame";"436";"BR-101/SC";"Sul";"Atropelamento - Usuário";1;0;0;0;0;0;0;0;0;0;1;1;0;0;0
"05/07/2022";"15:00:00";"93";"Acidente s";"348";"BR-101/SC";"Sul";"Colisão - Traseira";0;0;1;0;0;0;0;1;0;0;2;0;0;0;0
"05/07/2022";"18:20:00";"111";"Atropelame";"432";"BR-101/SC";"Sul";"Atropelamento - Usuário";1;0;0;0;0;0;0;0;0;0;2;0;0;0;0
"06/07/2022";"18:17:00";"109";"Acidente s";"291";"BR-101/SC";"Sul";"Colisão - Lateral";2;1;0;0;0;0;0;0;1;0;4;0;0;0;0
"06/07/2022";"21:22:00";"133";"Atropelame";"304";"BR-101/SC";"Sul";"Atropelamento - Morador/Trabalhador/Estudante";1;0;0;0;0;0;0;0;0;0;1;0;1;0;0
"07/07/2022";"11:10:00";"71";"Acidente s";"319";"BR-101/SC";"Norte";"Colisão - Lateral";2;0;0;0;0;0;0;0;0;0;2;0;0;0;0
"07/07/2022";"19:34:00";"112";"Acidente s";"337";"BR-101/SC";"Norte";"Colisão - Traseira";1;0;0;0;0;0;0;0;1;0;2;0;0;0;0
"07/07/2022";"20:18:00";"114";"Acidente s";"332";"BR-101/SC";"Norte";"Colisão - Lateral";1;0;0;0;0;0;0;0;1;0;2;0;0;0;0
"08/07/2022";"01:10:00";"4";"Acidente s";"334";"BR-101/SC";"Norte";"Saída de pista";1;0;0;0;0;0;0;0;0;0;1;0;0;0;0
"08/07/2022";"02:58:00";"5";"Acidente s";"457";"BR-101/SC";"Sul";"Saída de pista";1;0;0;0;0;0;0;0;0;0;2;0;0;0;0
"08/07/2022";"05:05:00";"7";"Acidente s";"383,4";"BR-101/SC";"Norte";"Saída de pista";1;0;0;0;0;0;0;0;0;0;1;0;0;0;0
"08/07/2022";"08:34:00";"42";"Acidente c";"335";"BR-101/SC";"Norte";"Engavetamento";2;0;0;0;0;0;0;0;1;0;3;1;0;0;0
"08/07/2022";"10:57:00";"67";"Acidente c";"289";"BR-101/SC";"Sul";"Colisão - Traseira";0;0;1;0;0;0;0;0;1;0;0;1;1;0;0
"08/07/2022";"13:08:00";"81";"Acidente s";"275";"BR-101/SC";"Sul";"Choque Defensa";1;0;0;0;0;0;0;0;0;0;1;0;0;0;0
"08/07/2022";"14:30:00";"86";"Acidente s";"304";"BR-101/SC";"Sul";"Colisão - Transversal";1;0;0;0;0;0;0;0;1;0;1;0;0;0;0
"08/07/2022";"22:03:00";"132";"Acidente s";"379";"BR-101/SC";"Norte";"Colisão - Frontal";1;0;0;0;0;0;0;0;1;0;4;0;0;0;0
"09/07/2022";"12:21:00";"60";"Acidente c";"435";"BR-101/SC";"Norte";"Colisão - Traseira";2;0;0;0;0;0;0;0;0;0;3;1;0;0;0
"09/07/2022";"21:21:00";"92";"Acidente s";"340,4";"BR-101/SC";"Sul";"Saída de pista";1;0;0;0;0;0;0;0;0;0;1;0;0;0;0
"10/07/2022";"04:25:00";"16";"Acidente c";"272";"BR-101/SC";"Sul";"Queda de moto";0;0;0;0;0;0;0;0;1;0;0;1;0;0;0
"10/07/2022";"05:24:00";"20";"Acidente s";"458";"BR-101/SC";"Sul";"Choque Barreira";1;0;0;0;0;0;0;0;0;0;1;0;0;0;0
"10/07/2022";"12:18:00";"52";"Acidente s";"263";"BR-101/SC";"Sul";"Colisão - Traseira";1;1;0;0;0;0;0;0;0;0;2;0;0;0;0
"10/07/2022";"12:22:00";"53";"Acidente s";"298";"BR-101/SC";"Sul";"Colisão - Traseira";2;0;0;0;0;0;0;0;0;0;2;0;0;0;0
"10/07/2022";"16:22:00";"78";"Acidente s";"344";"BR-101/SC";"Norte";"Colisão - Traseira";2;0;0;0;0;0;0;0;0;0;3;0;0;0;0
"10/07/2022";"20:59:00";"104";"Acidente c";"288";"BR-101/SC";"Sul";"Queda de moto";0;0;0;0;0;0;0;0;1;0;0;1;0;0;0
"11/07/2022";"03:34:00";"7";"Acidente s";"255";"BR-101/SC";"Sul";"Atropelamento de Animal";0;0;1;0;0;0;0;0;0;0;1;0;0;0;0
"11/07/2022";"07:30:00";"25";"Acidente c";"324,3";"BR-101/SC";"Sul";"Colisão - Lateral";2;0;0;0;0;0;0;0;0;0;1;1;0;0;0
"11/07/2022";"07:57:00";"33";"Acidente s";"411";"BR-101/SC";"Norte";"Colisão - Traseira";1;0;1;0;0;0;0;0;0;0;2;0;0;0;0
"11/07/2022";"18:59:00";"104";"Acidente c";"350";"BR-101/SC";"Sul";"Queda de moto";2;0;0;0;0;0;0;0;0;0;1;1;0;0;0
"11/07/2022";"20:54:00";"113";"Acidente c";"448";"BR-101/SC";"Sul";"Queda de moto";0;0;0;0;0;0;0;0;1;0;0;2;0;0;0
"12/07/2022";"10:10:00";"53";"Acidente s";"355";"BR-101/SC";"Sul";"Saída de pista";1;0;0;0;0;0;0;0;0;0;1;0;0;0;0
"12/07/2022";"11:47:00";"65";"Acidente s";"333";"BR-101/SC";"Sul";"Colisão - Transversal";1;0;1;0;0;0;0;0;0;0;3;0;0;0;0
"12/07/2022";"15:46:00";"91";"Acidente s";"372";"BR-101/SC";"Sul";"Saída de pista";1;0;0;0;0;0;0;0;0;0;2;0;0;0;0
"12/07/2022";"20:42:00";"116";"Acidente s";"377";"BR-101/SC";"Sul";"Saída de pista";1;0;0;0;0;0;0;0;0;0;3;0;0;0;0
"12/07/2022";"21:57:00";"123";"Acidente s";"272";"BR-101/SC";"Norte";"Colisão - Lateral";1;0;1;0;0;0;0;0;0;0;2;0;0;0;0
"12/07/2022";"22:09:00";"124";"Acidente c";"328";"BR-101/SC";"Sul";"Colisão - Traseira";1;0;1;0;0;0;0;0;0;0;1;0;1;0;0
"13/07/2022";"07:16:00";"18";"Acidente c";"358";"BR-101/SC";"Norte";"Capotamento";1;0;0;0;0;0;0;0;0;0;0;2;0;0;0
"13/07/2022";"13:36:00";"87";"Acidente s";"269";"BR-101/SC";"Norte";"Colisão - Lateral";0;0;1;0;0;0;0;1;0;0;2;0;0;0;0
"13/07/2022";"16:14:00";"110";"Atropelame";"371";"BR-101/SC";"Norte";"Atropelamento - Usuário";1;0;0;0;0;0;0;0;0;0;0;1;0;0;0
"13/07/2022";"22:15:00";"131";"Acidente c";"355";"BR-101/SC";"Norte";"Tombamento";0;1;0;0;0;0;0;0;0;0;0;1;0;0;0
"14/07/2022";"18:26:00";"85";"Acidente s";"410";"BR-101/SC";"Sul";"Colisão - Frontal";2;0;0;0;0;0;0;0;0;0;2;0;0;0;0
"14/07/2022";"21:08:00";"100";"Acidente s";"344";"BR-101/SC";"Sul";"Saída de pista";1;0;0;0;0;0;0;0;0;0;1;0;0;0;0
"15/07/2022";"08:15:00";"39";"Acidente s";"356";"BR-101/SC";"Sul";"Colisão - Lateral";2;0;1;0;0;0;0;0;0;0;4;0;0;0;0
"15/07/2022";"18:24:00";"121";"Atropelame";"253";"BR-101/SC";"Norte";"Atropelamento - Usuário";1;0;1;0;0;0;0;0;0;0;2;0;0;0;1
"16/07/2022";"16:08:00";"82";"Acidente s";"331";"BR-101/SC";"Sul";"Saída de pista";1;0;0;0;0;0;0;0;0;0;1;0;0;0;0
"16/07/2022";"19:45:00";"105";"Atropelame";"320";"BR-101/SC";"Sul";"Atropelamento - Morador/Trabalhador/Estudante";1;0;0;0;0;0;0;0;0;0;2;0;0;0;0
"16/07/2022";"21:08:00";"111";"Acidente s";"291";"BR-101/SC";"Sul";"Capotamento";1;0;0;0;0;0;0;0;0;0;1;0;0;0;0
"16/07/2022";"22:33:00";"114";"Acidente s";"451";"BR-101/SC";"Norte";"Saída de pista";1;0;0;0;0;0;0;0;0;0;1;0;0;0;0
"17/07/2022";"00:58:00";"6";"Acidente s";"431";"BR-101/SC";"Norte";"Choque Barreira";1;0;0;0;0;0;0;0;0;0;1;0;0;0;0
"17/07/2022";"01:17:00";"7";"Acidente s";"277";"BR-101/SC";"Sul";"Saída de pista";1;0;0;0;0;0;0;0;0;0;3;0;0;0;0
"17/07/2022";"02:31:00";"12";"Acidente s";"317";"BR-101/SC";"Sul";"Saída de pista";1;0;0;0;0;0;0;0;0;0;2;0;0;0;0
"17/07/2022";"02:50:00";"15";"Acidente s";"389";"BR-101/SC";"Norte";"Saída de pista";1;0;0;0;0;0;0;0;0;0;1;0;0;0;0
"17/07/2022";"06:59:00";"27";"Acidente s";"364";"BR-101/SC";"Sul";"Colisão - Traseira";1;0;1;0;0;0;0;0;0;0;3;0;0;0;0
"17/07/2022";"11:26:00";"54";"Acidente c";"419";"BR-101/SC";"Sul";"Colisão - Lateral";1;0;0;0;0;0;0;0;1;0;1;0;1;0;0
"17/07/2022";"15:19:00";"81";"Acidente c";"254";"BR-101/SC";"Ambos";"Saída de pista";1;0;0;0;0;0;0;0;0;0;1;1;0;0;0
"17/07/2022";"17:21:00";"97";"Acidente s";"248";"BR-101/SC";"Ambos";"Saída de pista";2;0;0;0;0;0;0;0;0;0;2;0;0;0;0
"17/07/2022";"18:40:00";"101";"Acidente s";"401";"BR-101/SC";"Sul";"Saída de pista";1;0;0;0;0;0;0;0;0;0;2;0;0;0;0
"17/07/2022";"19:27:00";"104";"Acidente s";"404";"BR-101/SC";"Sul";"Colisão - Traseira";0;1;0;0;0;0;0;1;0;0;2;0;0;0;0
"17/07/2022";"19:57:00";"107";"Acidente c";"345";"BR-101/SC";"Norte";"Saída de pista";1;0;0;0;0;0;0;0;0;0;1;2;0;0;0
"18/07/2022";"18:23:00";"117";"Acidente s";"448";"BR-101/SC";"Norte";"Queda de moto";0;0;0;0;0;0;0;0;1;0;1;0;0;0;0
"18/07/2022";"18:25:00";"119";"Acidente s";"335";"BR-101/SC";"Norte";"Engavetamento";2;0;0;0;0;0;0;0;1;0;3;0;0;0;0
"18/07/2022";"18:41:00";"121";"Acidente c";"327";"BR-101/SC";"Sul";"Atropelamento de Animal";2;0;0;0;0;0;0;0;1;0;2;0;1;0;0
"18/07/2022";"21:50:00";"140";"Acidente s";"446";"BR-101/SC";"Sul";"Choque Defensa";1;0;0;0;0;0;0;0;0;0;1;0;0;0;0
"19/07/2022";"18:14:00";"113";"Acidente s";"359";"BR-101/SC";"Sul";"Saída de pista";1;0;0;0;0;0;0;0;0;0;4;0;0;0;0
"19/07/2022";"20:17:00";"125";"Acidente s";"330";"BR-101/SC";"Norte";"Queda de moto";1;0;0;0;0;0;0;0;0;0;1;0;0;0;0
"20/07/2022";"03:29:00";"10";"Acidente s";"355";"BR-101/SC";"Norte";"Colisão - Traseira";0;1;1;0;0;0;0;0;0;0;2;0;0;0;0
"20/07/2022";"04:48:00";"13";"Acidente s";"408";"BR-101/SC";"Sul";"Saída de pista";1;0;0;0;0;0;0;0;0;0;1;0;0;0;0
"20/07/2022";"08:47:00";"56";"Acidente s";"437";"BR-101/SC";"Norte";"Colisão - Traseira";2;0;0;0;0;0;0;0;0;0;5;0;0;0;0
"20/07/2022";"12:20:00";"97";"Acidente s";"323";"BR-101/SC";"Sul";"Colisão - Transversal";1;0;1;0;0;0;0;0;0;0;1;0;0;0;0
"20/07/2022";"13:42:00";"107";"Acidente s";"334";"BR-101/SC";"Norte";"Colisão - Frontal";2;0;0;0;0;0;0;0;0;0;3;0;0;0;0
"20/07/2022";"18:41:00";"134";"Acidente s";"337";"BR-101/SC";"Norte";"Colisão - Traseira";3;0;0;0;0;0;0;0;0;0;5;0;0;0;0
"20/07/2022";"20:18:00";"145";"Acidente s";"464";"BR-101/SC";"Norte";"Saída de pista";1;0;0;0;0;0;0;0;0;0;3;0;0;0;0
"21/07/2022";"13:24:00";"96";"Acidente c";"343";"BR-101/SC";"Sul";"Colisão - Lateral";2;0;0;0;0;0;0;0;0;0;3;1;0;0;0
"21/07/2022";"16:17:00";"125";"Acidente s";"275";"BR-101/SC";"Norte";"Colisão - Lateral";1;0;0;0;0;0;0;0;0;0;3;0;0;0;0
"22/07/2022";"00:25:00";"2";"Acidente s";"329";"BR-101/SC";"Norte";"Colisão - Traseira";1;0;0;0;0;0;0;0;2;0;3;0;0;0;0
"22/07/2022";"06:56:00";"35";"Atropelame";"324";"BR-101/SC";"Sul";"Atropelamento - Esportista";0;0;0;0;0;0;0;0;0;0;0;1;0;0;0
"22/07/2022";"13:41:00";"122";"Acidente s";"364";"BR-101/SC";"Sul";"Queda de moto";0;0;0;0;0;0;0;0;1;0;0;2;0;0;0
"22/07/2022";"14:49:00";"127";"Acidente s";"336";"BR-101/SC";"Sul";"Choque Barreira";1;0;1;0;0;0;0;0;0;0;1;0;0;0;0
"22/07/2022";"18:14:00";"148";"Acidente s";"349";"BR-101/SC";"Sul";"Colisão - Traseira";1;0;0;0;0;0;0;1;0;0;2;0;0;0;0
"22/07/2022";"18:26:00";"152";"Acidente c";"349";"BR-101/SC";"Norte";"Colisão - Frontal";1;0;0;0;0;0;0;0;1;0;1;0;1;0;0
"22/07/2022";"21:59:00";"170";"Acidente s";"443";"BR-101/SC";"Norte";"Saída de pista";1;0;0;0;0;0;0;0;0;0;1;0;0;0;0
"23/07/2022";"10:45:00";"68";"Acidente c";"244,6";"BR-101/SC";"Sul";"Colisão - Traseira";0;1;0;0;0;0;0;1;0;0;1;1;0;0;0
"23/07/2022";"11:01:00";"71";"Acidente s";"350";"BR-101/SC";"Norte";"Colisão - Lateral";1;1;0;0;0;0;0;0;0;0;4;0;0;0;0
"23/07/2022";"13:35:00";"82";"Acidente c";"265";"BR-101/SC";"Norte";"Colisão - Frontal";1;0;0;0;0;0;0;0;1;0;1;2;0;0;0
"23/07/2022";"14:36:00";"83";"Acidente s";"350";"BR-101/SC";"Norte";"Colisão - Traseira";2;0;0;0;0;0;0;0;0;0;5;0;0;0;0
"24/07/2022";"02:24:00";"5";"Acidente s";"454";"BR-101/SC";"Sul";"Choque Barreira";1;0;0;0;0;0;0;0;0;0;1;0;0;0;0
"24/07/2022";"10:38:00";"45";"Acidente c";"263";"BR-101/SC";"Norte";"Capotamento";1;0;0;0;0;0;0;0;0;0;0;1;1;0;0
"24/07/2022";"10:48:00";"47";"Acidente s";"335";"BR-101/SC";"Sul";"Choque Barreira";1;0;0;0;0;0;0;0;0;0;2;0;0;0;0
"24/07/2022";"12:38:00";"57";"Atropelame";"435";"BR-101/SC";"Norte";"Atropelamento - Andarilho";1;0;0;0;0;0;0;0;0;0;4;0;0;0;0
"24/07/2022";"17:16:00";"79";"Acidente s";"368";"BR-101/SC";"Norte";"Colisão - Lateral";1;1;0;0;0;0;0;0;0;0;3;0;0;0;0
"24/07/2022";"22:39:00";"121";"Acidente c";"398";"BR-101/SC";"Sul";"Saída de pista";0;1;0;0;0;0;0;0;0;0;0;0;0;0;1
"24/07/2022";"23:41:00";"124";"Acidente s";"298";"BR-101/SC";"Sul";"Colisão - Traseira";0;2;0;0;0;0;0;0;0;0;2;0;0;0;0
"25/07/2022";"06:48:00";"28";"Acidente s";"363";"BR-101/SC";"Sul";"Saída de pista";0;0;1;0;0;0;0;0;0;0;1;0;0;0;0
"25/07/2022";"08:24:00";"55";"Acidente c";"323,7";"BR-101/SC";"Sul";"Queda de moto";1;0;0;0;0;0;0;0;0;0;0;1;0;0;0
"25/07/2022";"09:55:00";"79";"Acidente s";"280";"BR-101/SC";"Sul";"Colisão - Frontal";2;0;0;0;0;0;0;0;0;0;3;0;0;0;0
"25/07/2022";"15:04:00";"123";"Acidente c";"318";"BR-101/SC";"Norte";"Colisão - Traseira";4;0;0;0;0;0;0;0;1;0;6;0;1;0;0
"25/07/2022";"15:51:00";"130";"Acidente c";"400";"BR-101/SC";"Sul";"Queda de moto";0;0;0;0;0;0;0;0;1;0;1;1;0;0;0
"25/07/2022";"18:15:00";"148";"Acidente c";"340";"BR-101/SC";"Sul";"Colisão - Frontal";0;0;0;0;0;0;0;0;2;0;0;3;0;0;0
"25/07/2022";"20:34:00";"172";"Acidente c";"269";"BR-101/SC";"Sul";"Colisão - Lateral";1;0;0;0;0;0;0;0;1;0;1;1;0;0;0
"25/07/2022";"23:16:00";"187";"Acidente s";"298";"BR-101/SC";"Norte";"Saída de pista";1;0;0;0;0;0;0;0;0;0;1;0;0;0;0
"26/07/2022";"07:02:00";"21";"Acidente c";"359";"BR-101/SC";"Norte";"Colisão - Lateral";1;0;0;0;0;0;0;0;1;0;1;2;0;0;0
"26/07/2022";"12:15:00";"86";"Acidente s";"416";"BR-101/SC";"Sul";"Colisão - Lateral";1;0;0;0;0;0;0;0;1;0;5;0;0;0;0
"26/07/2022";"14:14:00";"97";"Acidente s";"327";"BR-101/SC";"Norte";"Colisão - Transversal";0;0;2;0;0;0;0;0;0;0;3;0;0;0;0
"26/07/2022";"15:11:00";"104";"Acidente s";"266";"BR-101/SC";"Sul";"Engavetamento";3;0;0;0;0;0;0;0;0;0;5;0;0;0;0
"26/07/2022";"17:15:00";"114";"Acidente s";"321";"BR-101/SC";"Sul";"Colisão - Traseira";1;1;0;0;0;0;0;0;0;0;3;0;0;0;0
"26/07/2022";"19:07:00";"127";"Acidente c";"307";"BR-101/SC";"Norte";"Atropelamento - Usuário";0;0;0;0;0;0;0;0;2;0;2;1;0;0;0
"27/07/2022";"03:40:00";"7";"Acidente s";"384";"BR-101/SC";"Sul";"Choque Defensa";1;0;0;0;0;0;0;0;0;0;1;0;0;0;0
"27/07/2022";"09:39:00";"76";"Acidente c";"282";"BR-101/SC";"Sul";"Saída de pista";1;0;0;0;0;0;0;0;0;0;0;1;0;0;0
"27/07/2022";"10:33:00";"90";"Acidente s";"344";"BR-101/SC";"Sul";"Colisão - Traseira";1;1;0;0;0;0;0;0;0;0;5;0;0;0;0
"27/07/2022";"11:25:00";"98";"Acidente s";"380";"BR-101/SC";"Norte";"Colisão - Lateral";1;0;1;0;0;0;0;0;0;0;3;0;0;0;0
"27/07/2022";"13:43:00";"112";"Acidente c";"326";"BR-101/SC";"Norte";"Choque Barreira";1;0;0;0;0;0;0;0;0;0;0;1;0;0;0
"27/07/2022";"17:26:00";"131";"Acidente s";"343";"BR-101/SC";"Norte";"Colisão - Traseira";1;0;1;0;0;0;0;0;0;0;2;0;0;0;0
"27/07/2022";"18:43:00";"138";"Acidente s";"305";"BR-101/SC";"Sul";"Colisão - Lateral";2;0;0;0;0;0;0;0;0;0;3;0;0;0;0
"28/07/2022";"06:36:00";"22";"Acidente s";"405";"BR-101/SC";"Norte";"Choque com objeto sobre a pista";2;0;1;0;0;0;0;0;0;0;5;0;0;0;0
"28/07/2022";"14:52:00";"91";"Acidente s";"328";"BR-101/SC";"Sul";"Queda de moto";0;0;0;0;0;0;0;0;1;0;1;0;0;0;0
"28/07/2022";"16:37:00";"102";"Acidente s";"303";"BR-101/SC";"Norte";"Choque Defensa";1;0;0;0;0;0;0;0;0;0;4;0;0;0;0
"28/07/2022";"18:27:00";"112";"Acidente s";"383";"BR-101/SC";"Sul";"Colisão - Lateral";0;0;0;0;0;0;0;0;2;0;2;0;0;0;0
"28/07/2022";"18:49:00";"114";"Acidente c";"265";"BR-101/SC";"Sul";"Colisão - Lateral";1;0;0;0;0;0;0;0;1;0;2;0;1;0;0
"28/07/2022";"19:15:00";"120";"Acidente s";"298";"BR-101/SC";"Norte";"Colisão - Traseira";1;0;1;0;0;0;0;0;0;0;2;0;0;0;0
"28/07/2022";"22:58:00";"138";"Acidente s";"279";"BR-101/SC";"Norte";"Choque Barreira";1;0;0;0;0;0;0;0;0;0;1;0;0;0;0
"29/07/2022";"12:00:00";"88";"Acidente s";"327";"BR-101/SC";"Norte";"Saída de pista";1;0;0;0;0;0;0;0;0;0;1;0;0;0;0
"29/07/2022";"13:05:00";"99";"Acidente c";"354,6";"BR-101/SC";"Norte";"Colisão - Lateral";2;0;0;0;0;0;0;0;0;0;2;3;0;0;1
"29/07/2022";"15:03:00";"113";"Acidente s";"330";"BR-101/SC";"Sul";"Saída de pista";1;0;0;0;0;0;0;0;0;0;1;0;0;0;0
"29/07/2022";"20:20:00";"143";"Acidente c";"317";"BR-101/SC";"Sul";"Colisão - Traseira";1;0;0;0;0;0;0;0;1;0;1;0;1;0;0
"30/07/2022";"04:24:00";"6";"Acidente s";"399";"BR-101/SC";"Sul";"Choque Barreira";1;0;0;0;0;0;0;0;0;0;1;0;0;0;0
"30/07/2022";"16:41:00";"88";"Acidente s";"404";"BR-101/SC";"Norte";"Colisão - Lateral";1;0;1;0;0;0;0;0;0;0;2;0;0;0;0