data;horario;n_da_ocorrencia;tipo_de_ocorrencia;km;trecho;sentido;tipo_de_acidente;automovel;bicicleta;caminhao;moto;onibus;outros;tracao_animal;transporte_de_cargas_especiais;trator_maquinas;utilitarios;ilesos;levemente_feridos;moderadamente_feridos;gravemente_feridos;mortos
"06/11/2022";"12:14:00";"49";"Acidente s";"336";"BR-101/SC";"Norte";"Choque Barreira";1;0;0;0;0;0;0;0;0;0;1;0;0;0;0
"06/11/2022";"17:06:00";"71";"Acidente s";"298";"BR-101/SC";"Sul";"Colisão - Traseira";0;0;2;0;0;0;0;0;0;0;2;0;0;0;0
"06/11/2022";"23:34:00";"102";"Acidente s";"276";"BR-101/SC";"Norte";"Saída de pista";1;0;0;0;0;0;0;0;0;0;1;0;0;0;0
"06/11/2022";"23:55:00";"103";"Acidente s";"395";"BR-101/SC";"Sul";"Colisão - Traseira";2;0;0;0;0;0;0;0;0;0;2;0;0;0;0
"07/11/2022";"06:51:00";"120";"Acidente s";"344";"BR-101/SC";"Sul";"Colisão - Traseira";1;0;1;0;0;0;0;0;0;0;2;0;0;0;0
"07/11/2022";"07:11:00";"123";"Atropelame";"339";"BR-101/SC";"Sul";"Atropelamento - Morador/Trabalhador/Estudante";1;0;0;1;0;0;0;0;0;0;1;0;1;0;0
"07/11/2022";"08:26:00";"150";"Acidente c";"333";"BR-101/SC";"Sul";"Colisão - Lateral";2;0;0;0;0;0;0;0;0;0;1;0;1;0;0
"07/11/2022";"09:02:00";"161";"Acidente c";"372";"BR-101/SC";"Sul";"Colisão - Traseira";1;0;1;0;0;0;0;0;0;0;2;1;0;0;0
"07/11/2022";"15:59:00";"217";"Acidente s";"311";"BR-101/SC";"Sul";"Colisão - Lateral";0;0;2;0;0;0;0;0;0;0;2;0;0;0;0
"07/11/2022";"19:41:00";"232";"Acidente c";"358,2";"BR-101/SC";"Norte";"Capotamento";1;0;0;0;0;0;0;0;0;0;0;0;1;0;0
"08/11/2022";"07:25:00";"18";"Acidente s";"431";"BR-101/SC";"Sul";"Choque Defensa";1;0;0;0;0;0;0;0;0;0;1;0;0;0;0
"08/11/2022";"20:44:00";"111";"Acidente c";"344";"BR-101/SC";"Ambos";"Colisão - Frontal";1;0;1;0;0;0;0;0;0;0;1;3;0;0;0
"09/11/2022";"13:30:00";"102";"Acidente c";"249";"BR-101/SC";"Sul";"Colisão - Lateral";2;0;0;0;0;0;0;0;0;0;2;2;0;0;0
"09/11/2022";"15:46:00";"123";"Acidente c";"266";"BR-101/SC";"Sul";"Colisão - Lateral";1;0;0;1;0;0;0;0;0;0;2;0;1;0;0
"09/11/2022";"17:08:00";"133";"Acidente s";"333,5";"BR-101/SC";"Norte";"Colisão - Lateral";1;0;1;0;0;0;0;0;0;0;4;0;0;0;0
"09/11/2022";"17:42:00";"136";"Acidente s";"333";"BR-101/SC";"Norte";"Colisão - Traseira";2;0;0;0;0;0;0;0;0;0;2;0;0;0;0
"09/11/2022";"17:57:00";"142";"Acidente c";"390,5";"BR-101/SC";"Norte";"Choque Defensa";1;0;0;0;0;0;0;0;0;0;0;0;1;0;0
"09/11/2022";"20:47:00";"150";"Acidente s";"405";"BR-101/SC";"Norte";"Saída de pista";1;0;0;0;0;0;0;0;0;0;2;0;0;0;0
"10/11/2022";"08:12:00";"43";"Acidente s";"317";"BR-101/SC";"Norte";"Colisão - Traseira";2;0;0;0;0;0;0;0;0;0;3;0;0;0;0
"10/11/2022";"10:51:00";"73";"Acidente s";"328";"BR-101/SC";"Sul";"Saída de pista";1;0;0;0;0;0;0;0;0;0;1;0;0;0;0
"10/11/2022";"16:25:00";"113";"Acidente s";"375";"BR-101/SC";"Norte";"Saída de pista";1;0;0;0;0;0;0;0;0;0;1;0;0;0;0
"10/11/2022";"20:26:00";"130";"Acidente c";"324";"BR-101/SC";"Norte";"Queda de moto";1;0;0;0;0;0;0;0;0;0;0;1;0;0;0
"10/11/2022";"23:50:00";"144";"Acidente s";"284";"BR-101/SC";"Sul";"Colisão - Traseira";0;0;2;0;0;0;0;0;0;0;2;0;0;0;0
"11/11/2022";"01:37:00";"7";"Acidente s";"411";"BR-101/SC";"Sul";"Atropelamento de Animal";0;0;1;0;0;0;0;0;0;0;1;0;0;0;0
"11/11/2022";"03:56:00";"10";"Acidente s";"405";"BR-101/SC";"Sul";"Saída de pista";1;0;1;0;0;0;0;0;0;0;2;0;0;0;0
"11/11/2022";"04:02:00";"12";"Acidente s";"341";"BR-101/SC";"Sul";"Colisão - Lateral";1;0;1;0;0;0;0;0;0;0;2;0;0;0;0
"11/11/2022";"07:51:00";"46";"Acidente c";"311";"BR-101/SC";"Sul";"Colisão - Lateral";0;0;0;2;0;0;0;0;0;0;1;1;0;0;0
"11/11/2022";"12:20:00";"109";"Acidente s";"282";"BR-101/SC";"Norte";"Colisão - Traseira";1;0;1;0;0;0;0;0;0;0;2;0;0;0;0
"11/11/2022";"14:21:00";"120";"Acidente s";"286,5";"BR-101/SC";"Norte";"Saída de pista";1;0;0;0;0;0;0;0;0;0;1;0;0;0;0
"11/11/2022";"15:05:00";"128";"Acidente s";"261";"BR-101/SC";"Sul";"Colisão - Lateral";0;0;2;0;0;0;0;0;0;0;2;0;0;0;0
"11/11/2022";"16:26:00";"131";"Acidente s";"301";"BR-101/SC";"Norte";"Saída de pista";1;0;0;0;0;0;0;0;0;0;2;0;0;0;0
"11/11/2022";"18:40:00";"144";"Acidente s";"332";"BR-101/SC";"Norte";"Engavetamento";3;0;0;0;0;0;0;0;0;0;6;0;0;0;0
"12/11/2022";"01:26:00";"8";"Acidente c";"308";"BR-101/SC";"Norte";"Colisão - Lateral";1;0;1;0;0;0;0;0;0;0;2;0;2;0;0
"12/11/2022";"03:50:00";"14";"Acidente s";"329";"BR-101/SC";"Sul";"Saída de pista";1;0;0;0;0;0;0;0;0;0;1;0;0;0;0
"12/11/2022";"03:51:00";"15";"Acidente s";"317";"BR-101/SC";"Sul";"Saída de pista";1;0;0;0;0;0;0;0;0;0;1;0;0;0;0
"12/11/2022";"05:12:00";"22";"Acidente s";"360";"BR-101/SC";"Sul";"Saída de pista";1;0;0;0;0;0;0;0;0;0;2;0;0;0;0
"12/11/2022";"09:53:00";"44";"Acidente s";"316";"BR-101/SC";"Sul";"Engavetamento";6;0;0;0;0;0;0;0;0;0;14;0;0;0;0
"12/11/2022";"12:08:00";"65";"Acidente s";"344";"BR-101/SC";"Norte";"Engavetamento";2;0;1;0;0;0;0;0;0;0;9;0;0;0;0
"12/11/2022";"12:44:00";"70";"Acidente c";"342";"BR-101/SC";"Norte";"Choque Barreira";1;0;0;0;0;0;0;0;0;0;1;0;1;0;0
"12/11/2022";"16:22:00";"87";"Acidente c";"282";"BR-101/SC";"Ambos";"Colisão - Lateral";2;0;0;0;0;0;0;0;0;0;2;1;0;0;0
"12/11/2022";"19:55:00";"115";"Acidente c";"274";"BR-101/SC";"Norte";"Queda de moto";0;0;0;1;0;0;0;0;0;0;0;1;0;0;0
"13/11/2022";"01:23:00";"7";"Acidente s";"324";"BR-101/SC";"Sul";"Choque Barreira";2;0;0;0;0;0;0;0;0;0;2;0;0;0;0
"13/11/2022";"04:39:00";"9";"Acidente c";"372";"BR-101/SC";"Sul";"Saída de pista";1;0;0;0;0;0;0;0;0;0;2;1;0;0;0
"13/11/2022";"14:56:00";"68";"Acidente s";"307";"BR-101/SC";"Sul";"Colisão - Traseira";2;0;0;0;0;0;0;0;0;0;4;2;0;0;0
"13/11/2022";"16:57:00";"82";"Acidente s";"277";"BR-101/SC";"Norte";"Choque Defensa";1;0;0;0;0;0;0;0;0;0;2;0;0;0;0
"13/11/2022";"17:03:00";"84";"Acidente c";"291";"BR-101/SC";"Sul";"Capotamento";1;0;0;0;0;0;0;0;0;0;1;0;0;1;0
"14/11/2022";"10:04:00";"56";"Acidente s";"289";"BR-101/SC";"Sul";"Colisão - Traseira";2;0;0;0;0;0;0;0;0;0;3;0;0;0;0
"14/11/2022";"17:00:00";"100";"Acidente s";"250";"BR-101/SC";"Norte";"Colisão - Lateral";1;0;0;0;0;0;0;0;0;0;2;0;0;0;0
"15/11/2022";"06:00:00";"14";"Acidente s";"382,4";"BR-101/SC";"Sul";"Colisão - Traseira";2;0;0;0;0;0;0;0;0;0;2;0;0;0;0
"15/11/2022";"09:26:00";"41";"Acidente c";"425";"BR-101/SC";"Sul";"Queda de moto";0;0;0;1;0;0;0;0;0;0;0;0;1;0;0
"15/11/2022";"13:55:00";"82";"Acidente s";"384";"BR-101/SC";"Sul";"Capotamento";1;0;0;0;0;0;0;0;0;0;3;0;0;0;0
"15/11/2022";"15:30:00";"96";"Acidente s";"383,7";"BR-101/SC";"Norte";"Colisão - Traseira";2;0;0;0;0;0;0;0;0;0;4;0;0;0;0
"15/11/2022";"15:43:00";"98";"Acidente c";"421";"BR-101/SC";"Sul";"Colisão - Traseira";2;0;0;0;0;0;0;0;0;0;1;0;1;0;0
"15/11/2022";"16:19:00";"104";"Acidente s";"334";"BR-101/SC";"Sul";"Colisão - Traseira";2;0;0;0;0;0;0;0;0;0;6;0;0;0;0
"15/11/2022";"18:46:00";"119";"Acidente s";"247";"BR-101/SC";"Sul";"Capotamento";1;0;0;0;0;0;0;0;0;0;1;0;0;0;0
"15/11/2022";"20:21:00";"128";"Acidente c";"273";"BR-101/SC";"Sul";"Queda de moto";0;0;0;1;0;0;0;0;0;0;1;0;1;0;0
"15/11/2022";"20:48:00";"131";"Acidente c";"343";"BR-101/SC";"Norte";"Queda de moto";0;0;0;1;0;0;0;0;0;0;0;2;0;0;0
"15/11/2022";"21:48:00";"137";"Acidente s";"330";"BR-101/SC";"Sul";"Queda de moto";0;0;0;1;0;0;0;0;0;0;1;0;0;0;0
"16/11/2022";"07:12:00";"27";"Acidente s";"447";"BR-101/SC";"Sul";"Queda de moto";0;0;0;1;0;0;0;0;0;0;2;0;0;0;0
"16/11/2022";"11:08:00";"73";"Acidente c";"256";"BR-101/SC";"Sul";"Queda de moto";0;0;0;1;0;0;0;0;0;0;0;1;0;0;0
"16/11/2022";"13:13:00";"83";"Acidente s";"305";"BR-101/SC";"Norte";"Colisão - Traseira";2;0;0;0;0;0;0;0;0;0;6;0;0;0;0
"16/11/2022";"21:29:00";"138";"Acidente c";"402";"BR-101/SC";"Norte";"Colisão - Transversal";2;0;0;1;0;0;0;0;0;0;2;0;1;1;0
"16/11/2022";"22:54:00";"142";"Acidente c";"328";"BR-101/SC";"Ambos";"Colisão - Frontal";1;0;0;1;0;0;0;0;0;0;3;1;0;0;0
"17/11/2022";"01:10:00";"3";"Acidente s";"453";"BR-101/SC";"Sul";"Colisão - Traseira";2;0;1;0;0;0;0;0;0;0;6;0;0;0;0
"17/11/2022";"09:44:00";"65";"Acidente s";"362";"BR-101/SC";"Sul";"Saída de pista";0;0;1;0;0;0;0;0;0;0;1;0;0;0;0
"17/11/2022";"10:56:00";"83";"Acidente s";"363";"BR-101/SC";"Norte";"Colisão - Traseira";1;0;2;0;0;0;0;0;0;0;4;0;0;0;0
"17/11/2022";"11:49:00";"90";"Acidente s";"245";"BR-101/SC";"Norte";"Saída de pista";1;0;0;0;0;0;0;0;0;0;1;0;0;0;0
"17/11/2022";"15:08:00";"126";"Acidente s";"372,2";"BR-101/SC";"Sul";"Choque Defensa";1;0;0;0;0;0;0;0;0;0;1;0;0;0;0
"17/11/2022";"15:11:00";"127";"Acidente s";"451";"BR-101/SC";"Norte";"Saída de pista";1;0;0;0;0;0;0;0;0;0;1;0;0;0;0
"17/11/2022";"18:44:00";"146";"Acidente c";"432";"BR-101/SC";"Sul";"Colisão - Traseira";1;0;0;1;0;0;0;0;0;0;1;0;1;0;0
"17/11/2022";"22:37:00";"164";"Acidente c";"388";"BR-101/SC";"Norte";"Tombamento";0;0;1;0;0;0;0;0;0;0;0;0;1;0;0
"18/11/2022";"04:24:00";"4";"Acidente s";"356";"BR-101/SC";"Sul";"Saída de pista";0;0;1;0;0;0;0;0;0;0;30;0;0;0;0
"18/11/2022";"07:19:00";"23";"Acidente c";"357";"BR-101/SC";"Norte";"Colisão - Lateral";1;0;1;0;0;0;0;0;0;0;1;0;1;0;0
"18/11/2022";"08:09:00";"38";"Acidente s";"393";"BR-101/SC";"Norte";"Colisão - Traseira";2;0;0;0;0;0;0;0;0;0;2;0;0;0;0
"18/11/2022";"10:22:00";"64";"Acidente c";"420";"BR-101/SC";"Norte";"Colisão - Lateral";0;0;0;1;0;0;0;0;0;0;0;0;1;0;0
"18/11/2022";"12:54:00";"85";"Acidente c";"439,5";"BR-101/SC";"Sul";"Queda de moto";0;0;0;1;0;0;0;0;0;0;0;0;1;0;0
"18/11/2022";"18:00:00";"122";"Acidente s";"404";"BR-101/SC";"Norte";"Colisão - Traseira";2;0;0;0;0;0;0;0;0;0;2;0;0;0;0
"18/11/2022";"21:35:00";"142";"Acidente c";"446";"BR-101/SC";"Sul";"Saída de pista";1;0;0;0;0;0;0;0;0;0;0;1;0;0;0
"19/11/2022";"01:00:00";"3";"Acidente s";"376";"BR-101/SC";"Norte";"Colisão - Lateral";2;0;0;0;0;0;0;0;0;0;3;0;0;0;0
"19/11/2022";"05:14:00";"16";"Acidente s";"378";"BR-101/SC";"Norte";"Saída de pista";1;0;0;0;0;0;0;0;0;0;1;0;0;0;0
"19/11/2022";"05:19:00";"19";"Acidente s";"256,9";"BR-101/SC";"Norte";"Capotamento";1;0;0;0;0;0;0;0;0;0;1;0;0;0;0
"19/11/2022";"05:31:00";"20";"Acidente s";"359";"BR-101/SC";"Norte";"Saída de pista";1;0;0;0;0;0;0;0;0;0;1;0;0;0;0
"19/11/2022";"14:56:00";"85";"Acidente s";"367,1";"BR-101/SC";"Norte";"Colisão - Lateral";1;0;0;0;0;0;0;0;0;0;2;0;0;0;0
"20/11/2022";"02:40:00";"10";"Acidente s";"378";"BR-101/SC";"Sul";"Saída de pista";1;0;0;0;0;0;0;0;0;0;2;0;0;0;0
"20/11/2022";"05:02:00";"16";"Acidente c";"318";"BR-101/SC";"Sul";"Colisão - Traseira";1;0;1;0;0;0;0;0;0;0;3;0;1;0;0
"20/11/2022";"17:01:00";"79";"Acidente s";"322";"BR-101/SC";"Sul";"Colisão - Traseira";2;0;0;0;0;0;0;0;0;0;6;0;0;0;0
"20/11/2022";"17:30:00";"81";"Acidente c";"323";"BR-101/SC";"Sul";"Colisão - Lateral";2;0;0;0;0;0;0;0;0;0;5;3;0;0;0
"20/11/2022";"17:51:00";"84";"Acidente s";"322";"BR-101/SC";"Sul";"Colisão - Traseira";2;0;0;0;0;0;0;0;0;0;8;0;0;0;0
"20/11/2022";"21:06:00";"102";"Acidente c";"277";"BR-101/SC";"Norte";"Saída de pista";0;0;1;0;0;0;0;0;0;0;0;1;0;0;0
"21/11/2022";"00:45:00";"4";"Acidente s";"402";"BR-101/SC";"Norte";"Choque com objeto sobre a pista";1;0;0;0;0;0;0;0;0;0;1;0;0;0;0
"21/11/2022";"03:50:00";"11";"Acidente s";"460";"BR-101/SC";"Sul";"Atropelamento de Animal";1;0;0;0;0;0;0;0;0;0;3;0;0;0;0
"21/11/2022";"04:18:00";"14";"Acidente s";"395";"BR-101/SC";"Sul";"Choque Defensa";1;0;0;0;0;0;0;0;0;0;1;0;0;0;0
"21/11/2022";"17:32:00";"108";"Acidente c";"291";"BR-101/SC";"Norte";"Colisão - Traseira";1;0;1;0;0;0;0;0;0;0;2;0;1;0;0
"21/11/2022";"19:40:00";"119";"Acidente s";"383";"BR-101/SC";"Norte";"Saída de pista";1;0;0;0;0;0;0;0;0;0;1;0;0;0;0
"22/11/2022";"17:59:00";"101";"Acidente s";"335";"BR-101/SC";"Norte";"Colisão - Traseira";1;0;1;0;0;0;0;0;0;0;3;0;0;0;0
"22/11/2022";"19:11:00";"106";"Acidente c";"380";"BR-101/SC";"Norte";"Colisão - Lateral";0;0;1;1;0;0;0;0;0;0;1;1;0;0;0
"22/11/2022";"19:39:00";"111";"Acidente s";"336";"BR-101/SC";"Sul";"Colisão - Lateral";2;0;0;0;0;0;0;0;0;0;2;0;0;0;0
"23/11/2022";"06:50:00";"20";"Acidente s";"336";"BR-101/SC";"Sul";"Choque Barreira";1;0;0;0;0;0;0;0;0;0;1;0;0;0;0
"23/11/2022";"10:08:00";"62";"Acidente s";"336";"BR-101/SC";"Norte";"Choque Barreira";1;0;0;0;0;0;0;0;0;0;5;0;0;0;0
"23/11/2022";"13:10:00";"93";"Acidente c";"390";"BR-101/SC";"Norte";"Queda de moto";0;0;0;1;0;0;0;0;0;0;0;2;0;0;0
"24/11/2022";"00:41:00";"150";"Acidente s";"418";"BR-101/SC";"Norte";"Capotamento";1;0;0;0;0;0;0;0;0;0;1;0;0;0;0
"24/11/2022";"06:07:00";"162";"Acidente c";"324";"BR-101/SC";"Norte";"Colisão - Lateral";0;0;0;1;0;0;0;0;0;0;1;0;1;0;0
"24/11/2022";"10:20:00";"206";"Acidente s";"252";"BR-101/SC";"Norte";"Colisão - Lateral";2;0;0;0;0;0;0;0;0;0;3;0;0;0;0
"24/11/2022";"20:12:00";"261";"Acidente s";"465";"BR-101/SC";"Norte";"Queda de moto";0;0;0;1;0;0;0;0;0;0;1;0;0;0;0
"24/11/2022";"21:20:00";"269";"Acidente s";"334";"BR-101/SC";"Sul";"Colisão - Lateral";2;0;0;0;0;0;0;0;0;0;4;0;0;0;0
"25/11/2022";"04:04:00";"12";"Acidente s";"384";"BR-101/SC";"Sul";"Choque Defensa";2;0;0;0;0;0;0;0;0;0;2;0;0;0;0
"25/11/2022";"11:51:00";"85";"Acidente c";"292";"BR-101/SC";"Sul";"Colisão - Traseira";1;0;1;0;0;0;0;0;0;0;2;1;0;0;0
"25/11/2022";"18:06:00";"135";"Acidente s";"297";"BR-101/SC";"Sul";"Choque Defensa";1;0;0;0;0;0;0;0;0;0;1;0;0;0;0
"25/11/2022";"21:30:00";"160";"Acidente s";"353";"BR-101/SC";"Norte";"Choque Defensa";1;0;1;0;0;0;0;0;0;0;2;0;0;0;0
"25/11/2022";"23:59:00";"169";"Acidente c";"434";"BR-101/SC";"Sul";"Choque Defensa";2;0;0;0;0;0;0;0;0;0;3;0;1;0;0
"26/11/2022";"02:28:00";"8";"Acidente s";"282";"BR-101/SC";"Ambos";"Colisão - Lateral";0;0;1;1;0;0;0;0;0;0;2;0;0;0;0
"26/11/2022";"05:04:00";"13";"Acidente c";"367";"BR-101/SC";"Sul";"Capotamento";1;0;0;0;0;0;0;0;0;0;1;1;0;0;0
"26/11/2022";"08:09:00";"29";"Acidente s";"407";"BR-101/SC";"Sul";"Saída de pista";1;0;0;0;0;0;0;0;0;0;1;0;0;0;0
"26/11/2022";"10:07:00";"47";"Acidente s";"337";"BR-101/SC";"Sul";"Colisão - Lateral";1;0;1;0;0;0;0;0;0;0;2;0;0;0;0
"26/11/2022";"10:44:00";"48";"Acidente s";"363";"BR-101/SC";"Norte";"Colisão - Traseira";1;0;1;0;0;0;0;0;0;0;2;0;0;0;0
"26/11/2022";"11:05:00";"50";"Acidente s";"404";"BR-101/SC";"Norte";"Colisão - Traseira";2;0;0;0;0;0;0;0;0;0;5;0;0;0;0
"26/11/2022";"12:16:00";"55";"Acidente s";"336";"BR-101/SC";"Norte";"Choque Barreira";1;0;0;0;0;0;0;0;0;0;2;0;0;0;0
"26/11/2022";"19:08:00";"90";"Acidente s";"359";"BR-101/SC";"Norte";"Saída de pista";1;0;0;0;0;0;0;0;0;0;1;0;0;0;0
"26/11/2022";"20:10:00";"93";"Acidente s";"260";"BR-101/SC";"Norte";"Choque Defensa";1;0;0;0;0;0;0;0;0;0;1;0;0;0;0
"27/11/2022";"09:01:00";"32";"Acidente s";"273";"BR-101/SC";"Sul";"Outros";1;0;0;0;0;0;0;0;0;0;1;0;0;0;0
"27/11/2022";"14:39:00";"61";"Acidente s";"408";"BR-101/SC";"Norte";"Choque Barreira";1;0;0;0;0;0;0;0;0;0;1;0;0;0;0
"27/11/2022";"15:58:00";"69";"Acidente s";"298";"BR-101/SC";"Sul";"Colisão - Traseira";1;0;1;0;0;0;0;0;0;0;5;0;0;0;0
"27/11/2022";"18:52:00";"83";"Acidente s";"419";"BR-101/SC";"Norte";"Choque Defensa";1;0;0;0;0;0;0;0;0;0;1;0;0;0;0
"27/11/2022";"19:53:00";"88";"Acidente s";"415";"BR-101/SC";"Sul";"Queda de moto";0;0;0;1;0;0;0;0;0;0;2;0;0;0;0
"28/11/2022";"00:35:00";"5";"Acidente s";"358";"BR-101/SC";"Sul";"Saída de pista";1;0;0;0;0;0;0;0;0;0;1;0;0;0;0
"28/11/2022";"10:03:00";"64";"Acidente s";"419";"BR-101/SC";"Sul";"Colisão - Lateral";2;0;0;0;0;0;0;0;0;0;2;0;0;0;0
"28/11/2022";"10:40:00";"66";"Acidente s";"336";"BR-101/SC";"Sul";"Choque Barreira";1;0;0;0;0;0;0;0;0;0;2;0;0;0;0
"28/11/2022";"18:55:00";"110";"Acidente c";"292";"BR-101/SC";"Sul";"Colisão - Lateral";0;0;1;1;0;0;0;0;0;0;1;1;0;0;0
"29/11/2022";"05:48:00";"13";"Acidente c";"298";"BR-101/SC";"Sul";"Colisão - Traseira";1;0;1;0;0;0;0;0;0;0;2;1;0;0;0
"29/11/2022";"20:32:00";"128";"Acidente s";"270";"BR-101/SC";"Sul";"Saída de pista";1;0;1;0;0;0;0;0;0;0;1;0;0;0;0
"01/12/2022";"10:14:00";"42";"Acidente s";"407";"BR-101/SC";"Sul";"Colisão - Traseira";2;0;0;0;0;0;0;0;0;0;2;0;0;0;0
"02/12/2022";"03:31:00";"4";"Acidente s";"329";"BR-101/SC";"Norte";"Atropelamento de Animal";1;0;0;0;0;0;0;0;0;0;1;0;0;0;0
"02/12/2022";"07:45:00";"25";"Acidente s";"344";"BR-101/SC";"Norte";"Colisão - Traseira";1;0;0;0;0;0;0;1;0;0;2;0;0;0;0
"02/12/2022";"11:52:00";"70";"Acidente s";"428";"BR-101/SC";"Sul";"Choque Defensa";1;0;0;0;0;0;0;0;0;0;1;0;0;0;0
"02/12/2022";"12:30:00";"75";"Acidente c";"286";"BR-101/SC";"Sul";"Colisão - Lateral";1;0;0;0;0;0;0;1;0;0;2;0;0;0;0
"02/12/2022";"12:55:00";"79";"Acidente s";"286";"BR-101/SC";"Sul";"Colisão - Traseira";2;0;0;0;0;0;0;0;0;0;4;0;0;0;0
"02/12/2022";"14:31:00";"95";"Acidente c";"332";"BR-101/SC";"Sul";"Saída de pista";1;0;0;1;0;0;0;0;0;0;2;0;1;0;0
"02/12/2022";"15:07:00";"100";"Acidente c";"425";"BR-101/SC";"Sul";"Colisão - Lateral";2;0;0;1;0;0;0;0;0;0;4;0;1;0;0
"02/12/2022";"16:55:00";"107";"Acidente s";"277";"BR-101/SC";"Ambos";"Colisão - Transversal";2;0;0;0;0;0;0;0;0;0;3;0;0;0;0
"03/12/2022";"01:01:00";"6";"Acidente s";"290";"BR-101/SC";"Sul";"Colisão - Transversal";0;0;0;0;0;0;0;0;0;2;3;0;0;0;0
"03/12/2022";"01:46:00";"7";"Acidente s";"328";"BR-101/SC";"Norte";"Choque Defensa";1;0;0;0;0;0;0;0;0;0;1;0;0;0;0
"03/12/2022";"02:18:00";"8";"Atropelame";"350";"BR-101/SC";"Norte";"Outros";1;0;0;0;0;0;0;0;0;0;0;1;0;0;1
"03/12/2022";"06:32:00";"17";"Acidente s";"333";"BR-101/SC";"Norte";"Outros";1;0;0;0;0;0;0;0;0;0;1;0;0;0;0
"03/12/2022";"11:41:00";"61";"Acidente c";"323";"BR-101/SC";"Ambos";"Outros";1;0;0;0;0;0;0;0;0;0;1;1;0;0;0
"03/12/2022";"20:41:00";"107";"Acidente c";"286";"BR-101/SC";"Sul";"Queda de moto";0;0;0;1;0;0;0;0;0;0;1;0;1;0;0
"03/12/2022";"22:00:00";"114";"Acidente s";"271";"BR-101/SC";"Sul";"Saída de pista";1;0;0;0;0;0;0;0;0;0;4;0;0;0;0
"04/12/2022";"00:42:00";"4";"Acidente s";"343";"BR-101/SC";"Sul";"Saída de pista";1;0;0;0;0;0;0;0;0;0;4;0;0;0;0
"04/12/2022";"06:17:00";"15";"Acidente s";"331,6";"BR-101/SC";"Norte";"Colisão - Transversal";2;0;0;0;0;0;0;0;0;0;3;0;0;0;0
"04/12/2022";"18:29:00";"72";"Acidente s";"340";"BR-101/SC";"Sul";"Colisão - Frontal";2;0;0;0;0;0;0;0;0;0;3;0;0;0;0
"04/12/2022";"19:25:00";"74";"Acidente s";"334";"BR-101/SC";"Norte";"Colisão - Lateral";2;0;0;0;0;0;0;0;0;0;7;0;0;0;0
"04/12/2022";"22:02:00";"83";"Acidente s";"382";"BR-101/SC";"Sul";"Saída de pista";1;0;0;0;0;0;0;0;0;0;3;0;0;0;0
"05/12/2022";"03:51:00";"8";"Acidente s";"384,8";"BR-101/SC";"Norte";"Choque Defensa";1;0;0;0;0;0;0;0;0;0;3;0;0;0;0
"05/12/2022";"09:03:00";"54";"Acidente c";"382";"BR-101/SC";"Sul";"Saída de pista";1;0;0;0;0;0;0;0;0;0;0;0;1;0;0
"05/12/2022";"11:42:00";"79";"Acidente s";"399";"BR-101/SC";"Norte";"Colisão - Lateral";2;0;0;0;0;0;0;0;0;0;3;0;0;0;0
"05/12/2022";"18:10:00";"115";"Acidente c";"400";"BR-101/SC";"Norte";"Colisão - Lateral";1;0;0;1;0;0;0;0;0;0;1;0;1;0;0
"06/12/2022";"01:16:00";"6";"Acidente s";"267";"BR-101/SC";"Sul";"Colisão - Lateral";2;0;0;0;0;0;0;0;0;0;1;3;0;0;0
"06/12/2022";"04:24:00";"9";"Acidente s";"344";"BR-101/SC";"Sul";"Saída de pista";1;0;0;0;0;0;0;0;0;0;3;0;0;0;0
"06/12/2022";"07:05:00";"23";"Acidente c";"357";"BR-101/SC";"Norte";"Saída de pista";1;0;0;0;0;0;0;0;0;0;1;2;0;0;0
"06/12/2022";"17:11:00";"97";"Acidente s";"282";"BR-101/SC";"Norte";"Outros";2;0;0;0;0;0;0;0;0;0;2;0;0;0;0
"06/12/2022";"18:00:00";"100";"Acidente s";"289";"BR-101/SC";"Sul";"Colisão - Traseira";2;0;0;0;0;0;0;0;0;0;2;0;0;0;0
"06/12/2022";"18:10:00";"102";"Acidente c";"357";"BR-101/SC";"Sul";"Colisão - Frontal";2;0;0;0;0;0;0;0;0;0;4;1;0;0;0
"06/12/2022";"20:35:00";"113";"Acidente s";"363";"BR-101/SC";"Sul";"Atropelamento de Animal";1;0;0;0;0;0;0;0;0;0;2;0;0;0;0
"07/12/2022";"03:29:00";"10";"Acidente c";"326";"BR-101/SC";"Sul";"Colisão - Traseira";0;0;2;0;0;0;0;0;0;0;1;1;0;0;0
"07/12/2022";"04:16:00";"11";"Acidente s";"344";"BR-101/SC";"Sul";"Saída de pista";1;0;0;0;0;0;0;0;0;0;1;0;0;0;0
"08/12/2022";"03:53:00";"9";"Acidente s";"367";"BR-101/SC";"Sul";"Saída de pista";0;0;1;0;0;0;0;0;0;0;1;0;0;0;0
"08/12/2022";"06:11:00";"16";"Acidente s";"298";"BR-101/SC";"Norte";"Colisão - Traseira";2;0;0;0;0;0;0;0;0;0;2;0;0;0;0
"08/12/2022";"11:34:00";"79";"Acidente s";"371";"BR-101/SC";"Sul";"Colisão - Lateral";2;0;0;0;0;0;0;0;0;0;1;0;0;0;0
"08/12/2022";"22:57:00";"141";"Acidente c";"388";"BR-101/SC";"Sul";"Colisão - Traseira";0;0;0;0;0;0;0;1;0;1;1;1;0;0;0
"09/12/2022";"07:42:00";"35";"Acidente c";"331";"BR-101/SC";"Sul";"Colisão - Traseira";1;0;0;0;0;0;0;1;0;0;1;1;0;0;0
"09/12/2022";"15:17:00";"121";"Acidente c";"306";"BR-101/SC";"Sul";"Outros";1;0;0;0;0;0;0;0;0;0;0;0;1;0;0