data;horario;n_da_ocorrencia;tipo_de_ocorrencia;km;trecho;sentido;tipo_de_acidente;automovel;bicicleta;caminhao;moto;onibus;outros;tracao_animal;transporte_de_cargas_especiais;trator_maquinas;utilitarios;ilesos;levemente_feridos;moderadamente_feridos;gravemente_feridos;mortos
"02/04/2023";"13:19:00";"51";"Acidente s";"451";"BR-101/SC";"Norte";"Saída de pista";1;0;0;0;0;0;0;0;0;0;3;0;0;0;0
"03/04/2023";"01:38:00";"7";"Acidente s";"285";"BR-101/SC";"Norte";"Queda de moto";0;0;0;1;0;0;0;0;0;0;2;0;0;0;0
"03/04/2023";"13:46:00";"79";"Acidente s";"367";"BR-101/SC";"Sul";"Saída de pista";1;0;0;0;0;0;0;0;0;1;2;0;0;0;0
"03/04/2023";"14:46:00";"85";"Acidente c";"369";"BR-101/SC";"Norte";"Queda de moto";0;0;0;1;0;0;0;0;0;0;0;1;0;0;0
"03/04/2023";"23:58:00";"122";"Acidente s";"282";"BR-101/SC";"Norte";"Saída de pista";1;0;0;0;0;0;0;0;0;0;2;0;0;0;0
"04/04/2023";"07:43:00";"21";"Acidente s";"327";"BR-101/SC";"Sul";"Tombamento";1;0;0;0;0;0;0;0;0;0;1;0;0;0;0
"04/04/2023";"11:13:00";"67";"Atropelame";"361";"BR-101/SC";"Norte";"Atropelamento - Usuário";1;0;0;1;0;0;0;0;0;0;1;0;0;1;0
"04/04/2023";"15:41:00";"95";"Acidente c";"282";"BR-101/SC";"Sul";"Choque Defensa";1;0;0;0;0;0;0;0;0;1;1;1;0;0;0
"04/04/2023";"16:48:00";"105";"Acidente s";"357";"BR-101/SC";"Norte";"Saída de pista";1;0;0;0;0;0;0;0;0;0;1;0;0;0;0
"04/04/2023";"17:08:00";"108";"Acidente c";"275";"BR-101/SC";"Sul";"Colisão - Traseira";1;0;0;1;0;0;0;0;0;0;2;1;0;0;0
"04/04/2023";"17:33:00";"112";"Acidente c";"342";"BR-101/SC";"Sul";"Colisão - Traseira";1;0;0;1;0;0;0;0;0;0;3;1;0;0;0
"04/04/2023";"17:52:00";"114";"Acidente s";"365";"BR-101/SC";"Ambos";"Saída de pista";0;0;0;0;0;0;0;0;0;1;1;0;0;0;0
"04/04/2023";"19:24:00";"121";"Acidente s";"385";"BR-101/SC";"Norte";"Saída de pista";0;0;0;0;0;0;0;0;0;1;2;0;0;0;0
"04/04/2023";"21:00:00";"126";"Acidente s";"322";"BR-101/SC";"Sul";"Queda de moto";0;0;0;1;0;0;0;0;0;0;1;0;0;0;0
"04/04/2023";"23:12:00";"130";"Acidente c";"250";"BR-101/SC";"Norte";"Colisão - Traseira";0;0;0;0;0;0;0;1;0;1;1;0;1;0;0
"05/04/2023";"06:58:00";"17";"Acidente c";"278";"BR-101/SC";"Norte";"Queda de moto";0;0;0;1;0;0;0;0;0;0;0;1;1;0;0
"05/04/2023";"14:00:00";"105";"Acidente c";"363";"BR-101/SC";"Norte";"Colisão - Traseira";0;0;1;0;0;0;0;1;0;0;1;0;1;0;0
"05/04/2023";"15:16:00";"112";"Acidente c";"297";"BR-101/SC";"Sul";"Queda de moto";0;0;0;1;0;0;0;0;0;0;0;0;1;0;0
"05/04/2023";"20:36:00";"131";"Acidente c";"291";"BR-101/SC";"Sul";"Colisão - Traseira";0;0;1;1;0;0;0;0;0;0;1;0;0;1;0
"05/04/2023";"23:16:00";"141";"Acidente c";"276";"BR-101/SC";"Norte";"Colisão - Traseira";0;0;0;0;0;0;0;2;0;0;1;0;1;0;0
"06/04/2023";"01:11:00";"1";"Acidente s";"374";"BR-101/SC";"Norte";"Saída de pista";1;0;0;0;0;0;0;0;0;0;2;0;0;0;0
"06/04/2023";"05:47:00";"9";"Acidente c";"374";"BR-101/SC";"Norte";"Capotamento";1;0;0;0;0;0;0;0;0;0;0;2;2;1;0
"06/04/2023";"12:10:00";"77";"Acidente s";"458";"BR-101/SC";"Norte";"Colisão - Lateral";1;0;0;0;0;0;0;0;0;1;2;0;0;0;0
"06/04/2023";"13:11:00";"85";"Acidente s";"411";"BR-101/SC";"Norte";"Atropelamento de Animal";1;0;0;0;0;0;0;0;0;0;4;0;0;0;0
"06/04/2023";"17:43:00";"113";"Acidente s";"257";"BR-101/SC";"Norte";"Saída de pista";1;0;0;0;0;0;0;0;0;0;2;0;0;0;0
"06/04/2023";"18:32:00";"117";"Acidente s";"323";"BR-101/SC";"Sul";"Colisão - Traseira";2;0;0;0;0;0;0;0;0;1;4;0;0;0;0
"06/04/2023";"18:46:00";"120";"Acidente c";"331";"BR-101/SC";"Sul";"Colisão - Transversal";1;0;0;1;0;0;0;0;0;0;1;1;0;0;0
"06/04/2023";"21:30:00";"134";"Acidente s";"367";"BR-101/SC";"Norte";"Saída de pista";1;0;0;0;0;0;0;0;0;0;2;0;0;0;0
"06/04/2023";"23:41:00";"148";"Acidente c";"308";"BR-101/SC";"Norte";"Saída de pista";1;0;0;0;0;0;0;0;0;0;3;1;0;0;0
"07/04/2023";"00:05:00";"1";"Acidente c";"272";"BR-101/SC";"Sul";"Engavetamento";3;0;0;0;0;0;0;1;0;0;6;0;0;2;0
"07/04/2023";"02:10:00";"9";"Acidente s";"371";"BR-101/SC";"Norte";"Colisão - Traseira";1;0;0;0;0;0;0;0;0;1;3;0;0;0;0
"07/04/2023";"02:25:00";"10";"Acidente s";"356,56";"BR-101/SC";"Norte";"Saída de pista";1;0;0;0;0;0;0;0;0;0;1;0;0;0;0
"07/04/2023";"02:50:00";"11";"Acidente s";"404";"BR-101/SC";"Norte";"Capotamento";1;0;0;0;0;0;0;0;0;0;1;0;0;0;0
"07/04/2023";"03:45:00";"13";"Acidente s";"331";"BR-101/SC";"Norte";"Capotamento";1;0;0;0;0;0;0;0;0;0;1;0;0;0;0
"07/04/2023";"04:29:00";"15";"Acidente s";"429";"BR-101/SC";"Sul";"Saída de pista";1;0;0;0;0;0;0;0;0;0;2;0;0;0;0
"07/04/2023";"04:34:00";"16";"Acidente s";"268";"BR-101/SC";"Sul";"Saída de pista";1;0;0;0;0;0;0;0;0;0;0;1;0;0;0
"07/04/2023";"08:32:00";"28";"Acidente s";"453";"BR-101/SC";"Sul";"Saída de pista";1;0;0;0;0;0;0;0;0;0;1;0;0;0;0
"07/04/2023";"11:39:00";"49";"Acidente c";"384";"BR-101/SC";"Norte";"Colisão - Lateral";1;0;0;1;0;0;0;0;0;0;1;0;1;0;0
"07/04/2023";"12:19:00";"56";"Acidente s";"257";"BR-101/SC";"Norte";"Saída de pista";1;0;0;0;0;0;0;0;0;0;2;0;0;0;0
"07/04/2023";"13:30:00";"59";"Acidente c";"415";"BR-101/SC";"Norte";"Colisão - Traseira";1;0;0;1;0;0;0;0;0;0;1;0;1;0;0
"07/04/2023";"19:03:00";"77";"Acidente s";"349";"BR-101/SC";"Sul";"Saída de pista";1;0;0;0;0;0;0;0;0;0;2;0;0;0;0
"07/04/2023";"23:11:00";"88";"Acidente s";"336";"BR-101/SC";"Norte";"Saída de pista";1;0;0;0;0;0;0;0;0;0;1;0;0;0;0
"08/04/2023";"04:49:00";"10";"Acidente s";"336";"BR-101/SC";"Sul";"Colisão - Traseira";1;0;0;1;0;0;0;0;0;0;2;0;0;0;0
"08/04/2023";"14:27:00";"50";"Acidente s";"259";"BR-101/SC";"Sul";"Saída de pista";1;0;0;0;0;0;0;0;0;0;1;0;0;0;0
"08/04/2023";"21:14:00";"82";"Acidente s";"361";"BR-101/SC";"Norte";"Choque Defensa";1;0;0;0;0;0;0;0;0;0;5;0;0;0;0
"08/04/2023";"22:59:00";"84";"Acidente s";"275";"BR-101/SC";"Norte";"Saída de pista";1;0;0;0;0;0;0;0;0;0;1;0;0;0;0
"09/04/2023";"01:04:00";"3";"Acidente s";"368";"BR-101/SC";"Sul";"Saída de pista";1;0;0;0;0;0;0;0;0;0;1;0;0;0;0
"09/04/2023";"01:45:00";"4";"Acidente c";"416";"BR-101/SC";"Sul";"Colisão - Traseira";2;0;0;0;0;0;0;0;0;0;1;0;1;0;0
"09/04/2023";"03:44:00";"10";"Acidente c";"360";"BR-101/SC";"Sul";"Saída de pista";1;0;0;0;0;0;0;0;0;0;0;1;0;0;0
"09/04/2023";"04:27:00";"11";"Acidente c";"403";"BR-101/SC";"Sul";"Colisão - Traseira";4;0;0;0;0;0;0;0;0;0;6;1;0;0;0
"09/04/2023";"05:49:00";"17";"Acidente s";"311";"BR-101/SC";"Norte";"Saída de pista";1;0;0;0;0;0;0;0;0;0;1;0;0;0;0
"09/04/2023";"05:52:00";"18";"Acidente s";"316";"BR-101/SC";"Norte";"Saída de pista";1;0;0;0;0;0;0;0;0;0;1;0;0;0;0
"09/04/2023";"19:21:00";"75";"Acidente c";"275";"BR-101/SC";"Sul";"Choque Defensa";1;0;0;0;0;0;0;0;0;0;1;1;0;0;0
"09/04/2023";"21:01:00";"89";"Acidente s";"417";"BR-101/SC";"Sul";"Saída de pista";0;0;0;0;0;0;0;0;0;0;2;0;0;0;0
"10/04/2023";"02:29:00";"9";"Acidente s";"333";"BR-101/SC";"Sul";"Atropelamento de Animal";1;0;0;0;0;0;0;0;0;0;5;0;0;0;0
"10/04/2023";"08:39:00";"51";"Acidente s";"250";"BR-101/SC";"Norte";"Colisão - Traseira";3;0;0;0;0;0;0;0;0;0;5;0;0;0;0
"10/04/2023";"14:21:00";"98";"Acidente s";"337";"BR-101/SC";"Norte";"Saída de pista";1;0;0;0;0;0;0;0;0;0;1;0;0;0;0
"10/04/2023";"15:03:00";"103";"Acidente c";"377";"BR-101/SC";"Norte";"Colisão - Traseira";1;0;1;0;0;0;0;0;0;0;2;1;0;0;0
"11/04/2023";"08:01:00";"33";"Acidente s";"253";"BR-101/SC";"Norte";"Colisão - Traseira";3;0;0;0;0;0;0;0;0;0;4;0;0;0;0
"11/04/2023";"13:04:00";"101";"Acidente s";"425";"BR-101/SC";"Norte";"Colisão - Lateral";0;0;0;0;0;0;0;1;0;1;2;0;0;0;0
"11/04/2023";"16:35:00";"133";"Acidente s";"323";"BR-101/SC";"Norte";"Colisão - Frontal";1;0;0;0;0;0;0;0;0;1;2;0;0;0;0
"11/04/2023";"18:56:00";"144";"Acidente s";"290";"BR-101/SC";"Sul";"Atropelamento de Animal";4;0;1;0;0;0;0;0;0;0;7;0;0;0;0
"12/04/2023";"05:51:00";"10";"Acidente s";"316";"BR-101/SC";"Sul";"Saída de pista";1;0;0;0;0;0;0;0;0;0;1;0;0;0;0
"12/04/2023";"10:52:00";"75";"Acidente s";"328";"BR-101/SC";"Norte";"Colisão - Traseira";1;0;0;0;0;0;0;0;0;1;3;0;0;0;0
"12/04/2023";"19:35:00";"124";"Atropelame";"422";"BR-101/SC";"Norte";"Atropelamento - Andarilho";0;0;0;1;0;0;0;0;0;0;1;1;0;0;0
"12/04/2023";"19:42:00";"125";"Acidente c";"275";"BR-101/SC";"Sul";"Queda de moto";0;0;0;1;0;0;0;0;0;0;0;0;1;0;0
"12/04/2023";"20:59:00";"131";"Acidente s";"270";"BR-101/SC";"Sul";"Atropelamento de Animal";1;0;0;0;0;0;0;0;0;0;1;0;0;0;0
"12/04/2023";"21:43:00";"138";"Acidente c";"324";"BR-101/SC";"Norte";"Queda de moto";0;0;0;1;0;0;0;0;0;0;0;1;0;0;0
"14/04/2023";"06:18:00";"9";"Acidente c";"374";"BR-101/SC";"Sul";"Saída de pista";0;0;0;0;0;0;0;1;0;0;0;1;0;0;0
"14/04/2023";"11:46:00";"73";"Acidente s";"264";"BR-101/SC";"Norte";"Queda de ribanceira";1;0;0;0;0;0;0;0;0;0;1;0;0;0;0
"14/04/2023";"13:14:00";"78";"Acidente s";"335";"BR-101/SC";"Norte";"Choque Barreira";1;0;0;0;0;0;0;0;0;0;1;0;0;0;0
"14/04/2023";"14:10:00";"88";"Acidente s";"335";"BR-101/SC";"Norte";"Colisão - Traseira";0;0;1;0;0;0;0;0;0;1;2;0;0;0;0
"14/04/2023";"14:27:00";"91";"Acidente s";"280";"BR-101/SC";"Norte";"Saída de pista";0;0;0;0;0;0;0;1;0;0;1;0;0;0;0
"14/04/2023";"20:13:00";"134";"Acidente s";"332";"BR-101/SC";"Sul";"Colisão - Traseira";2;0;0;0;0;0;0;0;0;0;4;0;0;0;0
"14/04/2023";"20:36:00";"136";"Acidente c";"319";"BR-101/SC";"Norte";"Engavetamento";4;0;1;0;0;0;0;0;0;0;5;0;1;0;0
"15/04/2023";"14:11:00";"68";"Acidente s";"381";"BR-101/SC";"Norte";"Colisão - Transversal";2;0;0;0;0;0;0;0;0;0;2;0;0;0;0
"15/04/2023";"21:01:00";"109";"Acidente s";"282";"BR-101/SC";"Sul";"Choque Defensa";1;0;0;0;0;0;0;0;0;0;1;0;0;0;0
"15/04/2023";"23:14:00";"122";"Acidente c";"271";"BR-101/SC";"Sul";"Saída de pista";0;0;0;1;0;0;0;0;0;0;0;0;1;0;0
"16/04/2023";"03:17:00";"7";"Acidente s";"421";"BR-101/SC";"Sul";"Saída de pista";0;0;0;0;0;0;0;1;0;0;1;0;0;0;0
"16/04/2023";"10:26:00";"47";"Acidente c";"310";"BR-101/SC";"Sul";"Colisão - Traseira";2;0;0;1;0;0;0;0;0;0;5;0;0;0;1
"16/04/2023";"12:21:00";"63";"Acidente s";"275";"BR-101/SC";"Norte";"Colisão - Lateral";1;0;0;0;0;0;0;0;0;1;4;0;0;0;0
"16/04/2023";"13:52:00";"68";"Acidente s";"339";"BR-101/SC";"Ambos";"Colisão - Lateral";2;0;0;0;0;0;0;0;0;0;5;0;0;0;0
"16/04/2023";"18:43:00";"85";"Acidente s";"404";"BR-101/SC";"Norte";"Saída de pista";1;0;0;0;0;0;0;0;0;0;2;0;0;0;0
"16/04/2023";"20:12:00";"95";"Acidente s";"373";"BR-101/SC";"Sul";"Saída de pista";1;0;0;0;0;0;0;0;0;0;4;0;0;0;0
"16/04/2023";"21:03:00";"99";"Acidente s";"344";"BR-101/SC";"Sul";"Saída de pista";1;0;0;0;0;0;0;0;0;0;2;0;0;0;0
"16/04/2023";"21:15:00";"100";"Acidente s";"275";"BR-101/SC";"Norte";"Saída de pista";1;0;0;0;0;0;0;0;0;0;1;0;0;0;0
"16/04/2023";"21:50:00";"103";"Atropelame";"419";"BR-101/SC";"Norte";"Atropelamento - Morador/Trabalhador/Estudante";1;0;0;1;0;0;0;0;0;0;2;0;0;0;0
"16/04/2023";"22:56:00";"106";"Acidente s";"306";"BR-101/SC";"Sul";"Saída de pista";1;0;0;0;0;0;0;0;0;0;3;0;0;0;0
"17/04/2023";"00:06:00";"1";"Acidente c";"307";"BR-101/SC";"Norte";"Saída de pista";1;0;0;0;0;0;0;0;0;0;0;4;0;0;0
"17/04/2023";"00:21:00";"3";"Acidente s";"276";"BR-101/SC";"Norte";"Colisão - Traseira";1;0;0;0;0;0;0;1;0;0;3;0;0;0;0
"17/04/2023";"04:23:00";"11";"Acidente s";"416";"BR-101/SC";"Sul";"Colisão - Traseira";0;0;0;0;0;0;0;0;0;2;2;0;0;0;0
"17/04/2023";"09:40:00";"69";"Acidente s";"277";"BR-101/SC";"Norte";"Colisão - Transversal";1;0;0;0;0;0;0;0;0;1;4;0;0;0;0
"17/04/2023";"18:42:00";"118";"Acidente c";"340";"BR-101/SC";"Sul";"Queda de moto";0;0;0;1;0;0;0;0;0;0;0;1;0;0;0
"18/04/2023";"00:07:00";"3";"Acidente s";"310";"BR-101/SC";"Norte";"Choque Barreira";1;0;0;0;0;0;0;0;0;0;1;0;0;0;0
"18/04/2023";"03:36:00";"11";"Acidente s";"298";"BR-101/SC";"Sul";"Colisão - Traseira";0;0;0;0;0;0;0;0;0;2;2;0;0;0;0
"18/04/2023";"11:52:00";"100";"Acidente c";"372";"BR-101/SC";"Sul";"Saída de pista";1;0;0;0;0;0;0;0;0;0;0;2;0;0;0
"18/04/2023";"16:17:00";"123";"Acidente s";"385";"BR-101/SC";"Norte";"Colisão - Lateral";1;0;0;0;0;0;0;1;0;0;2;0;0;0;0
"18/04/2023";"20:25:00";"140";"Acidente c";"247";"BR-101/SC";"Sul";"Atropelamento de Animal";2;0;0;0;0;0;0;0;0;0;1;3;1;0;0
"19/04/2023";"09:56:00";"67";"Acidente s";"418";"BR-101/SC";"Norte";"Colisão - Lateral";2;0;0;0;0;0;0;0;0;0;3;0;0;0;0
"19/04/2023";"18:52:00";"127";"Acidente s";"344";"BR-101/SC";"Sul";"Saída de pista";1;0;0;0;0;0;0;0;0;0;2;0;0;0;0
"19/04/2023";"19:37:00";"130";"Acidente s";"298";"BR-101/SC";"Sul";"Choque Praça - Submarino";1;0;0;0;0;0;0;0;0;0;2;0;0;0;0
"19/04/2023";"19:44:00";"132";"Acidente s";"415";"BR-101/SC";"Norte";"Choque Defensa";1;0;0;0;0;0;0;0;0;0;3;0;0;0;0
"20/04/2023";"08:09:00";"47";"Acidente c";"253";"BR-101/SC";"Norte";"Colisão - Transversal";1;0;0;1;0;0;0;0;0;0;1;0;2;0;0
"20/04/2023";"20:02:00";"126";"Acidente s";"309";"BR-101/SC";"Norte";"Saída de pista";1;0;0;0;0;0;0;0;0;0;1;0;0;0;0
"20/04/2023";"22:24:00";"147";"Acidente c";"360";"BR-101/SC";"Norte";"Atropelamento de Animal";0;0;0;1;0;0;0;0;0;0;0;1;0;0;0
"21/04/2023";"07:43:00";"24";"Acidente s";"464";"BR-101/SC";"Norte";"Saída de pista";1;0;0;0;0;0;0;0;0;0;2;0;0;0;0
"21/04/2023";"09:09:00";"46";"Acidente s";"404";"BR-101/SC";"Sul";"Colisão - Traseira";2;0;0;0;0;0;0;0;0;0;2;0;0;0;0
"21/04/2023";"10:51:00";"59";"Acidente c";"415";"BR-101/SC";"Norte";"Colisão - Lateral";1;0;0;1;0;0;0;0;0;0;1;0;1;0;0
"21/04/2023";"15:26:00";"88";"Acidente s";"349";"BR-101/SC";"Norte";"Colisão - Traseira";1;0;1;0;0;0;0;0;0;0;3;0;0;0;0
"21/04/2023";"16:56:00";"94";"Acidente c";"426";"BR-101/SC";"Sul";"Queda de moto";0;0;0;1;0;0;0;0;0;0;0;1;1;0;0
"22/04/2023";"04:25:00";"5";"Acidente s";"362";"BR-101/SC";"Sul";"Choque Defensa";1;0;0;0;0;0;0;0;0;0;1;0;0;0;0
"22/04/2023";"07:46:00";"21";"Acidente s";"458";"BR-101/SC";"Sul";"Colisão - Traseira";2;0;0;0;0;0;0;0;0;0;4;0;0;0;0
"22/04/2023";"18:54:00";"75";"Acidente s";"298";"BR-101/SC";"Norte";"Colisão - Traseira";2;0;0;0;0;0;0;0;0;0;8;0;0;0;0
"22/04/2023";"20:24:00";"81";"Acidente s";"339";"BR-101/SC";"Norte";"Choque Barreira";1;0;0;0;0;0;0;0;0;0;2;0;0;0;0
"23/04/2023";"01:56:00";"1";"Acidente s";"360";"BR-101/SC";"Sul";"Capotamento";1;0;0;0;0;0;0;0;0;0;1;0;0;0;0
"23/04/2023";"05:28:00";"7";"Acidente s";"316";"BR-101/SC";"Sul";"Saída de pista";1;0;0;0;0;0;0;0;0;0;1;0;0;0;0
"23/04/2023";"08:19:00";"27";"Acidente s";"405";"BR-101/SC";"Sul";"Saída de pista";1;0;0;0;0;0;0;0;0;0;1;0;0;0;0
"23/04/2023";"17:20:00";"77";"Acidente c";"245";"BR-101/SC";"Norte";"Queda de moto";0;0;0;1;0;0;0;0;0;0;0;1;0;0;0
"23/04/2023";"17:23:00";"75";"Acidente s";"403";"BR-101/SC";"Sul";"Colisão - Traseira";1;0;0;0;0;0;0;1;0;0;2;0;0;0;0
"24/04/2023";"12:23:00";"85";"Acidente c";"284";"BR-101/SC";"Sul";"Colisão - Lateral";1;0;0;0;0;0;0;1;0;0;1;1;0;0;0
"24/04/2023";"19:05:00";"120";"Acidente c";"333";"BR-101/SC";"Norte";"Colisão - Transversal";1;0;0;1;0;0;0;0;0;0;1;2;0;0;0
"25/04/2023";"06:15:00";"9";"Acidente c";"330,2";"BR-101/SC";"Norte";"Tombamento";0;0;0;0;0;0;0;0;0;1;4;11;0;0;0
"25/04/2023";"06:56:00";"10";"Acidente s";"443";"BR-101/SC";"Sul";"Colisão - Lateral";2;0;0;0;0;0;0;0;0;0;5;0;0;0;0
"25/04/2023";"07:57:00";"31";"Acidente s";"344";"BR-101/SC";"Norte";"Colisão - Traseira";1;0;0;0;0;0;0;1;0;0;4;0;0;0;0
"25/04/2023";"09:28:00";"67";"Acidente s";"250,06";"BR-101/SC";"Sul";"Colisão - Transversal";2;0;0;0;0;0;0;0;0;0;2;0;0;0;0
"25/04/2023";"10:44:00";"73";"Acidente c";"333";"BR-101/SC";"Norte";"Colisão - Lateral";1;0;0;1;0;0;0;0;0;0;1;1;1;0;0
"26/04/2023";"14:30:00";"113";"Acidente s";"291";"BR-101/SC";"Sul";"Choque Defensa";1;0;0;0;0;0;0;0;0;1;5;0;0;0;0
"26/04/2023";"17:03:00";"136";"Acidente s";"362";"BR-101/SC";"Norte";"Choque com objeto sobre a pista";1;0;1;0;0;0;0;0;0;0;2;0;0;0;0
"26/04/2023";"21:05:00";"154";"Acidente s";"313";"BR-101/SC";"Norte";"Choque Defensa";1;0;0;0;0;0;0;0;0;0;1;0;0;0;0
"27/04/2023";"01:37:00";"2";"Acidente s";"386";"BR-101/SC";"Sul";"Choque Defensa";1;0;0;0;0;0;0;0;0;0;2;0;0;0;0
"27/04/2023";"08:42:00";"65";"Acidente c";"328";"BR-101/SC";"Sul";"Colisão - Lateral";2;0;0;0;0;0;0;0;0;0;1;1;0;0;0
"27/04/2023";"13:12:00";"100";"Acidente c";"282";"BR-101/SC";"Ambos";"Colisão - Lateral";1;0;0;1;0;0;0;0;0;0;1;1;0;0;0
"27/04/2023";"17:23:00";"134";"Atropelame";"311";"BR-101/SC";"Norte";"Atropelamento - Esportista";1;0;0;1;0;0;0;0;0;0;1;0;1;0;0
"27/04/2023";"22:09:00";"164";"Acidente s";"360";"BR-101/SC";"Sul";"Saída de pista";1;0;0;0;0;0;0;0;0;0;1;0;0;0;0
"28/04/2023";"08:25:00";"51";"Acidente s";"443";"BR-101/SC";"Sul";"Saída de pista";0;0;0;0;0;0;0;0;0;1;1;0;0;0;0
"28/04/2023";"08:39:00";"58";"Acidente s";"278";"BR-101/SC";"Sul";"Choque Defensa";0;0;0;0;0;0;0;0;0;1;1;0;0;0;0
"28/04/2023";"21:01:00";"140";"Acidente s";"269";"BR-101/SC";"Sul";"Saída de pista";1;0;0;0;0;0;0;0;0;0;3;0;0;0;0
"28/04/2023";"23:08:00";"148";"Acidente s";"298";"BR-101/SC";"Sul";"Choque Praça - Cabine";0;0;0;0;0;0;0;1;0;0;1;0;0;0;0
"28/04/2023";"23:20:00";"149";"Acidente s";"266";"BR-101/SC";"Sul";"Colisão - Traseira";2;0;0;0;0;0;0;0;0;0;4;0;0;0;0
"29/04/2023";"00:43:00";"3";"Acidente s";"426";"BR-101/SC";"Norte";"Choque Barreira";1;0;0;0;0;0;0;0;0;0;2;0;0;0;0
"29/04/2023";"05:11:00";"9";"Acidente s";"352";"BR-101/SC";"Sul";"Capotamento";1;0;0;0;0;0;0;0;0;0;1;0;0;0;0
"29/04/2023";"08:20:00";"33";"Acidente s";"361";"BR-101/SC";"Sul";"Colisão - Lateral";1;0;0;0;0;0;0;1;0;0;5;0;0;0;0
"29/04/2023";"16:31:00";"81";"Acidente c";"330";"BR-101/SC";"Sul";"Queda de moto";0;0;0;1;0;0;0;0;0;0;0;1;0;0;0
"29/04/2023";"17:41:00";"85";"Acidente c";"319";"BR-101/SC";"Sul";"Colisão - Transversal";3;0;0;0;0;0;0;0;0;0;5;1;0;0;0
"29/04/2023";"19:36:00";"96";"Acidente c";"353";"BR-101/SC";"Norte";"Colisão - Traseira";0;0;0;2;0;0;0;0;0;0;0;2;0;0;0
"29/04/2023";"20:04:00";"100";"Acidente c";"418";"BR-101/SC";"Norte";"Colisão - Frontal";0;0;0;2;0;0;0;0;0;0;0;0;0;2;0
"29/04/2023";"22:01:00";"114";"Acidente s";"286";"BR-101/SC";"Norte";"Colisão - Lateral";1;0;1;0;0;0;0;0;0;0;3;0;0;0;0
"29/04/2023";"23:18:00";"121";"Acidente c";"428";"BR-101/SC";"Sul";"Atropelamento de Animal";2;0;0;0;0;0;0;0;0;0;3;0;1;1;0
"30/04/2023";"05:06:00";"9";"Acidente s";"402";"BR-101/SC";"Norte";"Saída de pista";1;0;0;0;0;0;0;0;0;0;1;0;0;0;0
"30/04/2023";"16:24:00";"83";"Atropelame";"308";"BR-101/SC";"Norte";"Atropelamento - Usuário";1;0;0;0;0;0;0;0;0;0;1;0;1;0;0
"30/04/2023";"17:37:00";"89";"Acidente c";"322";"BR-101/SC";"Sul";"Queda de moto";0;0;0;1;0;0;0;0;0;0;0;0;1;0;0
"01/05/2023";"06:57:00";"17";"Acidente s";"363";"BR-101/SC";"Norte";"Saída de pista";1;0;0;0;0;0;0;0;0;0;1;0;0;0;0
"01/05/2023";"07:37:00";"21";"Acidente s";"327";"BR-101/SC";"Norte";"Colisão - Lateral";2;0;0;0;0;0;0;0;0;0;2;0;0;0;0
"01/05/2023";"14:48:00";"56";"Acidente s";"382";"BR-101/SC";"Sul";"Colisão - Lateral";1;0;0;0;0;0;0;1;0;0;3;0;0;0;0
"01/05/2023";"17:05:00";"79";"Acidente c";"409";"BR-101/SC";"Sul";"Capotamento";1;0;0;0;0;0;0;0;0;0;4;1;0;0;0
"01/05/2023";"17:27:00";"80";"Acidente s";"312";"BR-101/SC";"Sul";"Colisão - Traseira";1;0;0;1;0;0;0;0;0;0;3;0;0;0;0
"01/05/2023";"22:31:00";"105";"Acidente c";"282";"BR-101/SC";"Sul";"Queda de moto";0;0;0;1;0;0;0;0;0;0;0;2;0;0;0
"02/05/2023";"01:56:00";"6";"Acidente s";"266";"BR-101/SC";"Norte";"Colisão - Traseira";2;0;0;0;0;0;0;0;0;0;6;0;0;0;0
"02/05/2023";"07:47:00";"48";"Acidente c";"328";"BR-101/SC";"Norte";"Queda de moto";1;0;0;0;0;0;0;0;0;0;0;1;0;0;0
"02/05/2023";"11:25:00";"91";"Acidente c";"362";"BR-101/SC";"Sul";"Queda de moto";1;0;0;0;0;0;0;0;0;0;0;1;0;0;0
"02/05/2023";"15:44:00";"113";"Acidente s";"265";"BR-101/SC";"Norte";"Saída de pista";1;0;0;0;0;0;0;0;0;0;2;0;0;0;0
"02/05/2023";"21:18:00";"137";"Acidente s";"360";"BR-101/SC";"Sul";"Queda de ribanceira";0;0;0;0;0;0;0;0;0;1;2;0;0;0;0
"03/05/2023";"00:39:00";"1";"Acidente s";"377,9";"BR-101/SC";"Sul";"Choque Defensa";1;0;0;0;0;0;0;0;0;0;4;0;0;0;0
"03/05/2023";"07:20:00";"22";"Acidente s";"371";"BR-101/SC";"Norte";"Saída de pista";1;0;0;0;0;0;0;0;0;0;1;0;0;0;0
"03/05/2023";"18:36:00";"122";"Acidente c";"431";"BR-101/SC";"Norte";"Colisão - Traseira";1;0;0;1;0;0;0;0;0;0;1;1;0;0;0
"03/05/2023";"22:42:00";"134";"Acidente s";"257";"BR-101/SC";"Sul";"Queda de moto";0;0;1;1;0;0;0;0;0;0;2;0;0;0;0
"03/05/2023";"23:26:00";"139";"Acidente c";"346";"BR-101/SC";"Norte";"Saída de pista";1;0;0;0;0;0;0;0;0;0;0;1;0;0;0
"04/05/2023";"14:00:00";"108";"Acidente c";"434";"BR-101/SC";"Sul";"Saída de pista";1;0;0;0;0;0;0;0;0;0;0;0;1;0;0
"04/05/2023";"15:45:00";"116";"Acidente s";"283";"BR-101/SC";"Sul";"Colisão - Lateral";1;0;2;0;0;0;0;0;0;0;5;0;0;0;0
"04/05/2023";"17:00:00";"121";"Acidente s";"331";"BR-101/SC";"Norte";"Colisão - Lateral";2;0;0;0;0;0;0;0;0;0;3;0;0;0;0