data;horario;n_da_ocorrencia;tipo_de_ocorrencia;km;trecho;sentido;tipo_de_acidente;automovel;bicicleta;caminhao;moto;onibus;outros;tracao_animal;transporte_de_cargas_especiais;trator_maquinas;utilitarios;ilesos;levemente_feridos;moderadamente_feridos;gravemente_feridos;mortos
"05/06/2023";"15:51:00";"121";"Atropelame";"277";"BR-101/SC";"Norte";"Atropelamento - Esportista";0;0;0;0;0;0;0;1;0;0;0;0;1;0;0
"05/06/2023";"18:27:00";"130";"Acidente c";"267";"BR-101/SC";"Norte";"Queda de moto";1;0;0;1;0;0;0;0;0;0;0;2;0;0;0
"05/06/2023";"19:32:00";"135";"Acidente c";"323";"BR-101/SC";"Norte";"Queda de moto";0;0;0;1;0;0;0;0;0;0;0;1;0;0;0
"05/06/2023";"22:42:00";"150";"Acidente s";"354";"BR-101/SC";"Norte";"Colisão - Traseira";1;0;0;0;0;0;0;1;0;0;2;0;0;0;0
"06/06/2023";"01:18:00";"2";"Acidente s";"422";"BR-101/SC";"Sul";"Choque Barreira";1;0;0;0;0;0;0;0;0;0;1;0;0;0;0
"06/06/2023";"01:37:00";"3";"Acidente s";"296";"BR-101/SC";"Norte";"Atropelamento de Animal";0;0;0;0;1;0;0;0;0;0;1;0;0;0;0
"06/06/2023";"16:02:00";"101";"Acidente c";"337";"BR-101/SC";"Norte";"Queda de moto";0;0;0;1;0;0;0;0;0;0;1;1;0;0;0
"06/06/2023";"18:28:00";"119";"Acidente s";"314";"BR-101/SC";"Sul";"Choque com objeto sobre a pista";3;0;0;0;0;0;0;0;0;0;4;0;0;0;0
"06/06/2023";"19:07:00";"126";"Acidente s";"453";"BR-101/SC";"Norte";"Colisão - Lateral";1;0;1;0;0;0;0;0;0;0;6;0;0;0;0
"06/06/2023";"20:31:00";"135";"Acidente s";"264";"BR-101/SC";"Norte";"Saída de pista";1;0;0;0;0;0;0;0;0;0;1;0;0;0;0
"07/06/2023";"04:48:00";"16";"Acidente c";"340";"BR-101/SC";"Norte";"Colisão - Frontal";0;0;0;2;0;0;0;0;0;0;1;1;0;0;0
"07/06/2023";"07:37:00";"43";"Acidente s";"353";"BR-101/SC";"Norte";"Colisão - Traseira";1;0;0;0;0;0;0;0;0;1;2;0;0;0;0
"07/06/2023";"08:11:00";"52";"Acidente c";"333";"BR-101/SC";"Sul";"Colisão - Traseira";0;0;0;1;0;0;0;0;0;0;0;1;0;0;0
"07/06/2023";"09:24:00";"73";"Acidente c";"448";"BR-101/SC";"Sul";"Choque Barreira";0;0;1;0;0;0;0;0;0;0;0;1;0;0;0
"07/06/2023";"16:36:00";"132";"Acidente s";"343";"BR-101/SC";"Sul";"Colisão - Traseira";2;0;0;0;0;0;0;0;0;0;4;0;0;0;0
"07/06/2023";"20:42:00";"149";"Acidente c";"282";"BR-101/SC";"Sul";"Colisão - Traseira";1;0;0;1;0;0;0;0;0;0;1;1;0;0;0
"08/06/2023";"02:51:00";"7";"Acidente c";"280";"BR-101/SC";"Sul";"Capotamento";1;0;0;0;0;0;0;0;0;0;0;2;0;0;0
"08/06/2023";"08:17:00";"34";"Acidente s";"354";"BR-101/SC";"Norte";"Colisão - Traseira";1;0;0;0;0;0;0;1;0;0;3;0;0;0;0
"08/06/2023";"09:40:00";"49";"Acidente s";"354";"BR-101/SC";"Norte";"Engavetamento";3;0;0;0;0;0;0;0;0;1;7;0;0;0;0
"08/06/2023";"11:08:00";"57";"Acidente s";"361";"BR-101/SC";"Norte";"Choque Barreira";1;0;0;0;0;0;0;0;0;0;1;0;0;0;0
"08/06/2023";"12:36:00";"66";"Acidente s";"360";"BR-101/SC";"Norte";"Colisão - Traseira";1;0;0;0;0;0;0;0;0;0;1;0;0;0;0
"08/06/2023";"14:01:00";"72";"Acidente s";"262";"BR-101/SC";"Norte";"Saída de pista";1;0;0;0;0;0;0;0;0;0;2;0;0;0;0
"08/06/2023";"14:16:00";"73";"Acidente s";"329";"BR-101/SC";"Norte";"Colisão - Lateral";2;0;0;0;0;0;0;0;0;0;2;0;0;0;0
"08/06/2023";"19:08:00";"92";"Acidente s";"329";"BR-101/SC";"Norte";"Queda de ribanceira";1;0;0;0;0;0;0;0;0;0;2;0;0;0;0
"08/06/2023";"20:36:00";"104";"Acidente c";"403";"BR-101/SC";"Norte";"Colisão - Traseira";2;0;0;0;0;0;0;0;0;0;1;2;1;0;0
"09/06/2023";"12:17:00";"60";"Acidente s";"334";"BR-101/SC";"Sul";"Colisão - Traseira";2;0;0;0;0;0;0;0;0;0;2;0;0;0;0
"09/06/2023";"13:40:00";"67";"Acidente s";"396";"BR-101/SC";"Sul";"Colisão - Traseira";1;0;0;0;0;0;0;0;0;1;4;0;0;0;0
"09/06/2023";"19:55:00";"107";"Acidente s";"444";"BR-101/SC";"Norte";"Colisão - Traseira";2;0;1;0;0;0;0;0;0;0;5;0;0;0;0
"09/06/2023";"20:25:00";"113";"Acidente s";"405";"BR-101/SC";"Norte";"Choque com objeto sobre a pista";2;0;0;0;0;0;0;0;0;0;5;0;0;0;0
"10/06/2023";"02:16:00";"8";"Acidente s";"362";"BR-101/SC";"Norte";"Choque Barreira";1;0;0;0;0;0;0;0;0;0;4;0;0;0;0
"10/06/2023";"05:21:00";"18";"Acidente c";"329";"BR-101/SC";"Sul";"Capotamento";1;0;0;0;0;0;0;0;0;0;0;0;1;0;0
"10/06/2023";"11:24:00";"47";"Acidente s";"296";"BR-101/SC";"Norte";"Choque com veículo na faixa de rolamento";1;0;0;0;0;0;0;0;0;0;3;0;0;0;0
"10/06/2023";"21:15:00";"98";"Acidente s";"270";"BR-101/SC";"Norte";"Saída de pista";1;0;0;0;0;0;0;0;0;0;3;0;0;0;0
"11/06/2023";"03:57:00";"9";"Acidente s";"342";"BR-101/SC";"Sul";"Choque - Meio Fio";1;0;0;0;0;0;0;0;0;0;1;0;0;0;0
"11/06/2023";"07:42:00";"17";"Acidente s";"384";"BR-101/SC";"Norte";"Capotamento";1;0;0;0;0;0;0;0;0;0;1;0;0;0;0
"11/06/2023";"14:05:00";"60";"Acidente s";"464";"BR-101/SC";"Norte";"Saída de pista";1;0;0;0;0;0;0;0;0;0;4;0;0;0;0
"11/06/2023";"17:06:00";"80";"Acidente c";"339";"BR-101/SC";"Norte";"Saída de pista";1;0;0;0;0;0;0;0;0;0;2;0;1;0;0
"11/06/2023";"17:45:00";"83";"Acidente s";"291";"BR-101/SC";"Norte";"Colisão - Traseira";2;0;0;0;0;0;0;0;0;0;2;0;0;0;0
"11/06/2023";"18:11:00";"84";"Acidente s";"273";"BR-101/SC";"Norte";"Colisão - Lateral";3;0;0;0;0;0;0;0;0;0;7;0;0;0;0
"12/06/2023";"08:34:00";"53";"Acidente c";"407";"BR-101/SC";"Norte";"Queda de ribanceira";0;0;0;1;0;0;0;0;0;0;0;1;1;0;0
"12/06/2023";"09:12:00";"59";"Acidente s";"334";"BR-101/SC";"Norte";"Colisão - Traseira";2;0;0;0;0;0;0;0;0;0;2;0;0;0;0
"13/06/2023";"07:07:00";"28";"Acidente s";"373";"BR-101/SC";"Sul";"Colisão - Lateral";1;0;1;0;0;0;0;0;0;0;2;0;0;0;0
"13/06/2023";"18:37:00";"121";"Acidente c";"326";"BR-101/SC";"Norte";"Queda de moto";0;0;0;1;0;0;0;0;0;0;0;0;1;0;0
"13/06/2023";"22:04:00";"133";"Acidente s";"273";"BR-101/SC";"Norte";"Choque - Poste";1;0;0;0;0;0;0;0;0;0;1;0;0;0;0
"14/06/2023";"12:20:00";"85";"Acidente s";"270";"BR-101/SC";"Norte";"Saída de pista";1;0;0;0;0;0;0;0;0;0;1;0;0;0;0
"14/06/2023";"16:43:00";"107";"Acidente s";"458";"BR-101/SC";"Norte";"Colisão - Transversal";0;0;0;0;0;0;0;1;0;1;2;0;0;0;0
"14/06/2023";"17:32:00";"113";"Acidente s";"267";"BR-101/SC";"Sul";"Saída de pista";1;0;0;0;0;0;0;0;0;0;3;0;0;0;0
"14/06/2023";"17:38:00";"114";"Acidente s";"350";"BR-101/SC";"Norte";"Saída de pista";1;0;0;0;0;0;0;0;0;0;4;0;0;0;0
"14/06/2023";"18:24:00";"118";"Acidente c";"253";"BR-101/SC";"Norte";"Colisão - Traseira";1;0;0;0;0;0;0;1;0;0;2;1;0;0;0
"14/06/2023";"18:37:00";"120";"Acidente s";"333";"BR-101/SC";"Sul";"Colisão - Traseira";2;0;0;0;0;0;0;0;0;0;3;0;0;0;0
"14/06/2023";"18:44:00";"121";"Acidente s";"384";"BR-101/SC";"Sul";"Saída de pista";1;0;0;0;0;0;0;0;0;0;3;0;0;0;0
"14/06/2023";"19:33:00";"127";"Acidente s";"275";"BR-101/SC";"Norte";"Saída de pista";0;0;0;0;0;0;0;1;0;0;1;0;0;0;0
"15/06/2023";"02:30:00";"5";"Acidente s";"413";"BR-101/SC";"Norte";"Tombamento";0;0;0;0;0;0;0;0;0;1;1;0;0;0;0
"15/06/2023";"06:55:00";"12";"Acidente s";"360";"BR-101/SC";"Sul";"Queda de ribanceira";1;0;0;0;0;0;0;0;0;0;1;0;0;0;0
"15/06/2023";"07:04:00";"21";"Acidente c";"258";"BR-101/SC";"Norte";"Saída de pista";1;0;0;0;0;0;0;0;0;0;0;1;0;0;0
"15/06/2023";"08:03:00";"36";"Acidente c";"332";"BR-101/SC";"Norte";"Colisão - Traseira";2;0;0;0;0;0;0;0;0;0;2;0;1;0;0
"15/06/2023";"13:44:00";"76";"Acidente s";"309";"BR-101/SC";"Norte";"Choque Barreira";1;0;0;0;0;0;0;0;0;0;2;0;0;0;0
"15/06/2023";"13:54:00";"78";"Acidente s";"336";"BR-101/SC";"Sul";"Saída de pista";1;0;0;0;0;0;0;0;0;0;1;0;0;0;0
"15/06/2023";"15:41:00";"88";"Acidente s";"381";"BR-101/SC";"Sul";"Capotamento";1;0;0;0;0;0;0;0;0;0;1;0;0;0;0
"15/06/2023";"17:51:00";"102";"Acidente s";"354";"BR-101/SC";"Sul";"Saída de pista";1;0;0;0;0;0;0;0;0;0;1;0;0;0;0
"15/06/2023";"17:52:00";"103";"Acidente s";"354";"BR-101/SC";"Norte";"Saída de pista";0;0;0;0;0;0;0;0;0;1;1;0;0;0;0
"15/06/2023";"19:08:00";"110";"Acidente s";"322";"BR-101/SC";"Norte";"Saída de pista";1;0;0;0;0;0;0;0;0;0;1;0;0;0;0
"15/06/2023";"20:54:00";"117";"Acidente c";"375";"BR-101/SC";"Norte";"Saída de pista";1;0;0;0;0;0;0;0;0;0;1;2;0;0;0
"16/06/2023";"03:11:00";"7";"Acidente s";"425";"BR-101/SC";"Norte";"Saída de pista";1;0;0;0;0;0;0;0;0;0;3;0;0;0;0
"16/06/2023";"04:38:00";"9";"Acidente s";"349";"BR-101/SC";"Norte";"Choque Barreira";1;0;0;0;0;0;0;0;0;0;2;0;0;0;0
"16/06/2023";"12:26:00";"79";"Acidente s";"336";"BR-101/SC";"Norte";"Colisão - Traseira";1;0;0;0;0;0;0;0;0;1;2;0;0;0;0
"16/06/2023";"18:32:00";"120";"Acidente c";"416";"BR-101/SC";"Norte";"Colisão - Transversal";1;0;0;1;0;0;0;0;0;0;1;0;1;0;0
"17/06/2023";"04:27:00";"13";"Acidente s";"253";"BR-101/SC";"Sul";"Tombamento";0;0;0;0;0;0;0;0;0;1;1;0;0;0;0
"17/06/2023";"05:18:00";"15";"Acidente c";"374";"BR-101/SC";"Norte";"Colisão - Traseira";2;0;0;0;0;0;0;0;0;0;1;1;0;0;0
"17/06/2023";"06:49:00";"20";"Acidente s";"373";"BR-101/SC";"Norte";"Saída de pista";1;0;0;0;0;0;0;0;0;0;1;0;0;0;0
"17/06/2023";"20:34:00";"110";"Acidente c";"289";"BR-101/SC";"Sul";"Colisão - Lateral";1;0;0;0;0;0;0;1;0;0;3;1;0;0;0
"18/06/2023";"00:45:00";"3";"Atropelame";"275";"BR-101/SC";"Norte";"Atropelamento - Morador/Trabalhador/Estudante";1;0;0;1;0;0;0;0;0;0;1;0;1;0;0
"18/06/2023";"03:36:00";"11";"Acidente c";"358";"BR-101/SC";"Norte";"Atropelamento - Morador/Trabalhador/Estudante";0;0;0;2;0;0;0;0;0;0;1;0;1;0;0
"18/06/2023";"03:40:00";"12";"Acidente c";"317";"BR-101/SC";"Norte";"Choque Barreira";1;0;0;0;0;0;0;0;0;0;0;2;0;0;0
"18/06/2023";"05:25:00";"19";"Acidente c";"329";"BR-101/SC";"Norte";"Engavetamento";4;0;0;0;0;0;0;0;0;0;9;1;0;0;0
"18/06/2023";"05:46:00";"21";"Acidente s";"360";"BR-101/SC";"Sul";"Saída de pista";1;0;0;0;0;0;0;0;0;0;5;0;0;0;0
"18/06/2023";"05:49:00";"22";"Acidente s";"360";"BR-101/SC";"Norte";"Saída de pista";1;0;0;0;0;0;0;0;0;0;1;0;0;0;0
"19/06/2023";"12:25:00";"101";"Acidente c";"356";"BR-101/SC";"Norte";"Capotamento";1;0;0;0;0;0;0;0;0;0;0;0;1;0;0
"20/06/2023";"07:07:00";"29";"Acidente s";"359";"BR-101/SC";"Sul";"Tombamento";0;0;0;0;0;0;0;1;0;0;1;0;0;0;0
"20/06/2023";"07:21:00";"31";"Acidente c";"360";"BR-101/SC";"Norte";"Choque - Arvore";1;0;0;0;0;0;0;0;0;0;0;1;0;0;0
"20/06/2023";"09:32:00";"94";"Acidente s";"358";"BR-101/SC";"Sul";"Capotamento";1;0;0;0;0;0;0;0;0;0;1;0;0;0;0
"20/06/2023";"14:27:00";"124";"Acidente s";"441";"BR-101/SC";"Norte";"Saída de pista";1;0;0;0;0;0;0;0;0;0;2;0;0;0;0
"20/06/2023";"18:49:00";"143";"Acidente s";"443";"BR-101/SC";"Sul";"Saída de pista";1;0;0;0;0;0;0;0;0;0;1;0;0;0;0
"20/06/2023";"19:47:00";"151";"Acidente s";"393";"BR-101/SC";"Norte";"Colisão - Traseira";1;0;1;0;0;0;0;0;0;0;3;0;0;0;0
"20/06/2023";"20:16:00";"153";"Acidente s";"315";"BR-101/SC";"Sul";"Saída de pista";1;0;0;0;0;0;0;0;0;0;1;0;0;0;0
"21/06/2023";"08:17:00";"61";"Acidente s";"340";"BR-101/SC";"Norte";"Choque Barreira";1;0;0;0;0;0;0;0;0;0;2;0;0;0;0
"21/06/2023";"18:06:00";"144";"Acidente s";"337";"BR-101/SC";"Norte";"Colisão - Traseira";1;0;0;0;0;0;0;1;0;0;2;0;0;0;0
"21/06/2023";"18:33:00";"146";"Acidente c";"332";"BR-101/SC";"Sul";"Colisão - Lateral";1;0;0;1;0;0;0;0;0;0;1;1;0;0;0
"21/06/2023";"19:10:00";"149";"Acidente c";"250";"BR-101/SC";"Sul";"Colisão - Frontal";1;0;0;1;0;0;0;0;0;0;1;0;1;0;0
"22/06/2023";"07:30:00";"35";"Acidente s";"337";"BR-101/SC";"Sul";"Colisão - Traseira";2;0;0;0;0;0;0;0;0;0;2;0;0;0;0
"22/06/2023";"16:03:00";"125";"Acidente s";"389";"BR-101/SC";"Sul";"Colisão - Lateral";2;0;0;0;0;0;0;0;0;0;3;0;0;0;0
"23/06/2023";"08:15:00";"59";"Acidente s";"262";"BR-101/SC";"Norte";"Saída de pista";1;0;0;0;0;0;0;0;0;0;1;0;0;0;0
"23/06/2023";"09:01:00";"70";"Acidente c";"271";"BR-101/SC";"Norte";"Saída de pista";1;0;0;0;0;0;0;0;0;0;0;0;1;0;0
"23/06/2023";"09:50:00";"80";"Acidente s";"384";"BR-101/SC";"Sul";"Saída de pista";1;0;0;0;0;0;0;0;0;0;1;0;0;0;0
"23/06/2023";"13:26:00";"105";"Acidente s";"250";"BR-101/SC";"Norte";"Saída de pista";1;0;0;0;0;0;0;0;0;0;2;0;0;0;0
"23/06/2023";"14:11:00";"108";"Acidente s";"353";"BR-101/SC";"Norte";"Colisão - Traseira";1;0;0;0;0;0;0;1;0;0;5;0;0;0;0
"23/06/2023";"19:14:00";"141";"Acidente c";"415";"BR-101/SC";"Norte";"Colisão - Frontal";2;0;0;0;0;0;0;0;0;0;1;1;0;0;0
"23/06/2023";"19:15:00";"142";"Acidente s";"358";"BR-101/SC";"Norte";"Colisão - Traseira";2;0;0;0;0;0;0;0;0;0;2;0;0;0;0
"24/06/2023";"01:19:00";"4";"Acidente s";"347";"BR-101/SC";"Sul";"Colisão - Traseira";1;0;0;0;0;0;0;0;0;1;2;0;0;0;0
"24/06/2023";"07:38:00";"23";"Acidente s";"255,5";"BR-101/SC";"Sul";"Choque Barreira";1;0;0;0;0;0;0;0;0;0;1;0;0;0;0
"24/06/2023";"14:40:00";"78";"Acidente c";"330";"BR-101/SC";"Norte";"Colisão - Lateral";2;0;0;0;0;0;0;0;0;0;1;0;1;0;0
"25/06/2023";"03:39:00";"14";"Acidente s";"267";"BR-101/SC";"Norte";"Saída de pista";1;0;0;0;0;0;0;0;0;0;1;0;0;0;0
"25/06/2023";"13:49:00";"66";"Acidente s";"400";"BR-101/SC";"Sul";"Colisão - Lateral";3;0;1;0;0;0;0;0;0;0;6;0;0;0;0
"25/06/2023";"17:20:00";"80";"Acidente c";"365";"BR-101/SC";"Norte";"Colisão - Traseira";1;0;0;1;0;0;0;0;0;0;4;2;0;0;0
"25/06/2023";"19:09:00";"85";"Acidente s";"360";"BR-101/SC";"Sul";"Saída de pista";2;0;0;0;0;0;0;0;0;0;3;0;0;0;0
"25/06/2023";"19:54:00";"91";"Acidente s";"404";"BR-101/SC";"Norte";"Saída de pista";1;0;0;0;0;0;0;0;0;0;2;0;0;0;0
"26/06/2023";"06:48:00";"12";"Acidente s";"353";"BR-101/SC";"Sul";"Saída de pista";1;0;0;0;0;0;0;0;0;0;1;0;0;0;0
"26/06/2023";"15:58:00";"95";"Acidente c";"339";"BR-101/SC";"Sul";"Queda de moto";0;0;0;1;0;0;0;0;0;0;0;1;0;0;0
"26/06/2023";"19:24:00";"111";"Acidente s";"363";"BR-101/SC";"Norte";"Outros";1;0;0;0;0;0;0;0;0;1;2;0;0;0;0
"27/06/2023";"14:27:00";"105";"Acidente s";"411";"BR-101/SC";"Sul";"Saída de pista";1;0;0;0;0;0;0;0;0;0;1;0;0;0;0
"27/06/2023";"16:40:00";"122";"Acidente s";"411";"BR-101/SC";"Norte";"Saída de pista";1;0;0;0;0;0;0;0;0;0;1;0;0;0;0
"28/06/2023";"20:43:00";"176";"Acidente s";"312";"BR-101/SC";"Sul";"Saída de pista";1;0;0;0;0;0;0;0;0;0;2;0;0;0;0
"28/06/2023";"23:47:00";"189";"Acidente s";"317";"BR-101/SC";"Sul";"Choque com objeto sobre a pista";1;0;0;0;0;0;0;0;0;0;3;0;0;0;0
"29/06/2023";"09:15:00";"84";"Acidente c";"454";"BR-101/SC";"Norte";"Queda de moto";0;0;0;1;0;0;0;0;0;0;0;0;1;0;0
"29/06/2023";"11:39:00";"110";"Acidente s";"399";"BR-101/SC";"Norte";"Colisão - Traseira";2;0;0;0;0;0;0;0;0;0;4;0;0;0;0
"29/06/2023";"12:08:00";"113";"Acidente s";"418";"BR-101/SC";"Norte";"Colisão - Lateral";1;0;0;1;0;0;0;0;0;0;3;0;0;0;0
"29/06/2023";"18:22:00";"164";"Acidente c";"451";"BR-101/SC";"Sul";"Choque com objeto sobre a pista";0;0;0;1;0;0;0;0;0;0;0;0;2;0;0
"29/06/2023";"21:52:00";"176";"Acidente s";"298";"BR-101/SC";"Sul";"Colisão - Transversal";0;0;0;0;0;0;0;2;0;0;2;0;0;0;0
"30/06/2023";"04:28:00";"10";"Acidente s";"333";"BR-101/SC";"Norte";"Queda de moto";0;0;0;1;0;0;0;0;0;0;1;0;0;0;0
"30/06/2023";"08:59:00";"85";"Acidente s";"271";"BR-101/SC";"Sul";"Saída de pista";1;0;0;0;0;0;0;0;0;0;3;0;0;0;0
"30/06/2023";"10:01:00";"99";"Acidente s";"421";"BR-101/SC";"Norte";"Colisão - Lateral";1;0;0;0;0;0;0;0;0;1;2;0;0;0;0
"01/07/2023";"08:33:00";"50";"Acidente s";"357";"BR-101/SC";"Sul";"Saída de pista";1;0;0;0;0;0;0;0;0;0;1;0;0;0;0
"01/07/2023";"11:34:00";"75";"Acidente s";"462";"BR-101/SC";"Sul";"Saída de pista";1;0;0;0;0;0;0;0;0;0;3;0;0;0;0
"01/07/2023";"12:11:00";"79";"Acidente c";"327";"BR-101/SC";"Sul";"Colisão - Traseira";1;0;0;0;0;0;0;1;0;1;2;2;0;0;0
"01/07/2023";"13:55:00";"86";"Acidente s";"252";"BR-101/SC";"Sul";"Colisão - Traseira";2;0;0;0;0;0;0;0;0;0;4;0;0;0;0
"01/07/2023";"20:47:00";"121";"Acidente s";"383";"BR-101/SC";"Sul";"Saída de pista";1;0;0;0;0;0;0;0;0;0;4;0;0;0;0
"02/07/2023";"12:24:00";"53";"Acidente s";"359";"BR-101/SC";"Norte";"Saída de pista";1;0;0;0;0;0;0;0;0;0;1;0;0;0;0
"02/07/2023";"16:47:00";"80";"Acidente c";"318";"BR-101/SC";"Norte";"Queda de moto";0;0;0;1;0;0;0;0;0;0;0;2;0;0;0
"02/07/2023";"19:52:00";"97";"Atropelame";"295";"BR-101/SC";"Norte";"Atropelamento - Morador/Trabalhador/Estudante";1;0;0;1;0;0;0;0;0;0;1;1;0;0;0
"02/07/2023";"20:38:00";"99";"Acidente c";"432";"BR-101/SC";"Sul";"Saída de pista";2;0;0;0;0;0;0;0;0;0;1;1;0;0;0
"03/07/2023";"15:21:00";"125";"Acidente s";"263";"BR-101/SC";"Sul";"Saída de pista";1;0;0;0;0;0;0;0;0;0;1;0;0;0;0
"04/07/2023";"10:42:00";"97";"Acidente s";"464";"BR-101/SC";"Norte";"Saída de pista";1;0;0;0;0;0;0;0;0;0;1;0;0;0;0
"04/07/2023";"15:48:00";"134";"Acidente s";"384";"BR-101/SC";"Norte";"Queda de moto";0;0;0;1;0;0;0;0;0;0;1;0;0;0;0
"04/07/2023";"15:53:00";"136";"Acidente s";"294";"BR-101/SC";"Sul";"Colisão - Traseira";2;0;0;0;0;0;0;0;0;0;4;0;0;0;0
"04/07/2023";"15:59:00";"138";"Acidente s";"283";"BR-101/SC";"Sul";"Colisão - Traseira";2;0;1;1;0;0;0;0;0;0;6;0;0;0;0
"04/07/2023";"16:43:00";"140";"Acidente s";"334";"BR-101/SC";"Norte";"Colisão - Transversal";2;0;0;0;0;0;0;0;0;0;3;0;0;0;0
"04/07/2023";"22:13:00";"172";"Acidente c";"283";"BR-101/SC";"Norte";"Choque Barreira";1;0;0;0;0;0;0;0;0;0;0;0;1;0;0
"05/07/2023";"22:54:00";"185";"Atropelame";"271";"BR-101/SC";"Sul";"Atropelamento - Suicida";2;0;0;0;0;0;0;0;0;1;4;0;0;0;1
"07/07/2023";"03:03:00";"6";"Acidente s";"340";"BR-101/SC";"Sul";"Saída de pista";1;0;0;0;0;0;0;0;0;0;1;0;0;0;0
"07/07/2023";"06:20:00";"11";"Acidente s";"344";"BR-101/SC";"Norte";"Saída de pista";0;0;0;0;0;0;0;0;0;1;1;0;0;0;0
"07/07/2023";"12:58:00";"107";"Acidente s";"265,9";"BR-101/SC";"Sul";"Colisão - Lateral";1;0;0;1;0;0;0;0;0;0;5;0;0;0;0
"07/07/2023";"16:16:00";"127";"Acidente s";"246";"BR-101/SC";"Sul";"Colisão - Traseira";0;0;1;0;0;0;0;0;0;1;2;0;0;0;0
"07/07/2023";"19:26:00";"141";"Acidente s";"397";"BR-101/SC";"Norte";"Saída de pista";1;0;0;0;0;0;0;0;0;0;1;0;0;0;0
"08/07/2023";"00:08:00";"1";"Acidente s";"406";"BR-101/SC";"Norte";"Capotamento";1;0;0;0;0;0;0;0;0;0;1;0;0;0;0
"08/07/2023";"03:04:00";"13";"Acidente s";"353";"BR-101/SC";"Norte";"Choque Defensa";1;0;0;0;0;0;0;0;0;0;1;0;0;0;0
"08/07/2023";"04:02:00";"15";"Acidente s";"270";"BR-101/SC";"Norte";"Saída de pista";1;0;0;0;0;0;0;0;0;0;2;0;0;0;0
"08/07/2023";"04:18:00";"17";"Acidente s";"360";"BR-101/SC";"Sul";"Saída de pista";1;0;0;0;0;0;0;0;0;0;2;0;0;0;0
"08/07/2023";"04:42:00";"18";"Acidente s";"329";"BR-101/SC";"Norte";"Choque Barreira";1;0;0;0;0;0;0;0;0;0;1;0;0;0;0
"08/07/2023";"06:13:00";"29";"Acidente s";"308";"BR-101/SC";"Norte";"Colisão - Lateral";0;0;0;0;0;0;0;1;0;1;3;0;0;0;0
"08/07/2023";"07:43:00";"32";"Acidente s";"372";"BR-101/SC";"Sul";"Saída de pista";1;0;0;0;0;0;0;0;0;0;1;0;0;0;0
"08/07/2023";"08:06:00";"34";"Acidente s";"327";"BR-101/SC";"Norte";"Colisão - Transversal";1;0;0;0;0;0;0;0;0;1;2;0;0;0;0
"08/07/2023";"10:36:00";"52";"Acidente s";"331,8";"BR-101/SC";"Norte";"Choque Barreira";1;0;0;0;0;0;0;0;0;0;2;0;0;0;0
"08/07/2023";"12:18:00";"63";"Acidente s";"385";"BR-101/SC";"Sul";"Saída de pista";1;0;0;0;0;0;0;0;0;0;5;0;0;0;0
"08/07/2023";"14:57:00";"76";"Acidente s";"279";"BR-101/SC";"Norte";"Queda de moto";0;0;0;1;0;0;0;0;0;0;1;0;0;0;0
"08/07/2023";"18:02:00";"91";"Acidente s";"440";"BR-101/SC";"Sul";"Colisão - Transversal";2;0;0;0;0;0;0;0;0;0;3;0;0;0;0
"08/07/2023";"18:11:00";"92";"Acidente s";"423";"BR-101/SC";"Norte";"Saída de pista";1;0;0;0;0;0;0;0;0;0;1;0;0;0;0
"08/07/2023";"18:35:00";"94";"Acidente s";"425";"BR-101/SC";"Norte";"Saída de pista";1;0;0;0;0;0;0;0;0;0;2;0;0;0;0
"08/07/2023";"21:26:00";"101";"Acidente c";"440";"BR-101/SC";"Norte";"Queda de moto";0;0;0;1;0;0;0;0;0;0;0;0;1;0;0
"09/07/2023";"03:26:00";"7";"Acidente c";"432";"BR-101/SC";"Sul";"Colisão - Traseira";2;0;0;0;0;0;0;0;0;0;3;0;1;0;0
"09/07/2023";"03:54:00";"8";"Acidente c";"380";"BR-101/SC";"Sul";"Colisão - Frontal";3;0;0;0;0;0;0;0;0;0;3;0;0;3;0
"09/07/2023";"04:45:00";"10";"Acidente s";"321";"BR-101/SC";"Norte";"Colisão - Traseira";1;0;1;0;0;0;0;0;0;0;2;0;0;0;0
"09/07/2023";"06:48:00";"14";"Acidente c";"252";"BR-101/SC";"Sul";"Saída de pista";1;0;0;0;0;0;0;0;0;0;0;1;0;0;0
"09/07/2023";"07:01:00";"19";"Acidente s";"325";"BR-101/SC";"Norte";"Saída de pista";1;0;0;0;0;0;0;0;0;0;1;0;0;0;0
"09/07/2023";"15:38:00";"53";"Acidente c";"407";"BR-101/SC";"Sul";"Colisão - Traseira";0;0;0;0;0;0;0;1;0;0;1;1;0;0;0
"09/07/2023";"17:08:00";"65";"Acidente c";"318";"BR-101/SC";"Sul";"Saída de pista";1;0;0;0;0;0;0;0;0;0;0;0;0;1;0
"09/07/2023";"18:47:00";"72";"Acidente c";"407";"BR-101/SC";"Sul";"Saída de pista";1;0;0;0;0;0;0;0;0;0;2;1;0;0;0
"10/07/2023";"06:30:00";"16";"Acidente s";"279";"BR-101/SC";"Norte";"Saída de pista";0;0;0;0;0;0;0;0;0;1;1;0;0;0;0
"10/07/2023";"06:38:00";"20";"Acidente s";"305";"BR-101/SC";"Sul";"Saída de pista";1;0;0;0;0;0;0;0;0;0;1;0;0;0;0
"10/07/2023";"07:59:00";"41";"Acidente s";"329";"BR-101/SC";"Norte";"Saída de pista";1;0;0;0;0;0;0;0;0;0;1;0;0;0;0