data;horario;n_da_ocorrencia;tipo_de_ocorrencia;km;trecho;sentido;tipo_de_acidente;automovel;bicicleta;caminhao;moto;onibus;outros;tracao_animal;transporte_de_cargas_especiais;trator_maquinas;utilitarios;ilesos;levemente_feridos;moderadamente_feridos;gravemente_feridos;mortos
"21/09/2023";"11:42:00";"99";"Acidente s";"298";"BR-101/SC";"Sul";"Colisão - Lateral";1;0;0;0;0;0;0;1;0;0;2;0;0;0;0
"21/09/2023";"14:11:00";"111";"Acidente s";"284";"BR-101/SC";"Norte";"Choque Barreira";1;0;0;0;0;0;0;0;0;0;1;0;0;0;0
"21/09/2023";"14:45:00";"115";"Acidente s";"458";"BR-101/SC";"Norte";"Colisão - Traseira";0;0;1;0;0;0;0;0;0;1;2;0;0;0;0
"21/09/2023";"19:37:00";"142";"Acidente s";"327,35";"BR-101/SC";"Norte";"Colisão - Traseira";2;0;0;0;0;0;0;0;0;0;3;0;0;0;0
"21/09/2023";"22:54:00";"160";"Acidente s";"298";"BR-101/SC";"Sul";"Choque Praça - Cabine";0;0;0;0;0;0;0;0;0;1;2;0;0;0;0
"21/09/2023";"23:14:00";"162";"Acidente c";"432,35";"BR-101/SC";"Sul";"Capotamento";1;0;0;0;0;0;0;1;0;0;2;1;2;0;0
"22/09/2023";"04:37:00";"15";"Acidente s";"403,9";"BR-101/SC";"Norte";"Choque Defensa";1;0;0;0;0;0;0;0;0;0;1;0;0;0;0
"22/09/2023";"09:55:00";"77";"Acidente s";"368,3";"BR-101/SC";"Sul";"Choque Defensa";1;0;0;0;0;0;0;0;0;0;4;0;0;0;0
"22/09/2023";"10:21:00";"86";"Acidente s";"338";"BR-101/SC";"Norte";"Choque Defensa";1;0;0;0;0;0;0;0;0;0;5;0;0;0;0
"22/09/2023";"11:57:00";"100";"Acidente s";"276,2";"BR-101/SC";"Sul";"Colisão - Traseira";2;0;0;0;0;0;0;0;0;0;3;0;0;0;0
"22/09/2023";"13:12:00";"104";"Acidente s";"378";"BR-101/SC";"Sul";"Tombamento";0;0;0;0;0;0;0;1;0;0;1;0;0;0;0
"22/09/2023";"16:49:00";"125";"Acidente s";"298,1";"BR-101/SC";"Sul";"Colisão - Traseira";1;0;0;0;0;0;0;0;0;1;4;0;0;0;0
"22/09/2023";"19:37:00";"146";"Acidente c";"271";"BR-101/SC";"Norte";"Queda de moto";0;0;0;1;0;0;0;0;0;0;0;1;0;0;0
"23/09/2023";"00:50:00";"4";"Acidente s";"344";"BR-101/SC";"Sul";"Saída de pista";1;0;0;0;0;0;0;0;0;0;2;0;0;0;0
"23/09/2023";"01:30:00";"6";"Atropelame";"382";"BR-101/SC";"Sul";"Atropelamento - Ambulante";1;0;0;1;0;0;0;0;0;0;1;0;0;1;0
"23/09/2023";"09:24:00";"38";"Acidente c";"247,6";"BR-101/SC";"Sul";"Capotamento";1;0;0;0;0;0;0;0;0;0;1;0;1;0;0
"23/09/2023";"14:12:00";"58";"Acidente s";"420";"BR-101/SC";"Norte";"Saída de pista";1;0;0;0;0;0;0;0;0;0;1;0;0;0;0
"23/09/2023";"14:24:00";"59";"Acidente s";"335,9";"BR-101/SC";"Sul";;3;0;0;0;0;0;0;0;0;0;8;0;0;0;0
"23/09/2023";"15:12:00";"61";"Acidente s";"345,2";"BR-101/SC";"Sul";"Saída de pista";1;0;0;0;0;0;0;0;0;0;3;0;0;0;0
"23/09/2023";"20:41:00";"89";"Acidente c";"277,3";"BR-101/SC";"Sul";"Queda de moto";0;0;0;1;0;0;0;0;0;0;1;1;0;0;0
"24/09/2023";"00:37:00";"6";"Acidente s";"260";"BR-101/SC";"Norte";"Choque Defensa";1;0;0;0;0;0;0;0;0;0;1;0;0;0;0
"24/09/2023";"03:36:00";"20";"Acidente s";"445";"BR-101/SC";"Sul";"Saída de pista";1;0;0;0;0;0;0;0;0;0;2;0;0;0;0
"24/09/2023";"07:52:00";"34";"Acidente s";"371";"BR-101/SC";"Ambos";"Saída de pista";1;0;0;0;0;0;0;0;0;0;1;0;0;0;0
"24/09/2023";"11:52:00";"61";"Acidente c";"271";"BR-101/SC";"Sul";"Queda de moto";0;0;0;1;0;0;0;0;0;0;0;2;0;0;0
"25/09/2023";"14:45:00";"96";"Acidente s";"320,5";"BR-101/SC";"Sul";"Colisão - Traseira";2;0;0;0;0;0;0;0;0;0;2;0;0;0;0
"25/09/2023";"15:38:00";"102";"Acidente c";"398";"BR-101/SC";"Norte";"Colisão - Traseira";1;0;0;1;0;0;0;0;0;0;1;0;1;0;0
"26/09/2023";"00:20:00";"3";"Acidente s";"359,6";"BR-101/SC";"Sul";"Saída de pista";0;0;0;0;0;0;0;1;0;0;1;0;0;0;0
"26/09/2023";"06:26:00";"17";"Acidente s";"298";"BR-101/SC";"Sul";"Colisão - Traseira";1;0;0;0;0;0;0;0;0;1;2;0;0;0;0
"26/09/2023";"09:17:00";"51";"Acidente s";"402,95";"BR-101/SC";"Norte";"Atropelamento de Animal";1;0;0;0;0;0;0;0;0;0;2;0;0;0;0
"27/09/2023";"10:29:00";"73";"Acidente s";"298";"BR-101/SC";"Norte";"Colisão - Traseira";1;0;0;0;0;0;0;1;0;0;3;0;0;0;0
"27/09/2023";"13:07:00";"89";"Acidente s";"438";"BR-101/SC";"Norte";"Saída de pista";1;0;0;0;0;0;0;0;0;0;1;0;0;0;0
"27/09/2023";"20:19:00";"135";"Acidente s";"290";"BR-101/SC";"Sul";"Colisão - Lateral";1;0;0;0;0;0;0;1;0;0;4;0;0;0;0
"28/09/2023";"10:01:00";"89";"Acidente s";"316";"BR-101/SC";"Sul";"Colisão - Traseira";3;0;0;0;0;0;0;0;0;0;4;0;0;0;0
"28/09/2023";"15:38:00";"128";"Acidente c";"394";"BR-101/SC";"Sul";"Colisão - Frontal";0;0;0;1;0;0;0;0;0;1;1;0;1;0;0
"28/09/2023";"16:20:00";"135";"Acidente s";"298";"BR-101/SC";"Norte";"Colisão - Traseira";2;0;0;0;0;0;0;0;0;0;5;0;0;0;0
"28/09/2023";"18:18:00";"146";"Acidente c";"422";"BR-101/SC";"Norte";"Colisão - Lateral";1;0;0;1;0;0;0;0;0;0;1;1;0;0;0
"29/09/2023";"12:21:00";"104";"Acidente c";"253";"BR-101/SC";"Norte";"Capotamento";1;0;0;0;0;0;0;0;0;0;0;1;0;1;0
"29/09/2023";"13:22:00";"111";"Acidente s";"253";"BR-101/SC";"Norte";"Colisão - Traseira";1;0;0;1;0;0;0;0;0;0;2;0;0;0;0
"29/09/2023";"17:52:00";"136";"Acidente c";"267,85";"BR-101/SC";"Norte";"Choque Barreira";1;0;0;0;0;0;0;0;0;0;0;2;0;0;0
"29/09/2023";"23:19:00";"155";"Atropelame";"383,5";"BR-101/SC";"Norte";"Atropelamento - Esportista";1;0;0;1;0;0;0;0;0;0;1;0;1;0;0
"30/09/2023";"04:38:00";"7";"Acidente s";"357,2";"BR-101/SC";"Sul";"Capotamento";1;0;0;0;0;0;0;0;0;0;1;0;0;0;0
"30/09/2023";"06:01:00";"9";"Acidente s";"269";"BR-101/SC";"Sul";"Capotamento";1;0;0;0;0;0;0;0;0;0;2;0;0;0;0
"30/09/2023";"19:52:00";"113";"Acidente s";"272,4";"BR-101/SC";"Sul";"Capotamento";1;0;0;0;0;0;0;0;0;0;1;0;0;0;0
"30/09/2023";"21:59:00";"123";"Acidente s";"307,39";"BR-101/SC";"Sul";"Choque Barreira";1;0;0;0;0;0;0;0;0;0;3;0;0;0;0
"30/09/2023";"22:30:00";"128";"Acidente s";"417";"BR-101/SC";"Sul";"Saída de pista";1;0;0;0;0;0;0;0;0;0;1;0;0;0;0
"01/10/2023";"02:37:00";"6";"Acidente s";"396,8";"BR-101/SC";"Sul";"Choque Defensa";1;0;0;0;0;0;0;0;0;0;1;0;0;0;0
"01/10/2023";"10:10:00";"35";"Acidente c";"402";"BR-101/SC";"Norte";"Colisão - Lateral";1;0;1;0;0;0;0;0;0;0;2;1;0;0;0
"01/10/2023";"20:24:00";"85";"Acidente s";"380";"BR-101/SC";"Sul";"Colisão - Lateral";1;0;0;1;0;0;0;0;0;0;3;0;0;0;0
"01/10/2023";"22:41:00";"95";"Acidente s";"402,29";"BR-101/SC";"Norte";"Saída de pista";1;0;0;0;0;0;0;0;0;0;2;0;0;0;0
"02/10/2023";"05:37:00";"17";"Acidente s";"267";"BR-101/SC";"Norte";"Saída de pista";1;0;0;0;0;0;0;0;0;0;1;0;0;0;0
"02/10/2023";"06:49:00";"28";"Acidente c";"328,1";"BR-101/SC";"Norte";"Capotamento";1;0;0;0;0;0;0;0;0;0;2;1;0;0;0
"02/10/2023";"07:29:00";"36";"Acidente s";"328,3";"BR-101/SC";"Sul";"Colisão - Traseira";0;0;0;2;0;0;0;0;0;0;2;0;0;0;0
"02/10/2023";"07:34:00";"38";"Acidente s";"328,4";"BR-101/SC";"Sul";"Colisão - Traseira";1;0;0;1;0;0;0;0;0;0;2;0;0;0;0
"02/10/2023";"08:09:00";"52";"Acidente s";"328";"BR-101/SC";"Sul";"Colisão - Lateral";1;0;1;0;0;0;0;0;0;0;2;0;0;0;0
"02/10/2023";"08:19:00";"55";"Acidente c";"328";"BR-101/SC";"Sul";"Colisão - Lateral";1;0;0;1;0;0;0;0;0;0;1;1;0;0;0
"02/10/2023";"12:16:00";"98";"Acidente s";"251";"BR-101/SC";"Norte";"Saída de pista";1;0;0;0;0;0;0;0;0;0;1;0;0;0;0
"02/10/2023";"16:49:00";"132";"Acidente c";"256,9";"BR-101/SC";"Sul";"Colisão - Traseira";1;0;0;1;0;0;0;0;0;0;1;1;0;0;0
"02/10/2023";"18:48:00";"138";"Acidente c";"274,2";"BR-101/SC";"Norte";"Saída de pista";1;0;0;0;0;0;0;0;0;0;0;0;1;0;0
"03/10/2023";"01:57:00";"7";"Acidente c";"387,5";"BR-101/SC";"Sul";"Capotamento";1;0;0;0;0;0;0;0;0;0;0;3;0;0;0
"03/10/2023";"07:48:00";"39";"Acidente c";"344";"BR-101/SC";"Sul";"Colisão - Traseira";1;0;1;0;0;0;0;0;0;0;2;1;0;0;0
"03/10/2023";"07:53:00";"41";"Acidente s";"283";"BR-101/SC";"Sul";"Colisão - Lateral";0;0;0;2;0;0;0;0;0;0;2;0;0;0;0
"03/10/2023";"13:31:00";"96";"Acidente c";"329";"BR-101/SC";"Sul";"Saída de pista";1;0;0;0;0;0;0;0;0;0;0;1;0;0;0
"03/10/2023";"13:54:00";"101";"Acidente s";"401,1";"BR-101/SC";"Sul";"Colisão - Lateral";2;0;0;0;0;0;0;0;0;0;2;0;0;0;0
"03/10/2023";"17:56:00";"123";"Acidente c";"435";"BR-101/SC";"Sul";"Colisão - Traseira";1;0;0;1;0;0;0;0;0;0;1;0;1;0;0
"03/10/2023";"19:57:00";"130";"Acidente s";"291";"BR-101/SC";"Norte";"Colisão - Lateral";1;0;1;0;0;0;0;0;0;0;3;0;0;0;0
"04/10/2023";"01:27:00";"5";"Acidente c";"368";"BR-101/SC";"Sul";"Choque Defensa";1;0;0;0;0;0;0;0;0;0;3;1;0;0;0
"04/10/2023";"01:34:00";"6";"Acidente s";"368";"BR-101/SC";"Sul";"Choque com objeto sobre a pista";1;0;0;0;0;0;0;0;0;0;2;0;0;0;0
"04/10/2023";"11:05:00";"16";"Acidente s";"274,3";"BR-101/SC";"Norte";"Saída de pista";1;0;0;0;0;0;0;0;0;0;1;0;0;0;0
"04/10/2023";"19:14:00";"78";"Acidente s";"363,6";"BR-101/SC";"Norte";"Saída de pista";0;0;0;0;0;0;0;0;0;0;4;0;0;0;0
"05/10/2023";"03:26:00";"9";"Atropelame";"390,23";"BR-101/SC";"Norte";"Atropelamento - Usuário";1;0;0;0;0;0;0;0;0;0;0;0;0;1;0
"05/10/2023";"08:49:00";"79";"Acidente s";"377,8";"BR-101/SC";"Sul";"Capotamento";1;0;0;0;0;0;0;0;0;0;3;0;0;0;0
"05/10/2023";"10:26:00";"90";"Acidente s";"396";"BR-101/SC";"Norte";"Colisão - Lateral";1;0;1;0;0;0;0;0;0;0;3;0;0;0;0
"05/10/2023";"12:55:00";"111";"Acidente c";"325";"BR-101/SC";"Norte";"Colisão - Lateral";1;0;0;1;0;0;0;0;0;0;1;1;0;0;0
"05/10/2023";"15:47:00";"129";"Acidente s";"282";"BR-101/SC";"Sul";"Colisão - Lateral";2;0;0;0;0;0;0;0;0;0;4;0;0;0;0
"05/10/2023";"15:56:00";"130";"Acidente c";"274";"BR-101/SC";"Sul";"Choque Defensa";0;0;1;0;0;0;0;0;0;0;0;1;0;0;0
"05/10/2023";"16:10:00";"131";"Acidente s";"351";"BR-101/SC";"Sul";"Queda de moto";0;0;0;1;0;0;0;0;0;0;1;0;0;0;0
"06/10/2023";"01:41:00";"6";"Acidente s";"382,23";"BR-101/SC";"Norte";"Colisão - Traseira";1;0;1;0;0;0;0;0;0;0;1;0;0;0;0
"06/10/2023";"05:28:00";"13";"Acidente s";"440";"BR-101/SC";"Sul";"Saída de pista";1;0;0;0;0;0;0;0;0;0;2;0;0;0;0
"06/10/2023";"07:00:00";"22";"Acidente s";"378";"BR-101/SC";"Norte";"Saída de pista";1;0;0;0;0;0;0;0;0;0;2;0;0;0;0
"06/10/2023";"07:31:00";"25";"Acidente s";"340";"BR-101/SC";"Norte";"Colisão - Traseira";1;0;0;0;0;0;0;0;0;0;2;0;0;0;0
"06/10/2023";"12:47:00";"80";"Acidente c";"320";"BR-101/SC";"Sul";"Capotamento";1;0;0;0;0;0;0;0;0;0;0;0;1;0;0
"06/10/2023";"14:37:00";"92";"Acidente s";"327";"BR-101/SC";"Sul";"Capotamento";1;0;0;0;0;0;0;0;0;0;1;0;0;0;0
"06/10/2023";"19:56:00";"119";"Acidente s";"416";"BR-101/SC";"Norte";"Colisão - Transversal";2;0;0;0;0;0;0;0;0;0;2;0;0;0;0
"06/10/2023";"20:47:00";"125";"Acidente s";"396";"BR-101/SC";"Norte";"Saída de pista";1;0;0;0;0;0;0;0;0;0;1;0;0;0;0
"07/10/2023";"00:20:00";"5";"Acidente s";"276,3";"BR-101/SC";"Sul";"Saída de pista";1;0;0;0;0;0;0;0;0;0;1;0;0;0;0
"07/10/2023";"00:37:00";"6";"Acidente s";"281,6";"BR-101/SC";"Sul";"Saída de pista";1;0;0;0;0;0;0;0;0;0;2;0;0;0;0
"07/10/2023";"01:13:00";"7";"Acidente c";"372";"BR-101/SC";"Norte";"Saída de pista";1;0;0;0;0;0;0;0;0;0;0;1;1;0;0
"07/10/2023";"01:38:00";"9";"Acidente s";"258";"BR-101/SC";"Norte";"Saída de pista";1;0;0;0;0;0;0;0;0;0;1;0;0;0;0
"07/10/2023";"03:31:00";"13";"Acidente s";"335,303";"BR-101/SC";"Sul";"Queda de ribanceira";1;0;0;0;0;0;0;0;0;0;1;0;0;0;0
"07/10/2023";"04:04:00";"16";"Acidente s";"382,23";"BR-101/SC";"Norte";"Queda de ribanceira";1;0;0;0;0;0;0;0;0;0;1;0;0;0;0
"07/10/2023";"04:50:00";"17";"Acidente s";"337";"BR-101/SC";"Sul";"Capotamento";1;0;0;0;0;0;0;0;0;0;2;0;0;0;0
"07/10/2023";"06:03:00";"24";"Acidente s";"416";"BR-101/SC";"Sul";"Tombamento";0;0;1;0;0;0;0;0;0;0;1;0;0;0;0
"07/10/2023";"09:57:00";"41";"Acidente c";"421";"BR-101/SC";"Sul";"Colisão - Traseira";2;0;0;0;0;0;0;0;0;0;5;1;0;0;0
"07/10/2023";"10:30:00";"44";"Acidente c";"298";"BR-101/SC";"Sul";"Colisão - Traseira";2;0;0;0;0;0;0;0;0;0;5;1;0;0;0
"07/10/2023";"12:13:00";"50";"Acidente s";"276";"BR-101/SC";"Norte";"Colisão - Lateral";1;0;1;0;0;0;0;0;0;0;2;0;0;0;0
"07/10/2023";"12:39:00";"52";"Acidente s";"334";"BR-101/SC";"Norte";"Colisão - Lateral";2;0;0;0;0;0;0;0;0;0;2;0;0;0;0
"08/10/2023";"02:45:00";"9";"Acidente s";"316";"BR-101/SC";"Norte";"Choque Barreira";1;0;0;0;0;0;0;0;0;0;1;0;0;0;0
"08/10/2023";"03:26:00";"11";"Acidente s";"389";"BR-101/SC";"Sul";"Atropelamento de Animal";1;0;0;0;0;0;0;0;0;0;3;0;0;0;0
"08/10/2023";"05:37:00";"19";"Acidente s";"388,02";"BR-101/SC";"Norte";"Colisão - Frontal";1;0;1;0;0;0;0;0;0;0;2;0;0;0;0
"08/10/2023";"10:09:00";"29";"Acidente s";"330";"BR-101/SC";"Norte";"Saída de pista";1;0;0;0;0;0;0;0;0;0;2;0;0;0;0
"08/10/2023";"11:12:00";"32";"Acidente s";"311";"BR-101/SC";"Norte";"Colisão - Traseira";1;0;1;0;0;0;0;0;0;0;4;0;0;0;0
"08/10/2023";"15:28:00";"42";"Acidente s";"391";"BR-101/SC";"Norte";"Saída de pista";1;0;0;0;0;0;0;0;0;0;2;0;0;0;0
"08/10/2023";"17:56:00";"49";"Acidente s";"348";"BR-101/SC";"Norte";"Colisão - Lateral";1;0;1;0;0;0;0;0;0;0;1;0;0;0;0
"08/10/2023";"19:54:00";"58";"Acidente s";"251";"BR-101/SC";"Norte";"Saída de pista";1;0;0;0;0;0;0;0;0;0;1;0;0;0;0
"08/10/2023";"22:17:00";"67";"Acidente s";"396";"BR-101/SC";"Sul";"Saída de pista";1;0;0;0;0;0;0;0;0;0;1;0;0;0;0
"09/10/2023";"08:09:00";"32";"Acidente s";"266";"BR-101/SC";"Sul";"Choque - Arvore";1;0;0;0;0;0;0;0;0;0;1;0;0;0;0
"09/10/2023";"20:31:00";"132";"Acidente s";"404";"BR-101/SC";"Norte";"Saída de pista";1;0;0;0;0;0;0;0;0;0;1;0;0;0;0
"09/10/2023";"23:51:00";"143";"Acidente s";"404";"BR-101/SC";"Norte";"Outros";0;0;1;0;0;0;0;0;0;0;1;0;0;0;0
"10/10/2023";"06:40:00";"23";"Acidente s";"327";"BR-101/SC";"Sul";"Colisão - Lateral";2;0;0;0;0;0;0;0;0;0;3;0;0;0;0
"10/10/2023";"07:22:00";"30";"Acidente c";"415";"BR-101/SC";"Norte";"Capotamento";1;0;0;0;0;0;0;0;0;0;0;0;1;0;0
"10/10/2023";"13:17:00";"116";"Acidente s";"386,23";"BR-101/SC";"Norte";"Colisão - Traseira";0;0;2;0;0;0;0;0;0;0;3;0;0;0;0
"10/10/2023";"19:24:00";"156";"Acidente s";"356";"BR-101/SC";"Sul";"Saída de pista";1;0;0;0;0;0;0;0;0;0;1;0;0;0;0
"10/10/2023";"19:28:00";"157";"Acidente s";"306";"BR-101/SC";"Norte";"Outros";1;0;0;0;0;0;0;0;0;0;1;0;0;0;0
"10/10/2023";"21:26:00";"162";"Acidente s";"433,2";"BR-101/SC";"Norte";"Saída de pista";1;0;0;0;0;0;0;0;0;0;1;0;0;0;0
"11/10/2023";"04:09:00";"9";"Acidente c";"380";"BR-101/SC";"Sul";"Queda de ribanceira";0;0;2;0;0;0;0;0;0;0;1;0;1;0;0
"11/10/2023";"08:29:00";"54";"Acidente s";"403,62";"BR-101/SC";"Norte";"Colisão - Traseira";2;0;0;0;0;0;0;0;0;0;2;0;0;0;0
"11/10/2023";"12:35:00";"91";"Acidente c";"455,1";"BR-101/SC";"Sul";"Saída de pista";1;0;0;0;0;0;0;0;0;0;0;0;1;0;0
"11/10/2023";"13:21:00";"95";"Acidente s";"257";"BR-101/SC";"Norte/Sul";"Colisão - Lateral";1;0;1;0;0;0;0;0;0;0;2;0;0;0;0
"11/10/2023";"13:54:00";"99";"Acidente c";"383,1";"BR-101/SC";"Norte";"Colisão - Traseira";2;0;0;0;0;0;0;0;0;0;0;0;1;0;0
"11/10/2023";"16:21:00";"107";"Acidente c";"436";"BR-101/SC";"Sul";"Colisão - Traseira";1;0;0;1;0;0;0;0;0;0;4;1;0;0;0
"11/10/2023";"17:27:00";"112";"Acidente s";"337";"BR-101/SC";"Sul";"Colisão - Lateral";1;0;1;0;0;0;0;0;0;0;1;0;0;0;0
"11/10/2023";"17:56:00";"114";"Acidente s";"367";"BR-101/SC";"Norte";"Saída de pista";1;0;0;0;0;0;0;0;0;0;1;0;0;0;0
"11/10/2023";"18:54:00";"123";"Acidente c";"328,7";"BR-101/SC";"Norte";"Engavetamento";2;0;1;1;0;0;0;0;0;0;3;1;0;0;0
"11/10/2023";"19:17:00";"127";"Acidente s";"336";"BR-101/SC";"Norte";"Colisão - Traseira";2;0;0;0;0;0;0;0;0;0;2;0;0;0;0
"11/10/2023";"20:28:00";"134";"Acidente s";"309";"BR-101/SC";"Norte";"Queda de ribanceira";1;0;0;0;0;0;0;0;0;0;5;0;0;0;0
"11/10/2023";"21:42:00";"141";"Acidente s";"349";"BR-101/SC";"Norte";"Choque Defensa";1;0;0;0;0;0;0;0;0;0;1;0;0;0;0
"11/10/2023";"22:25:00";"144";"Acidente s";"417";"BR-101/SC";"Norte";"Colisão - Lateral";1;0;0;1;0;0;0;0;0;0;2;0;0;0;0
"12/10/2023";"01:43:00";"8";"Acidente s";"259";"BR-101/SC";"Sul";"Choque Barreira";1;0;0;0;0;0;0;0;0;0;2;0;0;0;0
"12/10/2023";"02:19:00";"11";"Acidente s";"399";"BR-101/SC";"Sul";"Saída de pista";1;0;0;0;0;0;0;0;0;0;1;0;0;0;0
"12/10/2023";"04:21:00";"17";"Acidente s";"363";"BR-101/SC";"Norte";"Queda de ribanceira";1;0;0;0;0;0;0;0;0;0;1;0;0;0;0
"12/10/2023";"05:09:00";"21";"Acidente s";"308,75";"BR-101/SC";"Norte";"Tombamento";0;0;1;0;0;0;0;0;0;0;1;0;0;0;0
"12/10/2023";"12:05:00";"50";"Acidente s";"383";"BR-101/SC";"Norte";"Saída de pista";1;0;0;0;0;0;0;0;0;0;2;0;0;0;0
"12/10/2023";"18:13:00";"73";"Acidente s";"355";"BR-101/SC";"Sul";"Choque Defensa";1;0;0;0;0;0;0;0;0;0;2;0;0;0;0
"12/10/2023";"18:32:00";"78";"Acidente s";"260";"BR-101/SC";"Sul";"Choque Barreira";1;0;0;0;0;0;0;0;0;0;2;0;0;0;0
"12/10/2023";"20:41:00";"94";"Acidente s";"248";"BR-101/SC";"Sul";"Queda de ribanceira";1;0;0;0;0;0;0;0;0;0;1;0;0;0;0
"12/10/2023";"21:32:00";"96";"Acidente c";"456";"BR-101/SC";"Sul";"Colisão - Traseira";1;0;1;0;0;0;0;0;0;0;2;0;1;0;0
"13/10/2023";"00:42:00";"5";"Acidente s";"388";"BR-101/SC";"Sul";"Saída de pista";0;0;1;0;0;0;0;0;0;0;1;0;0;0;0
"13/10/2023";"05:36:00";"20";"Acidente s";"334";"BR-101/SC";"Sul";"Colisão - Lateral";1;0;1;0;0;0;0;0;0;0;2;0;0;0;0
"13/10/2023";"07:37:00";"37";"Acidente s";"257";"BR-101/SC";"Norte";"Choque Defensa";1;0;0;0;0;0;0;0;0;0;1;0;0;0;0
"13/10/2023";"18:21:00";"128";"Acidente s";"401";"BR-101/SC";"Sul";"Colisão - Traseira";1;0;1;0;0;0;0;0;0;0;2;0;0;0;0
"13/10/2023";"18:49:00";"131";"Acidente c";"306,903";"BR-101/SC";"Sul";"Colisão - Lateral";0;0;1;1;0;0;0;0;0;0;1;0;1;0;0
"13/10/2023";"20:48:00";"140";"Acidente c";"443";"BR-101/SC";"Norte";"Colisão - Lateral";0;0;0;1;0;0;0;0;0;0;0;2;0;0;0
"14/10/2023";"00:26:00";"3";"Acidente s";"333";"BR-101/SC";"Norte";"Saída de pista";1;0;0;0;0;0;0;0;0;0;1;0;0;0;0
"14/10/2023";"03:34:00";"15";"Acidente s";"358";"BR-101/SC";"Sul";"Saída de pista";1;0;0;0;0;0;0;0;0;0;4;0;0;0;0
"15/10/2023";"02:49:00";"9";"Acidente s";"457,5";"BR-101/SC";"Sul";"Saída de pista";1;0;0;0;0;0;0;0;0;0;5;0;0;0;0
"15/10/2023";"04:48:00";"14";"Acidente s";"283";"BR-101/SC";"Norte";"Saída de pista";1;0;0;0;0;0;0;0;0;0;1;0;0;0;0
"15/10/2023";"06:06:00";"17";"Acidente s";"276,95";"BR-101/SC";"Norte";"Choque - Poste";1;0;0;0;0;0;0;0;0;0;1;0;0;0;0
"15/10/2023";"12:37:00";"45";"Acidente s";"389,15";"BR-101/SC";"Sul";"Choque - Pilar";1;0;0;0;0;0;0;0;0;0;1;0;0;0;0
"15/10/2023";"19:54:00";"88";"Acidente s";"271";"BR-101/SC";"Sul";"Capotamento";1;0;0;0;0;0;0;0;0;0;1;0;0;0;0
"16/10/2023";"01:01:00";"2";"Acidente s";"294";"BR-101/SC";"Norte";"Saída de pista";1;0;0;0;0;0;0;0;0;0;1;0;0;0;0
"16/10/2023";"11:06:00";"68";"Acidente s";"373";"BR-101/SC";"Sul";"Saída de pista";1;0;0;0;0;0;0;0;0;0;1;0;0;0;0
"16/10/2023";"12:17:00";"74";"Acidente c";"327";"BR-101/SC";"Norte";"Colisão - Lateral";2;0;0;0;0;0;0;0;0;0;1;1;0;0;0
"16/10/2023";"16:21:00";"84";"Acidente s";"381";"BR-101/SC";"Sul";"Capotamento";1;0;0;0;0;0;0;0;0;0;1;0;0;0;0
"16/10/2023";"18:03:00";"92";"Acidente s";"381,1";"BR-101/SC";"Sul";"Capotamento";1;0;0;0;0;0;0;0;0;0;1;0;0;0;0
"16/10/2023";"21:36:00";"119";"Acidente s";"402";"BR-101/SC";"Norte";"Saída de pista";1;0;0;0;0;0;0;0;0;0;1;0;0;0;0
"16/10/2023";"22:53:00";"124";"Acidente s";"355";"BR-101/SC";"Norte";"Choque com veículo no acostamento";1;0;1;0;0;0;0;0;0;0;2;0;0;0;0
"17/10/2023";"22:08:00";"155";"Acidente s";"331";"BR-101/SC";"Norte";"Colisão - Transversal";1;0;0;1;0;0;0;0;0;0;2;0;0;0;0
"18/10/2023";"00:55:00";"5";"Acidente s";"269";"BR-101/SC";"Sul";"Tombamento";0;0;1;0;0;0;0;0;0;0;2;0;0;0;0
"18/10/2023";"13:41:00";"116";"Acidente s";"269";"BR-101/SC";"Sul";"Engavetamento";2;0;1;0;0;0;0;0;0;0;4;0;0;0;0
"18/10/2023";"18:53:00";"143";"Acidente c";"434";"BR-101/SC";"Norte";"Colisão - Transversal";2;0;0;1;0;0;0;0;0;0;3;0;1;0;0
"18/10/2023";"23:20:00";"166";"Acidente s";"330";"BR-101/SC";"Norte";"Saída de pista";1;0;0;0;0;0;0;0;0;0;1;0;0;0;0
"19/10/2023";"20:08:00";"154";"Acidente c";"386";"BR-101/SC";"Sul";"Colisão - Traseira";2;0;0;0;0;0;0;0;0;0;4;1;0;0;0
"20/10/2023";"11:08:00";"86";"Acidente c";"446";"BR-101/SC";"Norte";"Atropelamento - Ambulante";1;0;0;0;0;0;0;0;0;0;1;0;0;1;0
"20/10/2023";"14:34:00";"107";"Acidente s";"332,1";"BR-101/SC";"Norte";"Colisão - Lateral";1;0;1;0;0;0;0;0;0;0;2;0;0;0;0
"20/10/2023";"22:42:00";"146";"Acidente s";"333,1";"BR-101/SC";"Norte";"Colisão - Traseira";2;0;0;0;0;0;0;0;0;0;5;0;0;0;0
"21/10/2023";"01:53:00";"5";"Acidente s";"366";"BR-101/SC";"Sul";"Atropelamento de Animal";1;0;0;0;0;0;0;0;0;0;1;0;0;0;0
"21/10/2023";"02:21:00";"8";"Acidente c";"281";"BR-101/SC";"Sul";"Queda de ribanceira";1;0;0;0;0;0;0;0;0;0;0;0;0;1;0
"21/10/2023";"10:30:00";"64";"Acidente s";"404";"BR-101/SC";"Norte";"Colisão - Traseira";2;0;0;0;0;0;0;0;0;0;4;0;0;0;0
"21/10/2023";"13:06:00";"83";"Acidente s";"344";"BR-101/SC";"Norte";"Colisão - Traseira";1;0;0;1;0;0;0;0;0;0;2;0;0;0;0