data;horario;n_da_ocorrencia;tipo_de_ocorrencia;km;trecho;sentido;tipo_de_acidente;automovel;bicicleta;caminhao;moto;onibus;outros;tracao_animal;transporte_de_cargas_especiais;trator_maquinas;utilitarios;ilesos;levemente_feridos;moderadamente_feridos;gravemente_feridos;mortos
"20/11/2023";"14:03:00";"107";"Acidente s";"311,9";"BR-101/SC";"Sul";"Colisão - Lateral";1;0;1;0;0;0;0;0;0;0;2;0;0;0;0
"20/11/2023";"19:15:00";"130";"Acidente c";"385";"BR-101/SC";"Sul";"Colisão - Transversal";2;0;0;0;0;0;0;0;0;0;2;3;0;1;0
"20/11/2023";"20:37:00";"141";"Acidente s";"269,9";"BR-101/SC";"Norte";"Saída de pista";1;0;0;0;0;0;0;0;0;0;2;0;0;0;0
"21/11/2023";"07:48:00";"44";"Acidente c";"326";"BR-101/SC";"Sul";"Queda de moto";0;0;0;1;0;0;0;0;0;0;0;2;0;0;0
"21/11/2023";"10:42:00";"91";"Acidente s";"412";"BR-101/SC";"Norte";"Saída de pista";0;0;0;0;0;0;0;0;0;0;1;0;0;0;0
"21/11/2023";"11:32:00";"96";"Acidente s";"341,23";"BR-101/SC";"Sul";"Colisão - Lateral";2;0;0;0;0;0;0;0;0;0;2;0;0;0;0
"21/11/2023";"21:47:00";"157";"Acidente s";"417";"BR-101/SC";"Norte";"Saída de pista";1;0;0;0;0;0;0;0;0;0;1;0;0;0;0
"22/11/2023";"09:02:00";"69";"Acidente s";"331";"BR-101/SC";"Sul";"Saída de pista";0;0;1;0;0;0;0;0;0;0;1;0;0;0;0
"22/11/2023";"12:26:00";"108";"Acidente s";"416";"BR-101/SC";"Sul";"Engavetamento";3;0;0;0;0;0;0;0;0;0;3;0;0;0;0
"22/11/2023";"15:21:00";"130";"Acidente c";"390";"BR-101/SC";"Norte";"Saída de pista";1;0;0;0;0;0;0;0;0;0;1;1;0;0;0
"22/11/2023";"19:56:00";"151";"Acidente s";"323";"BR-101/SC";"Norte";"Colisão - Traseira";0;0;2;0;0;0;0;0;0;0;2;0;0;0;0
"22/11/2023";"21:00:00";"153";"Acidente s";"404";"BR-101/SC";"Norte";"Colisão - Traseira";2;0;0;0;0;0;0;0;0;0;6;0;0;0;0
"23/11/2023";"05:18:00";"8";"Acidente c";"327";"BR-101/SC";"Norte";"Colisão - Lateral";1;0;0;1;0;0;0;0;0;0;2;1;0;0;0
"23/11/2023";"05:19:00";"9";"Acidente s";"264";"BR-101/SC";"Sul";"Choque Defensa";1;0;0;0;0;0;0;0;0;0;1;0;0;0;0
"23/11/2023";"08:36:00";"44";"Acidente s";"384";"BR-101/SC";"Sul";"Saída de pista";1;0;0;0;0;0;0;0;0;0;1;0;0;0;0
"23/11/2023";"09:25:00";"54";"Acidente s";"313";"BR-101/SC";"Sul";"Choque Barreira";1;0;0;0;0;0;0;0;0;0;1;0;0;0;0
"23/11/2023";"18:15:00";"121";"Acidente c";"415";"BR-101/SC";"Norte";"Queda de moto";1;0;0;1;0;0;0;0;0;0;1;0;1;0;0
"23/11/2023";"23:21:00";"145";"Acidente s";"250";"BR-101/SC";"Sul";"Colisão - Traseira";1;0;1;0;0;0;0;0;0;0;4;0;0;0;0
"24/11/2023";"03:58:00";"4";"Acidente c";"414";"BR-101/SC";"Sul";"Capotamento";1;0;0;0;0;0;0;0;0;0;0;1;0;0;0
"24/11/2023";"06:22:00";"9";"Acidente c";"343";"BR-101/SC";"Norte";"Queda de moto";0;0;0;1;0;0;0;0;0;0;0;2;0;0;0
"24/11/2023";"06:24:00";"11";"Acidente c";"445";"BR-101/SC";"Norte";"Queda de moto";0;0;0;1;0;0;0;0;0;0;0;1;0;0;0
"24/11/2023";"07:15:00";"30";"Acidente c";"350";"BR-101/SC";"Norte";"Colisão - Traseira";0;0;2;0;0;0;0;0;0;0;2;1;0;0;0
"24/11/2023";"07:37:00";"42";"Acidente s";"250";"BR-101/SC";"Sul";"Saída de pista";0;0;1;0;0;0;0;0;0;0;2;0;0;0;0
"24/11/2023";"17:04:00";"149";"Acidente s";"337";"BR-101/SC";"Norte";"Engavetamento";3;0;0;0;0;0;0;0;0;0;6;0;0;0;0
"24/11/2023";"17:37:00";"156";"Acidente s";"326";"BR-101/SC";"Sul";"Saída de pista";1;0;0;0;0;0;0;0;0;0;1;0;0;0;0
"24/11/2023";"18:34:00";"159";"Acidente c";"441";"BR-101/SC";"Sul";"Colisão - Traseira";1;0;0;2;0;0;0;0;0;0;2;1;0;0;0
"24/11/2023";"19:13:00";"166";"Acidente s";"441";"BR-101/SC";"Sul";"Colisão - Traseira";3;0;0;0;0;0;0;0;0;0;3;0;0;0;0
"24/11/2023";"21:01:00";"179";"Acidente s";"247";"BR-101/SC";"Norte";"Colisão - Lateral";1;0;1;0;0;0;0;0;0;0;3;0;0;0;0
"25/11/2023";"09:03:00";"55";"Acidente s";"353";"BR-101/SC";"Sul";"Choque - Meio Fio";1;0;0;0;0;0;0;0;0;0;1;0;0;0;0
"25/11/2023";"11:02:00";"72";"Acidente s";"464";"BR-101/SC";"Sul";"Saída de pista";1;0;0;0;0;0;0;0;0;0;1;0;0;0;0
"25/11/2023";"11:15:00";"73";"Acidente s";"370";"BR-101/SC";"Sul";"Saída de pista";1;0;0;0;0;0;0;0;0;0;2;0;0;0;0
"25/11/2023";"12:49:00";"83";"Acidente s";"288";"BR-101/SC";"Norte";"Colisão - Lateral";1;0;1;0;0;0;0;0;0;0;2;0;0;0;0
"25/11/2023";"14:30:00";"89";"Acidente s";"338";"BR-101/SC";"Norte";"Colisão - Lateral";2;0;0;0;0;0;0;0;0;0;6;0;0;0;0
"25/11/2023";"15:26:00";"92";"Acidente s";"282";"BR-101/SC";"Norte";"Colisão - Lateral";1;0;1;0;0;0;0;0;0;0;2;0;0;0;0
"25/11/2023";"18:51:00";"116";"Acidente c";"454,1";"BR-101/SC";"Sul";"Queda de moto";0;0;0;1;0;0;0;0;0;0;0;1;1;0;0
"25/11/2023";"23:41:00";"137";"Acidente s";"308";"BR-101/SC";"Norte";"Saída de pista";1;0;0;0;0;0;0;0;0;0;1;0;0;0;0
"26/11/2023";"03:39:00";"6";"Acidente s";"372";"BR-101/SC";"Sul";"Saída de pista";1;0;0;0;0;0;0;0;0;0;1;0;0;0;0
"26/11/2023";"15:42:00";"80";"Acidente s";"382";"BR-101/SC";"Norte";"Colisão - Traseira";0;0;0;2;0;0;0;0;0;0;4;0;0;0;0
"26/11/2023";"19:30:00";"109";"Acidente s";"432";"BR-101/SC";"Sul";"Colisão - Traseira";2;0;1;0;0;0;0;0;0;0;4;0;0;0;0
"26/11/2023";"20:12:00";"113";"Acidente s";"374";"BR-101/SC";"Norte";"Choque - Arvore";1;0;0;0;0;0;0;0;0;0;2;0;0;0;0
"26/11/2023";"21:59:00";"123";"Acidente s";"459";"BR-101/SC";"Norte";"Atropelamento de Animal";1;0;0;0;0;0;0;0;0;0;1;0;0;0;0
"27/11/2023";"09:14:00";"81";"Acidente c";"446";"BR-101/SC";"Sul";"Queda de moto";0;0;0;1;0;0;0;0;0;0;0;2;0;0;0
"27/11/2023";"14:19:00";"128";"Acidente c";"354";"BR-101/SC";"Sul";"Colisão - Traseira";2;0;0;0;0;0;0;0;0;0;3;1;0;0;0
"28/11/2023";"11:14:00";"81";"Acidente s";"328";"BR-101/SC";"Norte";"Saída de pista";1;0;0;0;0;0;0;0;0;0;1;0;0;0;0
"28/11/2023";"12:46:00";"93";"Acidente c";"281,9";"BR-101/SC";"Sul";"Colisão - Traseira";3;0;0;0;0;0;0;0;0;0;3;1;0;0;0
"28/11/2023";"12:53:00";"94";"Acidente s";"338,5";"BR-101/SC";"Norte";"Choque Barreira";1;0;0;0;0;0;0;0;0;0;1;0;0;0;0
"28/11/2023";"14:38:00";"100";"Acidente s";"383";"BR-101/SC";"Norte/Sul";"Saída de pista";0;0;2;0;0;0;0;0;0;0;1;0;0;0;0
"28/11/2023";"16:02:00";"106";"Acidente s";"256,2";"BR-101/SC";"Sul";"Saída de pista";1;0;0;0;0;0;0;0;0;0;1;0;0;0;0
"28/11/2023";"18:54:00";"119";"Acidente s";"287,8";"BR-101/SC";"Sul";"Colisão - Lateral";2;0;0;0;0;0;0;0;0;0;2;0;0;0;0
"28/11/2023";"21:10:00";"129";"Acidente c";"337";"BR-101/SC";"Sul";"Choque Barreira";1;0;0;0;0;0;0;0;0;0;0;1;0;0;0
"28/11/2023";"22:47:00";"133";"Acidente c";"257";"BR-101/SC";"Sul";"Colisão - Traseira";0;0;2;0;0;0;0;0;0;0;1;0;1;0;0
"28/11/2023";"23:12:00";"135";"Acidente s";"298";"BR-101/SC";"Norte";"Colisão - Traseira";1;0;0;0;0;0;0;0;0;0;1;0;0;0;0
"29/11/2023";"08:03:00";"31";"Acidente c";"333";"BR-101/SC";"Norte";"Colisão - Lateral";1;0;1;0;0;0;0;0;0;0;1;2;0;0;0
"29/11/2023";"16:44:00";"109";"Acidente s";"383";"BR-101/SC";"Norte";"Colisão - Traseira";0;0;2;0;0;0;0;0;0;0;2;0;0;0;0
"29/11/2023";"18:33:00";"115";"Acidente s";"284";"BR-101/SC";"Sul";"Colisão - Traseira";2;0;0;0;0;0;0;0;0;0;3;0;0;0;0
"29/11/2023";"20:11:00";"121";"Acidente s";"257";"BR-101/SC";"Sul";"Saída de pista";1;0;0;0;0;0;0;0;0;0;1;0;0;0;0
"30/11/2023";"00:22:00";"3";"Acidente s";"363";"BR-101/SC";"Norte";"Colisão - Traseira";0;0;2;0;0;0;0;0;0;0;2;0;0;0;0
"30/11/2023";"03:08:00";"8";"Acidente s";"304";"BR-101/SC";"Sul";"Choque Barreira";0;0;1;0;0;0;0;0;0;0;1;0;0;0;0
"01/12/2023";"03:30:00";"12";"Acidente c";"446";"BR-101/SC";"Sul";"Tombamento";0;0;0;0;0;0;0;1;0;0;0;0;1;0;0
"01/12/2023";"03:56:00";"13";"Acidente s";"280";"BR-101/SC";"Norte";"Saída de pista";1;0;0;0;0;0;0;0;0;0;3;0;0;0;0
"01/12/2023";"07:06:00";"30";"Acidente c";"365";"BR-101/SC";"Sul";"Colisão - Frontal";2;0;0;0;0;0;0;0;0;0;0;1;2;0;0
"01/12/2023";"08:36:00";"78";"Acidente c";"361,5";"BR-101/SC";"Sul";"Engavetamento";4;0;0;0;0;0;0;0;0;0;9;1;0;0;0
"01/12/2023";"11:20:00";"116";"Acidente s";"290";"BR-101/SC";"Sul";"Colisão - Traseira";0;0;0;0;0;0;0;2;0;0;2;0;0;0;0
"01/12/2023";"14:04:00";"128";"Acidente s";"337";"BR-101/SC";"Norte";"Colisão - Traseira";1;0;0;1;0;0;0;0;0;0;2;0;0;0;0
"01/12/2023";"16:59:00";"144";"Acidente s";"276,9";"BR-101/SC";"Norte";"Colisão - Frontal";2;0;0;0;0;0;0;1;0;0;4;0;0;0;0
"01/12/2023";"17:50:00";"148";"Acidente c";"282";"BR-101/SC";"Sul";"Colisão - Lateral";1;0;0;1;0;0;0;0;0;0;1;1;0;0;0
"01/12/2023";"21:56:00";"166";"Acidente c";"341";"BR-101/SC";"Norte";"Colisão - Lateral";1;0;0;1;0;0;0;0;0;0;2;1;0;0;0
"02/12/2023";"04:58:00";"12";"Acidente s";"272";"BR-101/SC";"Sul";"Choque Defensa";1;0;0;0;0;0;0;0;0;0;1;0;0;0;0
"02/12/2023";"06:16:00";"17";"Acidente c";"343,6";"BR-101/SC";"Sul";"Colisão - Lateral";1;0;0;0;0;0;0;1;0;0;1;1;0;0;0
"02/12/2023";"09:21:00";"52";"Acidente s";"376";"BR-101/SC";"Norte";"Choque Defensa";1;0;0;0;0;0;0;0;0;0;1;0;0;0;0
"02/12/2023";"11:04:00";"67";"Acidente s";"334";"BR-101/SC";"Sul";"Colisão - Lateral";1;0;0;0;0;0;0;1;0;0;5;0;0;0;0
"02/12/2023";"14:39:00";"99";"Acidente s";"399";"BR-101/SC";"Sul";"Choque Defensa";1;0;0;0;0;0;0;0;0;0;1;0;0;0;0
"02/12/2023";"16:05:00";"108";"Acidente s";"372";"BR-101/SC";"Norte";"Colisão - Lateral";1;0;0;0;0;0;0;0;0;0;3;0;0;0;0
"02/12/2023";"17:29:00";"120";"Acidente s";"368";"BR-101/SC";"Norte";"Colisão - Lateral";2;0;0;0;0;0;0;0;0;0;4;0;0;0;0
"02/12/2023";"18:19:00";"124";"Acidente c";"331";"BR-101/SC";"Sul";"Queda de moto";0;0;0;1;0;0;0;0;0;0;1;0;1;0;0
"02/12/2023";"19:22:00";"129";"Acidente c";"266";"BR-101/SC";"Norte";"Colisão - Traseira";0;0;0;0;0;0;0;1;0;1;21;0;4;0;0
"02/12/2023";"19:26:00";"130";"Acidente c";"344";"BR-101/SC";"Norte";"Colisão - Traseira";2;0;0;0;0;0;0;0;0;0;4;1;0;0;0
"03/12/2023";"00:08:00";"4";"Acidente s";"347";"BR-101/SC";"Sul";"Saída de pista";1;0;0;0;0;0;0;0;0;0;3;0;0;0;0
"03/12/2023";"05:11:00";"9";"Acidente s";"318";"BR-101/SC";"Norte";"Colisão - Lateral";1;0;0;0;0;0;0;1;0;0;6;0;0;0;0
"03/12/2023";"05:24:00";"10";"Acidente s";"254";"BR-101/SC";"Sul";"Saída de pista";1;0;0;0;0;0;0;0;0;0;1;0;0;0;0
"03/12/2023";"06:28:00";"13";"Acidente s";"335";"BR-101/SC";"Norte";"Colisão - Lateral";1;0;0;0;0;0;0;1;0;0;6;0;0;0;0
"03/12/2023";"10:23:00";"37";"Acidente s";"281";"BR-101/SC";"Norte";"Colisão - Traseira";1;0;0;0;0;0;0;0;0;0;2;0;0;0;0
"03/12/2023";"11:05:00";"38";"Acidente s";"327";"BR-101/SC";"Norte";"Colisão - Lateral";2;0;0;0;0;0;0;0;0;0;5;0;0;0;0
"03/12/2023";"12:29:00";"46";"Acidente s";"380";"BR-101/SC";"Norte";"Saída de pista";1;0;0;0;0;0;0;0;0;0;2;0;0;0;0
"03/12/2023";"14:26:00";"56";"Acidente c";"312,1";"BR-101/SC";"Sul";"Colisão - Frontal";1;0;0;1;0;0;0;0;0;0;0;1;0;0;1
"03/12/2023";"19:32:00";"79";"Acidente s";"465";"BR-101/SC";"Norte";"Saída de pista";1;0;0;0;0;0;0;0;0;0;3;0;0;0;0
"03/12/2023";"22:11:00";"89";"Acidente s";"271";"BR-101/SC";"Sul";"Colisão - Lateral";1;0;0;0;0;0;0;1;0;0;3;0;0;0;0
"04/12/2023";"02:06:00";"7";"Acidente s";"326,9";"BR-101/SC";"Norte";"Choque - Poste";1;0;0;0;0;0;0;0;0;0;1;0;0;0;0
"04/12/2023";"09:50:00";"56";"Acidente s";"309,9";"BR-101/SC";"Norte";"Choque Barreira";1;0;0;0;0;0;0;0;0;0;2;0;0;0;0
"04/12/2023";"15:44:00";"83";"Acidente s";"354";"BR-101/SC";"Norte";"Colisão - Traseira";1;0;0;0;0;0;0;0;0;0;1;0;0;0;0
"04/12/2023";"16:06:00";"84";"Acidente c";"398,2";"BR-101/SC";"Norte";"Colisão - Traseira";0;0;0;1;0;0;0;1;0;0;1;0;1;0;0
"04/12/2023";"16:17:00";"86";"Acidente s";"398,3";"BR-101/SC";"Norte";"Choque Barreira";1;0;0;0;0;0;0;0;0;0;1;0;0;0;0
"04/12/2023";"18:04:00";"92";"Acidente s";"306";"BR-101/SC";"Norte";"Choque com objeto sobre a pista";0;0;1;0;0;0;0;1;0;1;4;0;0;0;0
"04/12/2023";"21:53:00";"109";"Acidente s";"333";"BR-101/SC";"Norte";"Choque Barreira";1;0;0;0;0;0;0;0;0;0;1;0;0;0;0
"04/12/2023";"22:25:00";"110";"Acidente c";"248";"BR-101/SC";"Norte";"Queda de moto";0;0;0;1;0;0;0;0;0;0;0;1;1;0;0
"05/12/2023";"04:15:00";"8";"Acidente s";"396";"BR-101/SC";"Norte";"Saída de pista";1;0;0;0;0;0;0;0;0;0;1;0;0;0;0
"05/12/2023";"04:51:00";"11";"Acidente s";"255,06";"BR-101/SC";"Norte";"Tombamento";0;0;0;0;0;0;0;0;0;1;1;0;0;0;0
"05/12/2023";"07:09:00";"20";"Acidente s";"354";"BR-101/SC";"Sul";"Choque Defensa";1;0;0;0;0;0;0;0;0;0;1;0;0;0;0
"05/12/2023";"11:42:00";"73";"Acidente s";"256";"BR-101/SC";"Norte";"Colisão - Traseira";0;0;1;0;0;0;0;0;0;1;2;0;0;0;0
"06/12/2023";"13:04:00";"115";"Acidente s";"269";"BR-101/SC";"Norte";"Saída de pista";1;0;0;0;0;0;0;0;0;1;2;0;0;0;0
"06/12/2023";"15:34:00";"131";"Acidente s";"360";"BR-101/SC";"Sul";"Saída de pista";1;0;0;0;0;0;0;0;0;0;1;0;0;0;0
"06/12/2023";"18:58:00";"152";"Acidente s";"404";"BR-101/SC";"Norte";"Colisão - Traseira";1;0;0;0;0;0;0;1;0;0;2;0;0;0;0
"06/12/2023";"20:37:00";"159";"Acidente s";"344";"BR-101/SC";"Sul";"Colisão - Traseira";2;0;0;0;0;0;0;0;0;0;5;0;0;0;0
"06/12/2023";"21:20:00";"162";"Acidente s";"420";"BR-101/SC";"Norte";"Saída de pista";1;0;0;0;0;0;0;0;0;0;3;0;0;0;0
"07/12/2023";"05:57:00";"21";"Acidente s";"404";"BR-101/SC";"Sul";"Colisão - Traseira";1;0;0;0;0;0;0;0;0;1;3;0;0;0;0
"07/12/2023";"07:21:00";"35";"Atropelame";"397";"BR-101/SC";"Sul";"Atropelamento - Morador/Trabalhador/Estudante";0;0;0;0;0;0;0;0;0;1;1;0;0;1;0
"07/12/2023";"15:41:00";"149";"Acidente c";"368";"BR-101/SC";"Norte";"Colisão - Traseira";3;0;0;0;0;0;0;0;0;0;2;1;0;0;0
"07/12/2023";"15:59:00";"150";"Acidente c";"329";"BR-101/SC";"Norte";"Colisão - Traseira";1;0;0;1;0;0;0;0;0;0;1;0;1;0;0
"07/12/2023";"19:55:00";"163";"Acidente s";"417";"BR-101/SC";"Norte";"Colisão - Transversal";2;0;0;0;0;0;0;0;0;0;3;0;0;0;0
"08/12/2023";"00:26:00";"3";"Atropelame";"421";"BR-101/SC";"Sul";"Atropelamento - Andarilho";1;0;0;0;0;0;0;0;0;0;1;1;0;0;0
"08/12/2023";"07:06:00";"25";"Acidente s";"382";"BR-101/SC";"Norte";"Saída de pista";1;0;1;0;0;0;0;0;0;0;2;0;0;0;0
"08/12/2023";"09:34:00";"78";"Acidente s";"405";"BR-101/SC";"Sul";"Colisão - Traseira";2;0;0;0;0;0;0;0;0;0;7;0;0;0;0
"08/12/2023";"10:28:00";"87";"Acidente s";"337";"BR-101/SC";"Norte";"Queda de moto";0;0;0;1;0;0;0;0;0;0;1;0;0;0;0
"08/12/2023";"12:08:00";"90";"Acidente s";"349";"BR-101/SC";"Sul";"Colisão - Lateral";1;0;0;0;0;0;0;0;0;1;2;0;0;0;0
"08/12/2023";"16:06:00";"117";"Acidente s";"354";"BR-101/SC";"Norte";"Colisão - Traseira";2;0;0;0;0;0;0;0;0;0;6;0;0;0;0
"08/12/2023";"19:41:00";"133";"Acidente s";"360";"BR-101/SC";"Sul";"Saída de pista";1;0;0;0;0;0;0;0;0;0;4;0;0;0;0
"08/12/2023";"20:15:00";"135";"Acidente c";"340";"BR-101/SC";"Norte";"Colisão - Traseira";1;0;0;2;1;0;0;0;0;0;4;1;1;0;0
"08/12/2023";"22:52:00";"149";"Acidente s";"384";"BR-101/SC";"Sul";"Saída de pista";1;0;0;0;0;0;0;0;0;0;1;0;0;0;0
"09/12/2023";"03:53:00";"14";"Acidente s";"396";"BR-101/SC";"Norte";"Capotamento";1;0;0;0;0;0;0;0;0;0;3;0;0;0;0
"09/12/2023";"04:05:00";"16";"Acidente s";"257";"BR-101/SC";"Sul";"Choque Defensa";1;0;0;0;0;0;0;0;0;0;1;0;0;0;0
"09/12/2023";"15:58:00";"93";"Acidente c";"310";"BR-101/SC";"Norte";"Colisão - Traseira";0;0;0;2;0;0;0;0;0;0;1;1;0;0;0
"09/12/2023";"16:47:00";"96";"Acidente s";"416";"BR-101/SC";"Norte";"Colisão - Lateral";2;0;0;0;0;0;0;0;0;0;2;0;0;0;0
"09/12/2023";"22:52:00";"134";"Acidente c";"420";"BR-101/SC";"Norte";"Colisão - Transversal";1;0;0;1;0;0;0;0;0;0;1;0;1;0;0
"10/12/2023";"01:21:00";"2";"Acidente s";"310";"BR-101/SC";"Sul";"Colisão - Transversal";1;0;0;1;0;0;0;0;0;0;5;0;0;0;0
"10/12/2023";"10:26:00";"59";"Acidente s";"273";"BR-101/SC";"Norte";"Queda de moto";0;0;0;1;0;0;0;0;0;0;1;0;0;0;0
"10/12/2023";"12:39:00";"75";"Acidente c";"267,1";"BR-101/SC";"Norte";"Choque Defensa";1;0;0;0;0;0;0;0;0;0;1;1;0;0;0
"10/12/2023";"15:51:00";"91";"Acidente c";"291";"BR-101/SC";"Norte";"Colisão - Traseira";1;0;0;1;0;0;0;0;0;0;1;1;0;0;0
"10/12/2023";"17:51:00";"103";"Acidente s";"298";"BR-101/SC";"Sul";"Colisão - Traseira";0;0;1;0;0;0;0;0;0;1;2;0;0;0;0
"10/12/2023";"20:32:00";"120";"Acidente s";"336";"BR-101/SC";"Sul";"Choque Barreira";1;0;0;0;0;0;0;0;0;0;2;0;0;0;0
"10/12/2023";"22:26:00";"132";"Acidente s";"407";"BR-101/SC";"Norte";"Colisão - Lateral";1;0;0;0;0;0;0;0;0;1;3;0;0;0;0
"10/12/2023";"22:49:00";"135";"Acidente s";"335";"BR-101/SC";"Sul";"Saída de pista";1;0;0;0;0;0;0;0;0;0;2;0;0;0;0
"11/12/2023";"02:30:00";"10";"Acidente s";"442";"BR-101/SC";"Sul";"Saída de pista";1;0;0;0;0;0;0;0;0;0;1;0;0;0;0
"11/12/2023";"08:50:00";"69";"Acidente s";"381,9";"BR-101/SC";"Sul";"Saída de pista";0;0;0;0;0;0;0;0;0;1;1;0;0;0;0
"11/12/2023";"10:12:00";"77";"Acidente c";"437";"BR-101/SC";"Norte";"Colisão - Traseira";1;0;0;0;0;0;0;0;0;0;1;0;2;0;0
"11/12/2023";"13:58:00";"103";"Acidente c";"377";"BR-101/SC";"Sul";"Saída de pista";1;0;0;0;0;0;0;0;0;0;0;0;1;0;0
"11/12/2023";"15:29:00";"113";"Acidente s";"344";"BR-101/SC";"Norte";"Colisão - Lateral";1;0;0;0;0;0;0;1;0;0;2;0;0;0;0
"11/12/2023";"21:31:00";"146";"Acidente s";"454";"BR-101/SC";"Sul";"Colisão - Lateral";1;0;0;0;0;0;0;1;0;0;4;0;0;0;0
"11/12/2023";"22:15:00";"152";"Acidente s";"340,6";"BR-101/SC";"Sul";"Choque Barreira";0;0;0;0;0;0;0;1;0;0;1;0;0;0;0
"11/12/2023";"22:25:00";"153";"Acidente c";"381";"BR-101/SC";"Norte";"Queda de moto";0;0;0;1;0;0;0;0;0;0;0;2;0;0;0
"12/12/2023";"08:23:00";"59";"Acidente s";"353";"BR-101/SC";"Sul";"Colisão - Traseira";2;0;0;0;0;0;0;0;0;0;2;0;0;0;0
"12/12/2023";"10:06:00";"92";"Acidente s";"404";"BR-101/SC";"Sul";"Colisão - Traseira";2;0;0;0;0;0;0;0;0;0;2;0;0;0;0
"12/12/2023";"16:08:00";"145";"Acidente c";"277";"BR-101/SC";"Norte";"Colisão - Lateral";1;0;0;1;0;0;0;0;0;0;1;1;0;0;0
"12/12/2023";"16:10:00";"148";"Acidente s";"253";"BR-101/SC";"Sul";"Saída de pista";1;0;0;0;0;0;0;0;0;0;3;0;0;0;0
"12/12/2023";"18:26:00";"162";"Acidente s";"323";"BR-101/SC";"Norte";"Colisão - Traseira";2;0;0;0;0;0;0;0;0;0;2;0;0;0;0
"13/12/2023";"13:59:00";"116";"Acidente c";"316,4";"BR-101/SC";"Norte";"Colisão - Traseira";2;0;0;0;0;0;0;0;0;0;1;0;1;0;0
"13/12/2023";"14:54:00";"125";"Acidente s";"322,9";"BR-101/SC";"Norte";"Colisão - Traseira";3;0;0;0;0;0;0;0;0;0;3;0;0;0;0
"13/12/2023";"18:15:00";"145";"Acidente s";"435";"BR-101/SC";"Norte";"Colisão - Lateral";1;0;0;1;0;0;0;0;0;0;2;0;0;0;0
"13/12/2023";"23:38:00";"164";"Acidente s";"451,62";"BR-101/SC";"Sul";"Tombamento";0;0;1;0;0;0;0;0;0;0;1;0;0;0;0
"14/12/2023";"09:27:00";"79";"Acidente s";"404";"BR-101/SC";"Sul";"Colisão - Traseira";1;0;0;0;0;0;0;1;0;0;4;0;0;0;0
"15/12/2023";"05:06:00";"8";"Acidente s";"344";"BR-101/SC";"Norte";"Saída de pista";1;0;0;0;0;0;0;0;0;0;1;0;0;0;0
"15/12/2023";"09:44:00";"73";"Acidente s";"327";"BR-101/SC";"Sul";"Engavetamento";2;0;0;0;0;0;0;0;0;2;5;0;0;0;0
"15/12/2023";"13:42:00";"101";"Acidente c";"437";"BR-101/SC";"Sul";"Colisão - Lateral";1;0;0;1;0;0;0;0;0;0;2;0;1;0;0
"15/12/2023";"13:48:00";"102";"Acidente s";"328";"BR-101/SC";"Sul";"Colisão - Traseira";2;0;0;0;0;0;0;0;0;0;3;0;0;0;0
"15/12/2023";"14:10:00";"106";"Acidente s";"350";"BR-101/SC";"Sul";"Colisão - Lateral";1;0;1;0;0;0;0;0;0;0;2;0;0;0;0
"15/12/2023";"14:48:00";"113";"Acidente s";"327";"BR-101/SC";"Sul";"Colisão - Traseira";1;0;1;0;0;0;0;0;0;0;2;0;0;0;0
"15/12/2023";"14:55:00";"115";"Acidente c";"381";"BR-101/SC";"Sul";"Saída de pista";1;0;0;0;0;0;0;0;0;0;0;1;0;0;0
"15/12/2023";"15:21:00";"118";"Acidente s";"327";"BR-101/SC";"Sul";"Engavetamento";3;0;0;0;0;0;0;0;0;0;4;0;0;0;0
"15/12/2023";"17:39:00";"131";"Acidente s";"245";"BR-101/SC";"Sul";"Queda de ribanceira";1;0;0;0;0;0;0;0;0;0;1;0;0;0;0
"15/12/2023";"19:55:00";"145";"Acidente s";"404";"BR-101/SC";"Norte";"Colisão - Traseira";1;0;0;0;0;0;0;0;0;1;2;0;0;0;0
"15/12/2023";"21:12:00";"147";"Acidente s";"457";"BR-101/SC";"Norte";"Colisão - Lateral";1;0;0;0;0;0;0;1;0;0;3;0;0;0;0
"16/12/2023";"08:27:00";"35";"Acidente s";"331";"BR-101/SC";"Sul";"Saída de pista";1;0;0;0;0;0;0;0;0;0;3;0;0;0;0
"16/12/2023";"11:25:00";"57";"Acidente c";"325";"BR-101/SC";"Sul";"Queda de moto";0;0;0;1;0;0;0;0;0;0;1;1;0;0;0
"16/12/2023";"12:39:00";"64";"Acidente s";"333";"BR-101/SC";"Sul";"Colisão - Lateral";2;0;0;0;0;0;0;0;0;0;4;0;0;0;0
"16/12/2023";"13:57:00";"70";"Acidente s";"335";"BR-101/SC";"Sul";"Choque Barreira";1;0;0;0;0;0;0;0;0;0;2;0;0;0;0
"16/12/2023";"14:36:00";"72";"Acidente c";"401";"BR-101/SC";"Norte";"Colisão - Frontal";1;0;0;1;0;0;0;0;0;0;3;0;1;0;0
"16/12/2023";"16:18:00";"79";"Acidente c";"353";"BR-101/SC";"Sul";"Queda de moto";1;0;0;1;0;0;0;0;0;0;2;1;1;0;0
"16/12/2023";"20:32:00";"93";"Acidente s";"378,9";"BR-101/SC";"Norte";"Colisão - Traseira";2;0;0;0;0;0;0;0;0;0;2;0;0;0;0
"16/12/2023";"22:52:00";"103";"Acidente s";"394";"BR-101/SC";"Sul";"Colisão - Traseira";2;0;0;0;0;0;0;0;0;0;2;0;0;0;0
"17/12/2023";"01:37:00";"3";"Acidente c";"371,2";"BR-101/SC";"Norte";"Queda de moto";0;0;0;1;0;0;0;0;0;0;0;0;1;0;0
"17/12/2023";"18:40:00";"86";"Acidente s";"310";"BR-101/SC";"Sul";"Engavetamento";3;0;0;0;0;0;0;0;0;1;8;0;0;0;0