data;horario;n_da_ocorrencia;tipo_de_ocorrencia;km;trecho;sentido;tipo_de_acidente;automovel;bicicleta;caminhao;moto;onibus;outros;tracao_animal;transporte_de_cargas_especiais;trator_maquinas;utilitarios;ilesos;levemente_feridos;moderadamente_feridos;gravemente_feridos;mortos
"18/12/2023";"02:09:00";"7";"Acidente s";"368";"BR-101/SC";"Sul";"Capotamento";1;0;0;0;0;0;0;0;0;0;2;0;0;0;0
"18/12/2023";"05:39:00";"14";"Acidente s";"405";"BR-101/SC";"Norte";"Queda de moto";0;0;0;0;0;1;0;0;0;0;1;0;0;0;0
"18/12/2023";"09:40:00";"66";"Acidente s";"283";"BR-101/SC";"Sul";"Colisão - Traseira";3;0;0;0;0;0;0;0;0;0;9;0;0;0;0
"18/12/2023";"10:31:00";"71";"Acidente s";"283";"BR-101/SC";"Sul";"Saída de pista";0;0;1;0;0;0;0;0;0;0;1;0;0;0;0
"18/12/2023";"11:15:00";"76";"Acidente s";"336";"BR-101/SC";"Sul";"Colisão - Traseira";2;0;0;0;0;0;0;0;0;0;6;0;0;0;0
"18/12/2023";"14:27:00";"103";"Acidente s";"419";"BR-101/SC";"Sul";"Colisão - Traseira";3;0;0;0;0;0;0;0;0;0;3;0;0;0;0
"18/12/2023";"17:19:00";"119";"Acidente c";"362,18";"BR-101/SC";"Sul";"Colisão - Traseira";0;0;0;0;0;0;0;1;0;1;1;0;1;0;1
"18/12/2023";"18:29:00";"126";"Acidente s";"362";"BR-101/SC";"Sul";"Colisão - Traseira";2;0;0;0;1;0;0;0;0;1;8;0;0;0;0
"19/12/2023";"08:07:00";"52";"Acidente s";"334";"BR-101/SC";"Sul";"Colisão - Traseira";1;0;0;1;0;0;0;0;0;0;2;0;0;0;0
"19/12/2023";"10:45:00";"83";"Acidente s";"276";"BR-101/SC";"Norte";"Colisão - Traseira";0;0;1;0;0;0;0;0;0;1;2;0;0;0;0
"20/12/2023";"01:54:00";"6";"Acidente s";"377";"BR-101/SC";"Sul";"Saída de pista";1;0;0;0;0;0;0;0;0;0;1;0;0;0;0
"20/12/2023";"03:54:00";"15";"Acidente s";"391";"BR-101/SC";"Norte";"Colisão - Traseira";2;0;0;0;0;0;0;0;0;0;4;0;0;0;0
"20/12/2023";"08:36:00";"68";"Acidente s";"382";"BR-101/SC";"Sul";"Saída de pista";1;0;0;0;0;0;0;0;0;0;1;0;0;0;0
"20/12/2023";"18:16:00";"145";"Acidente s";"412";"BR-101/SC";"Norte";"Saída de pista";1;0;0;0;0;0;0;0;0;0;1;0;0;0;0
"20/12/2023";"23:10:00";"165";"Acidente s";"250";"BR-101/SC";"Sul";"Saída de pista";1;0;0;0;0;0;0;0;0;0;2;0;0;0;0
"20/12/2023";"23:15:00";"166";"Acidente c";"322";"BR-101/SC";"Norte";"Queda de moto";0;0;0;1;0;0;0;0;0;0;1;1;0;0;0
"21/12/2023";"00:20:00";"2";"Acidente s";"299";"BR-101/SC";"Sul";"Choque Barreira";1;0;0;0;0;0;0;0;0;0;1;0;0;0;0
"21/12/2023";"08:47:00";"67";"Acidente s";"327";"BR-101/SC";"Sul";"Colisão - Lateral";1;0;0;0;0;0;0;0;0;1;2;0;0;0;0
"21/12/2023";"12:07:00";"98";"Acidente s";"369,9";"BR-101/SC";"Sul";"Saída de pista";1;0;0;0;0;0;0;0;0;0;1;0;0;0;0
"21/12/2023";"12:57:00";"101";"Acidente c";"446";"BR-101/SC";"Sul";"Saída de pista";1;0;0;0;0;0;0;0;0;0;1;0;2;0;0
"21/12/2023";"14:58:00";"115";"Acidente s";"454";"BR-101/SC";"Norte";"Choque Defensa";1;0;0;0;0;0;0;0;0;0;3;0;0;0;0
"21/12/2023";"17:13:00";"130";"Acidente c";"341";"BR-101/SC";"Sul";"Queda de moto";1;0;0;0;0;0;0;0;0;0;0;1;0;0;0
"21/12/2023";"20:39:00";"150";"Atropelame";"417";"BR-101/SC";"Sul";"Atropelamento - Ambulante";1;0;0;1;0;0;0;0;0;0;1;0;1;0;0
"21/12/2023";"21:21:00";"153";"Acidente s";"329,4";"BR-101/SC";"Sul";"Saída de pista";1;0;0;0;0;0;0;0;0;0;2;0;0;0;0
"22/12/2023";"03:48:00";"9";"Acidente c";"352";"BR-101/SC";"Norte";"Colisão - Lateral";1;0;1;0;0;0;0;0;0;0;1;1;0;0;0
"22/12/2023";"04:56:00";"12";"Acidente s";"354";"BR-101/SC";"Norte";"Colisão - Lateral";2;0;0;0;0;0;0;0;0;0;2;0;0;0;0
"22/12/2023";"05:29:00";"13";"Acidente s";"378";"BR-101/SC";"Sul";"Engavetamento";1;0;1;0;0;0;0;0;0;1;7;0;0;0;0
"22/12/2023";"12:48:00";"78";"Acidente c";"296";"BR-101/SC";"Sul";"Colisão - Lateral";1;0;0;1;0;0;0;0;0;0;3;0;1;0;0
"22/12/2023";"13:00:00";"79";"Acidente c";"335";"BR-101/SC";"Norte";"Colisão - Traseira";2;0;0;0;0;0;0;0;0;0;1;1;0;0;0
"22/12/2023";"15:24:00";"88";"Acidente s";"298";"BR-101/SC";"Sul";"Colisão - Lateral";1;0;1;0;0;0;0;0;0;0;4;0;0;0;0
"22/12/2023";"18:37:00";"110";"Acidente s";"436";"BR-101/SC";"Norte";"Choque Barreira";1;0;0;0;0;0;0;0;0;0;1;0;0;0;0
"22/12/2023";"19:59:00";"119";"Acidente c";"429";"BR-101/SC";"Sul";"Colisão - Traseira";2;0;0;0;0;1;0;0;0;0;5;0;3;0;0
"22/12/2023";"21:15:00";"125";"Acidente s";"404";"BR-101/SC";"Norte";"Saída de pista";1;0;0;0;0;0;0;0;0;0;2;0;0;0;0
"22/12/2023";"22:49:00";"133";"Acidente s";"372";"BR-101/SC";"Norte";"Saída de pista";1;0;0;0;0;0;0;0;0;0;3;0;0;0;0
"22/12/2023";"23:08:00";"136";"Acidente c";"416";"BR-101/SC";"Norte";"Colisão - Frontal";1;0;0;1;0;0;0;0;0;0;1;0;0;1;0
"23/12/2023";"06:09:00";"23";"Acidente s";"431";"BR-101/SC";"Sul";"Colisão - Traseira";1;0;0;1;0;0;0;0;0;0;2;0;0;0;0
"23/12/2023";"06:46:00";"27";"Acidente s";"278";"BR-101/SC";"Norte";"Saída de pista";1;0;0;0;0;0;0;0;0;0;1;0;0;0;0
"23/12/2023";"08:34:00";"35";"Acidente s";"458";"BR-101/SC";"Norte";"Choque Praça - Cabine";0;0;0;0;0;0;0;0;0;1;1;0;0;0;0
"23/12/2023";"12:23:00";"64";"Acidente s";"268";"BR-101/SC";"Sul";"Colisão - Traseira";2;0;0;0;0;0;0;0;0;0;2;0;0;0;0
"23/12/2023";"17:00:00";"100";"Acidente s";"344";"BR-101/SC";"Sul";"Outros";0;0;0;0;0;0;0;0;0;1;1;0;0;0;0
"23/12/2023";"21:52:00";"130";"Acidente s";"360";"BR-101/SC";"Norte";"Queda de moto";0;0;0;1;0;0;0;0;0;0;2;0;0;0;0
"23/12/2023";"22:38:00";"133";"Acidente c";"283";"BR-101/SC";"Sul";"Colisão - Traseira";0;0;0;1;0;0;0;0;0;1;1;0;0;0;1
"24/12/2023";"03:06:00";"8";"Acidente c";"321";"BR-101/SC";"Sul";"Choque Barreira";1;0;0;0;0;0;0;0;0;0;0;1;0;0;0
"24/12/2023";"08:19:00";"29";"Acidente s";"382";"BR-101/SC";"Norte";"Choque Defensa";1;0;0;0;0;0;0;0;0;0;4;0;0;0;0
"24/12/2023";"16:38:00";"71";"Acidente c";"294,7";"BR-101/SC";"Norte";"Saída de pista";1;0;0;0;0;0;0;0;0;0;2;1;0;0;0
"25/12/2023";"00:15:00";"2";"Acidente s";"298";"BR-101/SC";"Norte";"Atropelamento de Animal";1;0;0;0;0;0;0;0;0;0;3;0;0;0;0
"25/12/2023";"15:28:00";"72";"Acidente c";"253";"BR-101/SC";"Norte";"Queda de moto";0;0;0;1;0;0;0;0;0;0;0;0;1;0;0
"25/12/2023";"19:14:00";"98";"Acidente s";"439";"BR-101/SC";"Norte";"Colisão - Traseira";1;0;0;0;0;0;0;0;0;0;2;0;0;0;0
"25/12/2023";"19:41:00";"103";"Acidente c";"316";"BR-101/SC";"Sul";"Outros";0;0;0;1;0;0;0;0;0;0;0;0;1;0;0
"25/12/2023";"21:44:00";"117";"Acidente c";"378,5";"BR-101/SC";"Sul";"Saída de pista";1;0;0;0;0;0;0;0;0;0;3;1;0;0;0
"26/12/2023";"10:45:00";"65";"Acidente s";"362";"BR-101/SC";"Norte";"Engavetamento";4;0;0;0;0;0;0;0;0;0;14;0;0;0;0
"26/12/2023";"12:43:00";"80";"Acidente s";"316";"BR-101/SC";"Sul";"Colisão - Traseira";2;0;0;0;0;0;0;0;0;0;6;0;0;0;0
"26/12/2023";"15:06:00";"101";"Acidente s";"325";"BR-101/SC";"Norte";"Engavetamento";3;0;0;0;0;0;0;0;0;0;9;0;0;0;0
"26/12/2023";"15:13:00";"104";"Acidente s";"337";"BR-101/SC";"Norte";"Colisão - Traseira";2;0;0;0;0;0;0;0;0;0;2;0;0;0;0
"26/12/2023";"15:39:00";"107";"Acidente c";"338";"BR-101/SC";"Norte";"Engavetamento";3;0;0;0;0;0;0;0;0;0;6;1;0;0;0
"26/12/2023";"17:48:00";"126";"Acidente c";"402";"BR-101/SC";"Norte";"Colisão - Traseira";2;0;0;0;0;0;0;0;0;0;7;2;0;0;0
"27/12/2023";"11:13:00";"78";"Acidente c";"309";"BR-101/SC";"Norte";"Capotamento";1;0;0;0;0;0;0;0;0;0;0;1;0;0;0
"27/12/2023";"14:43:00";"102";"Acidente s";"346";"BR-101/SC";"Norte";"Engavetamento";3;0;0;0;0;0;0;0;0;0;13;0;0;0;0
"28/12/2023";"09:43:00";"58";"Acidente s";"458";"BR-101/SC";"Norte";"Colisão - Traseira";2;0;0;0;0;0;0;0;0;0;6;0;0;0;0
"28/12/2023";"10:02:00";"62";"Acidente s";"365";"BR-101/SC";"Norte";"Engavetamento";3;0;0;0;0;0;0;0;0;0;5;0;0;0;0
"28/12/2023";"10:23:00";"68";"Acidente s";"365";"BR-101/SC";"Norte";"Engavetamento";3;0;0;0;0;0;0;0;0;0;6;0;0;0;0
"28/12/2023";"10:52:00";"74";"Acidente c";"278";"BR-101/SC";"Sul";"Queda de moto";0;0;0;1;0;0;0;0;0;0;0;2;0;0;0
"28/12/2023";"14:33:00";"103";"Acidente c";"462";"BR-101/SC";"Norte";"Capotamento";1;0;0;0;0;0;0;0;0;0;2;0;2;0;0
"29/12/2023";"13:35:00";"88";"Acidente s";"404";"BR-101/SC";"Norte";"Colisão - Lateral";2;0;0;0;0;0;0;0;0;0;2;0;0;0;0
"29/12/2023";"17:34:00";"123";"Acidente s";"317";"BR-101/SC";"Norte";"Choque Defensa";1;0;0;0;0;0;0;0;0;0;1;0;0;0;0
"30/12/2023";"00:03:00";"2";"Acidente c";"345";"BR-101/SC";"Norte";"Saída de pista";1;0;0;0;0;0;0;0;0;0;0;1;1;0;0
"30/12/2023";"09:18:00";"44";"Acidente c";"249,95";"BR-101/SC";"Norte";"Capotamento";1;0;0;0;0;0;0;0;0;0;2;0;0;2;1
"30/12/2023";"10:23:00";"55";"Acidente s";"414";"BR-101/SC";"Norte";"Colisão - Traseira";2;0;0;0;0;0;0;0;0;0;2;0;0;0;0
"30/12/2023";"18:48:00";"113";"Acidente s";"404";"BR-101/SC";"Norte";"Colisão - Traseira";1;0;0;0;0;0;0;0;0;1;2;0;0;0;0
"30/12/2023";"19:47:00";"118";"Acidente s";"298";"BR-101/SC";"Sul";"Colisão - Traseira";1;0;0;0;0;0;0;0;0;1;3;0;0;0;0
"30/12/2023";"20:34:00";"123";"Acidente c";"293";"BR-101/SC";"Norte";"Colisão - Frontal";2;0;0;0;0;0;0;0;0;0;3;0;2;0;0
"30/12/2023";"21:41:00";"130";"Acidente s";"344";"BR-101/SC";"Norte";"Queda de moto";0;0;0;1;0;0;0;0;0;0;1;0;0;0;0
"30/12/2023";"21:55:00";"131";"Atropelame";"457";"BR-101/SC";"Norte";"Atropelamento - Funcionário";1;0;0;0;0;0;0;0;0;0;1;0;0;0;0
"30/12/2023";"23:44:00";"137";"Acidente s";"385";"BR-101/SC";"Norte";"Saída de pista";1;0;0;0;0;0;0;0;0;0;5;0;0;0;0
"31/12/2023";"04:44:00";"10";"Acidente s";"344";"BR-101/SC";"Sul";"Choque Barreira";1;0;0;0;0;0;0;0;0;0;1;0;0;0;0
"31/12/2023";"08:34:00";"28";"Acidente c";"297";"BR-101/SC";"Norte/Sul";"Colisão - Frontal";2;0;0;0;0;0;0;0;0;0;1;2;0;0;0
"31/12/2023";"12:15:00";"50";"Acidente c";"324";"BR-101/SC";"Norte";"Colisão - Traseira";1;0;0;1;0;0;0;0;0;0;2;0;1;0;0
"31/12/2023";"19:41:00";"87";"Acidente s";"341";"BR-101/SC";"Sul";"Saída de pista";1;0;0;0;0;0;0;0;0;0;1;0;0;0;0
"01/01/2024";"15:44:04";"92";"Sem vítima";"278,000";"BR-101/SC";"Crescente";"Acidentes de outra natureza";1;0;0;0;0;0;0;0;0;0;3;0;0;0;0
"01/01/2024";"15:56:48";"97";"Com vítima";"342,900";"BR-101/SC";"Decrescente";"Queda de moto";0;0;0;1;0;0;0;0;0;0;1;0;1;0;0
"01/01/2024";"17:41:10";"124";"Sem vítima";"321,660";"BR-101/SC";"Crescente";"Engavetamento";3;0;0;0;0;0;0;0;0;0;9;0;0;0;0
"01/01/2024";"18:49:48";"138";"Sem vítima";"320,000";"BR-101/SC";"Crescente";"Colisão traseira";2;0;0;0;0;0;0;0;0;0;4;0;0;0;0
"01/01/2024";"21:04:10";"155";"Com vítima";"303,000";"BR-101/SC";"Decrescente";"Atropelamento de animal";1;0;0;0;0;0;0;0;0;0;2;0;0;0;0
"02/01/2024";"12:06:07";"74";"Sem vítima";"457,000";"BR-101/SC";"Crescente";"Colisão lateral no mesmo sentido";1;0;1;0;0;0;0;0;0;0;2;0;0;0;0
"02/01/2024";"13:38:23";"85";"Sem vítima";"327,000";"BR-101/SC";"Crescente";"Colisão traseira";3;0;0;0;0;0;0;0;0;0;9;0;0;0;0
"02/01/2024";"15:24:29";"100";"Sem vítima";"453,000";"BR-101/SC";"Crescente";"Colisão traseira";3;0;0;0;0;0;0;0;0;0;10;0;0;0;0
"02/01/2024";"15:27:54";"101";"Com vítima";"307,000";"BR-101/SC";"Crescente";"Acidentes de outra natureza";0;0;1;0;0;0;0;0;0;0;0;0;1;0;0
"02/01/2024";"16:25:28";"110";"Sem vítima";"298,000";"BR-101/SC";"Crescente";"Colisão lateral no mesmo sentido";1;0;1;0;0;0;0;0;0;0;3;0;0;0;0
"03/01/2024";"00:04:00";"1";"Com vítima";"308,000";"BR-101/SC";"Decrescente";"Colisão lateral no mesmo sentido";1;0;0;1;0;0;0;0;0;0;1;0;0;1;0
"03/01/2024";"09:08:00";"44";"Com vítima";"257,000";"BR-101/SC";"Decrescente";"Capotamento";1;0;0;0;0;0;0;0;0;0;0;2;0;0;0
"03/01/2024";"10:55:02";"61";"Sem vítima";"297,000";"BR-101/SC";"Crescente";"Engavetamento";3;0;0;0;0;0;0;0;0;0;7;0;0;0;0
"03/01/2024";"11:45:52";"70";"Sem vítima";"297,000";"BR-101/SC";"Crescente";"Colisão traseira";2;0;0;0;0;0;0;0;0;0;4;0;0;0;0
"03/01/2024";"13:14:45";"76";"Sem vítima";"333,000";"BR-101/SC";"Crescente";"Colisão lateral no mesmo sentido";2;0;0;0;0;0;0;0;0;0;5;0;0;0;0
"03/01/2024";"16:53:58";"99";"Sem vítima";"395,000";"BR-101/SC";"Crescente";"Colisão traseira";3;0;0;0;0;0;0;0;0;0;9;0;0;0;0
"03/01/2024";"17:27:00";"105";"Sem vítima";"433,000";"BR-101/SC";"Crescente";"Colisão traseira";2;0;0;0;0;0;0;0;0;0;5;0;0;0;0
"03/01/2024";"22:17:00";"131";"Sem vítima";"260,000";"BR-101/SC";"Crescente";"Choque";1;0;0;0;0;0;0;0;0;0;2;0;0;0;0
"04/01/2024";"01:05:56";"3";"Sem vítima";"343,000";"BR-101/SC";"Crescente";"Acidentes de outra natureza";1;0;0;0;0;0;0;0;0;0;3;0;0;0;0
"04/01/2024";"06:35:00";"16";"Sem vítima";"384,000";"BR-101/SC";"Crescente";"Colisão lateral no mesmo sentido";1;0;1;0;0;0;0;0;0;0;2;0;0;0;0
"04/01/2024";"07:49:22";"41";"Sem vítima";"334,000";"BR-101/SC";"Decrescente";"Colisão lateral no mesmo sentido";2;0;0;0;0;0;0;0;0;0;3;0;0;0;0
"04/01/2024";"10:48:33";"63";"Sem vítima";"421,000";"BR-101/SC";"Decrescente";"Engavetamento";3;0;0;0;0;0;0;0;0;0;5;0;0;0;0
"04/01/2024";"12:41:10";"78";"Com vítima";"344,000";"BR-101/SC";"Crescente";"Capotamento";1;0;0;0;0;0;0;0;0;0;2;2;0;0;0
"04/01/2024";"15:49:00";"94";"Sem vítima";"397,000";"BR-101/SC";"Decrescente";"Capotamento";1;0;0;0;0;0;0;0;0;0;1;0;0;0;0
"05/01/2024";"08:23:00";"30";"Com vítima";"260,100";"BR-101/SC";"Crescente";"Acidentes de outra natureza";1;0;0;0;0;0;0;0;0;0;0;0;0;1;0
"05/01/2024";"09:06:20";"42";"Sem vítima";"362,800";"BR-101/SC";"Crescente";"Choque";1;0;0;0;0;0;0;0;0;0;1;0;0;0;0
"05/01/2024";"10:16:57";"55";"Sem vítima";"394,200";"BR-101/SC";"Crescente";"Acidentes de outra natureza";1;0;0;0;0;0;0;0;0;0;1;0;0;0;0
"05/01/2024";"10:43:22";"70";"Com vítima";"391,000";"BR-101/SC";"Decrescente";"Choque";0;0;0;0;0;0;0;0;0;0;0;0;0;0;0
"05/01/2024";"10:50:47";"72";"Com vítima";"361,100";"BR-101/SC";"Decrescente";"Colisão traseira";1;0;0;1;0;0;0;0;0;0;2;1;0;0;0
"05/01/2024";"13:42:38";"87";"Sem vítima";"256,000";"BR-101/SC";"Decrescente";"Acidentes de outra natureza";1;0;0;0;0;0;0;0;0;0;1;0;0;0;0
"05/01/2024";"14:54:37";"99";"Sem vítima";"355,000";"BR-101/SC";"Decrescente";"Colisão traseira";2;0;0;0;0;0;0;0;0;0;4;0;0;0;0
"05/01/2024";"15:00:00";"102";"Com vítima";"388,000";"BR-101/SC";"Crescente";"Acidentes de outra natureza";1;0;0;0;0;0;0;0;0;0;0;2;0;0;0
"05/01/2024";"17:53:07";"120";"Sem vítima";"259,000";"BR-101/SC";"Crescente";"Capotamento";1;0;0;0;0;0;0;0;0;0;1;0;0;0;0
"05/01/2024";"20:44:00";"127";"Sem vítima";"395,200";"BR-101/SC";"Crescente";"Acidentes de outra natureza";1;0;0;0;0;0;0;0;0;0;3;0;0;0;0
"06/01/2024";"03:00:00";"10";"Sem vítima";"287,000";"BR-101/SC";"Decrescente";"Acidentes de outra natureza";1;0;0;0;0;0;0;0;0;0;0;0;0;0;0
"06/01/2024";"05:16:00";"15";"Sem vítima";"376,400";"BR-101/SC";"Crescente";"Acidentes de outra natureza";1;0;0;0;0;0;0;0;0;0;1;0;0;0;0
"06/01/2024";"08:05:39";"26";"Com vítima";"435,000";"BR-101/SC";"Decrescente";"Colisão frontal";2;0;0;0;0;0;0;0;0;0;0;1;1;0;0
"06/01/2024";"10:43:40";"51";"Com vítima";"371,000";"BR-101/SC";"Decrescente";"Atropelamento de animal";1;0;0;0;0;0;0;0;0;0;1;0;0;0;0
"06/01/2024";"19:53:15";"99";"Sem vítima";"337,000";"BR-101/SC";"Crescente";"Colisão traseira";1;0;0;0;1;0;0;0;0;0;9;0;0;0;0
"07/01/2024";"05:13:21";"10";"Sem vítima";"457,000";"BR-101/SC";"Crescente";"Choque";1;0;0;0;0;0;0;0;0;0;1;0;0;0;0
"07/01/2024";"08:23:00";"28";"Com vítima";"327,000";"BR-101/SC";"Decrescente";"Colisão lateral no mesmo sentido";2;0;0;0;0;0;0;0;0;0;4;2;0;0;0
"07/01/2024";"09:56:20";"40";"Sem vítima";"266,000";"BR-101/SC";"Crescente";"Choque";1;0;0;0;0;0;0;0;0;0;1;0;0;0;0
"07/01/2024";"14:26:32";"65";"Sem vítima";"344,000";"BR-101/SC";"Crescente";"Colisão lateral no mesmo sentido";1;0;1;0;0;0;0;0;0;0;3;0;0;0;0
"07/01/2024";"16:26:00";"83";"Sem vítima";"361,000";"BR-101/SC";"Crescente";"Choque";1;0;0;0;0;0;0;0;0;0;1;0;0;0;0
"07/01/2024";"19:06:37";"104";"Sem vítima";"383,000";"BR-101/SC";"Crescente";"Acidentes de outra natureza";1;0;0;0;0;0;0;0;0;0;2;0;0;0;0
"07/01/2024";"19:16:12";"106";"Com vítima";"278,300";"BR-101/SC";"Crescente";"Atropelamento de animal";1;0;0;0;0;0;0;0;0;0;2;0;0;0;0
"07/01/2024";"19:32:00";"110";"Sem vítima";"314,000";"BR-101/SC";"Crescente";"Colisão traseira";2;0;0;0;0;0;0;0;0;0;3;0;0;0;0
"07/01/2024";"22:29:36";"120";"Sem vítima";"388,000";"BR-101/SC";"Crescente";"Capotamento";1;0;0;0;0;0;0;0;0;0;1;0;0;0;0
"08/01/2024";"00:55:53";"3";"Sem vítima";"382,000";"BR-101/SC";"Crescente";"Colisão traseira";2;0;0;0;0;0;0;0;0;0;6;0;0;0;0
"08/01/2024";"04:50:38";"11";"Sem vítima";"282,000";"BR-101/SC";"Crescente";"Acidentes de outra natureza";1;0;0;0;0;0;0;0;0;0;2;0;0;0;0
"08/01/2024";"07:38:49";"34";"Com vítima";"335,000";"BR-101/SC";"Decrescente";"Acidentes de outra natureza";1;0;0;0;0;0;0;0;0;0;1;0;0;0;0
"08/01/2024";"20:09:00";"150";"Sem vítima";"460,650";"BR-101/SC";"Decrescente";"Colisão lateral no mesmo sentido";1;0;0;0;0;0;0;0;0;0;2;0;0;0;0
"08/01/2024";"23:13:00";"158";"Sem vítima";"425,100";"BR-101/SC";"Decrescente";"Choque";1;0;0;0;0;0;0;0;0;0;1;0;0;0;0
"09/01/2024";"07:34:00";"30";"Sem vítima";"454,000";"BR-101/SC";"Crescente";"Choque";1;0;0;0;0;0;0;0;0;0;3;0;0;0;0
"09/01/2024";"12:36:00";"92";"Sem vítima";"336,000";"BR-101/SC";"Crescente";"Colisão traseira";1;0;0;0;0;0;0;0;0;0;5;0;0;0;0
"09/01/2024";"14:04:43";"104";"Sem vítima";"344,000";"BR-101/SC";"Crescente";"Colisão traseira";1;0;1;0;0;0;0;0;0;0;2;0;0;0;0
"09/01/2024";"17:56:00";"128";"Sem vítima";"380,000";"BR-101/SC";"Crescente";"Colisão transversal";2;0;1;0;0;0;0;0;0;0;4;0;0;0;0
"09/01/2024";"17:56:52";"129";"Com vítima";"330,000";"BR-101/SC";"Decrescente";"Colisão traseira";1;0;0;1;0;0;0;0;0;0;1;0;1;0;0
"09/01/2024";"23:19:00";"151";"Sem vítima";"359,800";"BR-101/SC";"Crescente";"Acidentes de outra natureza";1;0;0;0;0;0;0;0;0;0;2;0;0;0;0
"09/01/2024";"23:22:29";"152";"Sem vítima";"404,200";"BR-101/SC";"Decrescente";"Acidentes de outra natureza";1;0;0;0;0;0;0;0;0;0;1;0;0;0;0
"10/01/2024";"00:23:29";"2";"Sem vítima";"321,000";"BR-101/SC";"Decrescente";"Acidentes de outra natureza";1;0;0;0;0;0;0;0;0;0;1;0;0;0;0
"10/01/2024";"10:04:32";"75";"Sem vítima";"344,000";"BR-101/SC";"Crescente";"Colisão traseira";1;0;0;0;0;0;0;0;0;0;2;0;0;0;0
"10/01/2024";"10:38:55";"80";"Sem vítima";"275,900";"BR-101/SC";"Crescente";"Choque";4;0;0;0;0;0;0;0;0;0;12;0;0;0;0
"10/01/2024";"15:50:11";"119";"Sem vítima";"312,100";"BR-101/SC";"Decrescente";"Choque";1;0;0;0;0;0;0;0;0;0;1;0;0;0;0
"10/01/2024";"16:32:03";"123";"Sem vítima";"315,000";"BR-101/SC";"Decrescente";"Colisão traseira";2;0;0;0;0;0;0;0;0;0;2;0;0;0;0
"10/01/2024";"16:33:00";"125";"Sem vítima";"382,000";"BR-101/SC";"Decrescente";"Atropelamento de animal";1;0;0;0;0;0;0;0;0;0;1;0;0;0;0
"10/01/2024";"17:29:01";"128";"Com vítima";"328,000";"BR-101/SC";"Crescente";"Colisão traseira";1;0;0;1;0;0;0;0;0;0;1;0;1;0;0
"10/01/2024";"20:57:45";"141";"Sem vítima";"326,000";"BR-101/SC";"Crescente";"Choque";1;0;0;0;0;0;0;0;0;0;0;0;0;0;0
"10/01/2024";"22:27:49";"144";"Com vítima";"425,000";"BR-101/SC";"Decrescente";"Queda de moto";0;0;0;1;0;0;0;0;0;0;0;0;2;0;0
"10/01/2024";"23:13:14";"149";"Sem vítima";"415,000";"BR-101/SC";"Decrescente";"Colisão lateral no mesmo sentido";1;0;0;0;0;0;0;0;0;0;3;0;0;0;0
"11/01/2024";"10:28:00";"82";"Sem vítima";"447,000";"BR-101/SC";"Decrescente";"Colisão traseira";1;0;0;0;0;0;0;0;0;0;3;0;0;0;0
"11/01/2024";"14:57:28";"112";"Sem vítima";"361,400";"BR-101/SC";"Decrescente";"Choque";1;0;0;0;0;0;0;0;0;0;2;0;0;0;0
"11/01/2024";"16:32:00";"120";"Sem vítima";"323,000";"BR-101/SC";"Crescente";"Acidentes de outra natureza";1;0;0;0;0;0;0;0;0;0;3;0;0;0;0
"11/01/2024";"21:56:48";"148";"Com vítima";"274,000";"BR-101/SC";"Crescente";"Colisão traseira";2;0;0;0;0;0;0;0;0;0;2;2;0;0;0
"12/01/2024";"00:41:00";"2";"Sem vítima";"382,000";"BR-101/SC";"Decrescente";"Choque";1;0;0;0;0;0;0;0;0;0;5;0;0;0;0
"12/01/2024";"01:12:09";"6";"Com vítima";"432,000";"BR-101/SC";"Decrescente";"Choque";1;0;0;0;0;0;0;0;0;0;0;1;0;0;0
"12/01/2024";"05:12:29";"18";"Sem vítima";"392,000";"BR-101/SC";"Decrescente";"Acidentes de outra natureza";1;0;0;0;0;0;0;0;0;0;1;0;0;0;0
"12/01/2024";"15:15:54";"139";"Sem vítima";"454,000";"BR-101/SC";"Crescente";"Colisão traseira";2;0;0;0;0;0;0;0;0;0;5;0;0;0;0
"12/01/2024";"16:43:00";"151";"Sem vítima";"338,000";"BR-101/SC";"Decrescente";"Colisão transversal";2;0;0;0;0;0;0;0;0;0;3;0;0;0;0
"12/01/2024";"20:43:00";"168";"Sem vítima";"360,000";"BR-101/SC";"Crescente";"Choque";1;0;0;0;0;0;0;0;0;0;1;0;0;0;0
"12/01/2024";"20:52:18";"169";"Sem vítima";"360,000";"BR-101/SC";"Decrescente";"Choque";1;0;0;0;0;0;0;0;0;0;4;0;0;0;0
"13/01/2024";"02:01:23";"8";"Sem vítima";"310,000";"BR-101/SC";"Decrescente";"Engavetamento";0;0;3;0;0;0;0;0;0;0;3;0;0;0;0
"13/01/2024";"14:35:55";"96";"Sem vítima";"464,000";"BR-101/SC";"Decrescente";"Acidentes de outra natureza";1;0;0;0;0;0;0;0;0;0;2;0;0;0;0