data;horario;n_da_ocorrencia;tipo_de_ocorrencia;km;trecho;sentido;tipo_de_acidente;automovel;bicicleta;caminhao;moto;onibus;outros;tracao_animal;transporte_de_cargas_especiais;trator_maquinas;utilitarios;ilesos;levemente_feridos;moderadamente_feridos;gravemente_feridos;mortos
"13/01/2024";"17:01:00";"112";"Sem vítima";"330,000";"BR-101/SC";"Decrescente";"Acidentes de outra natureza";1;0;0;0;0;0;0;0;0;0;3;0;0;0;0
"14/01/2024";"20:02:01";"114";"Sem vítima";"319,000";"BR-101/SC";"Crescente";"Colisão traseira";2;0;0;0;0;0;0;0;0;0;5;0;0;0;0
"14/01/2024";"23:13:00";"120";"Sem vítima";"446,000";"BR-101/SC";"Crescente";"Acidentes de outra natureza";1;0;0;0;0;0;0;0;0;0;1;0;0;0;0
"15/01/2024";"08:11:02";"45";"Sem vítima";"377,000";"BR-101/SC";"Decrescente";"Tombamento";0;0;1;0;0;0;0;0;0;0;1;0;0;0;0
"15/01/2024";"09:34:46";"58";"Sem vítima";"298,000";"BR-101/SC";"Crescente";"Choque";1;0;0;0;0;0;0;0;0;0;1;0;0;0;0
"15/01/2024";"10:13:00";"67";"Sem vítima";"379,500";"BR-101/SC";"Decrescente";"Engavetamento";3;0;0;0;0;0;0;0;0;0;6;0;0;0;0
"15/01/2024";"11:19:05";"74";"Com vítima";"358,900";"BR-101/SC";"Decrescente";"Engavetamento";2;0;0;1;0;0;0;0;0;0;6;0;1;0;0
"15/01/2024";"20:53:58";"140";"Sem vítima";"383,000";"BR-101/SC";"Crescente";"Choque";1;0;0;0;0;0;0;0;0;0;1;0;0;0;0
"16/01/2024";"14:25:21";"101";"Com vítima";"301,900";"BR-101/SC";"Decrescente";"Colisão traseira";1;0;0;0;0;0;0;0;0;0;0;1;0;0;0
"16/01/2024";"16:53:05";"117";"Com vítima";"441,100";"BR-101/SC";"Crescente";"Colisão lateral no mesmo sentido";1;0;0;1;0;0;0;0;0;0;0;2;0;0;0
"17/01/2024";"07:39:00";"37";"Sem vítima";"282,000";"BR-101/SC";"Crescente";"Acidentes de outra natureza";1;0;0;0;0;0;0;0;0;0;2;0;0;0;0
"17/01/2024";"13:20:19";"119";"Sem vítima";"395,000";"BR-101/SC";"Crescente";"Colisão traseira";2;0;0;0;0;0;0;0;0;0;2;0;0;0;0
"18/01/2024";"11:07:00";"70";"Sem vítima";"257,400";"BR-101/SC";"Decrescente";"Acidentes de outra natureza";1;0;0;0;0;0;0;0;0;0;1;0;0;0;0
"18/01/2024";"12:47:00";"88";"Sem vítima";"337,500";"BR-101/SC";"Decrescente";"Acidentes de outra natureza";1;0;0;0;0;0;0;0;0;0;1;0;0;0;0
"18/01/2024";"18:23:18";"117";"Sem vítima";"441,800";"BR-101/SC";"Crescente";"Choque";1;0;0;0;0;0;0;0;0;0;1;0;0;0;0
"19/01/2024";"07:58:54";"42";"Com vítima";"328,050";"BR-101/SC";"Crescente";"Colisão traseira";1;0;0;1;0;0;0;0;0;0;3;2;0;0;0
"19/01/2024";"16:59:16";"139";"Sem vítima";"319,800";"BR-101/SC";"Decrescente";"Colisão lateral no mesmo sentido";2;0;0;0;0;0;0;0;0;0;4;0;0;0;0
"19/01/2024";"19:44:49";"156";"Com vítima";"413,000";"BR-101/SC";"Crescente";"Atropelamento de pedestre";1;0;0;0;0;0;0;0;0;0;2;0;0;0;0
"19/01/2024";"22:06:42";"165";"Sem vítima";"404,800";"BR-101/SC";"Decrescente";"Acidentes de outra natureza";1;0;0;0;0;0;0;0;0;0;2;0;0;0;0
"20/01/2024";"08:01:47";"33";"Com vítima";"309,700";"BR-101/SC";"Crescente";"Capotamento";1;0;0;0;0;0;0;0;0;0;0;0;2;0;0
"20/01/2024";"10:36:00";"56";"Sem vítima";"273,000";"BR-101/SC";"Decrescente";"Colisão lateral no mesmo sentido";2;0;0;0;0;0;0;0;0;0;4;0;0;0;0
"20/01/2024";"13:11:00";"79";"Sem vítima";"330,700";"BR-101/SC";"Crescente";"Choque";1;0;0;0;0;0;0;0;0;0;2;0;0;0;0
"20/01/2024";"14:06:00";"83";"Com vítima";"361,000";"BR-101/SC";"Crescente";"Choque";1;0;0;0;0;0;0;0;0;0;2;2;0;0;0
"20/01/2024";"21:05:32";"111";"Sem vítima";"337,900";"BR-101/SC";"Crescente";"Capotamento";1;0;0;0;0;0;0;0;0;0;1;0;0;0;0
"21/01/2024";"01:07:31";"4";"Com vítima";"401,000";"BR-101/SC";"Crescente";"Queda de moto";0;0;0;1;0;0;0;0;0;0;0;0;1;0;0
"21/01/2024";"01:37:46";"6";"Sem vítima";"289,000";"BR-101/SC";"Decrescente";"Colisão traseira";2;0;0;0;0;0;0;0;0;0;2;0;0;0;0
"21/01/2024";"01:51:11";"7";"Sem vítima";"334,000";"BR-101/SC";"Crescente";"Colisão transversal";2;0;0;0;0;0;0;0;0;0;5;0;0;0;0
"21/01/2024";"04:12:48";"12";"Sem vítima";"291,000";"BR-101/SC";"Decrescente";"Colisão traseira";2;0;0;0;0;0;0;0;0;0;2;0;0;0;0
"21/01/2024";"05:19:16";"15";"Sem vítima";"423,000";"BR-101/SC";"Crescente";"Colisão traseira";1;0;0;0;0;0;0;0;0;0;2;0;0;0;0
"21/01/2024";"10:01:00";"32";"Com vítima";"382,850";"BR-101/SC";"Decrescente";"Capotamento";1;0;0;0;0;0;0;0;0;0;1;2;0;0;0
"21/01/2024";"10:43:13";"36";"Sem vítima";"272,700";"BR-101/SC";"Crescente";"Choque";1;0;0;0;0;0;0;0;0;0;4;0;0;0;0
"21/01/2024";"11:16:33";"41";"Com vítima";"306,000";"BR-101/SC";"Decrescente";"Choque";1;0;0;0;0;0;0;0;0;0;0;0;1;0;0
"21/01/2024";"12:54:32";"45";"Sem vítima";"338,300";"BR-101/SC";"Crescente";"Acidentes de outra natureza";1;0;0;0;0;0;0;0;0;0;3;0;0;0;0
"21/01/2024";"16:28:00";"63";"Sem vítima";"313,000";"BR-101/SC";"Crescente";"Colisão traseira";2;0;0;0;0;0;0;0;0;0;6;0;0;0;0
"21/01/2024";"21:49:31";"91";"Sem vítima";"359,000";"BR-101/SC";"Decrescente";"Acidentes de outra natureza";1;0;0;0;0;0;0;0;0;0;2;0;0;0;0
"22/01/2024";"00:53:51";"1";"Sem vítima";"380,000";"BR-101/SC";"Decrescente";"Acidentes de outra natureza";1;0;0;0;0;0;0;0;0;0;1;0;0;0;0
"22/01/2024";"08:26:09";"57";"Sem vítima";"364,400";"BR-101/SC";"Decrescente";"Acidentes de outra natureza";1;0;0;0;0;0;0;0;0;0;1;0;0;0;0
"22/01/2024";"12:05:52";"94";"Sem vítima";"251,000";"BR-101/SC";"Crescente";"Colisão lateral no mesmo sentido";0;0;2;0;0;0;0;0;0;0;2;0;0;0;0
"22/01/2024";"17:02:16";"125";"Sem vítima";"296,200";"BR-101/SC";"Crescente";"Atropelamento de animal";1;0;0;0;0;0;0;0;0;0;1;0;0;0;0
"22/01/2024";"17:02:16";"129";"Sem vítima";"296,200";"BR-101/SC";"Crescente";"Choque";1;0;0;0;0;0;0;0;0;0;1;0;0;0;0
"22/01/2024";"18:27:20";"136";"Sem vítima";"461,000";"BR-101/SC";"Decrescente";"Acidentes de outra natureza";1;0;0;0;0;0;0;0;0;0;1;0;0;0;0
"22/01/2024";"21:07:00";"150";"Com vítima";"435,000";"BR-101/SC";"Decrescente";"Queda de moto";0;0;0;1;0;0;0;0;0;0;0;2;0;0;0
"23/01/2024";"15:22:16";"132";"Sem vítima";"278,550";"BR-101/SC";"Crescente";"Colisão lateral no mesmo sentido";1;0;1;0;0;0;0;0;0;0;2;0;0;0;0
"23/01/2024";"17:03:29";"144";"Com vítima";"421,000";"BR-101/SC";"Crescente";"Colisão lateral no mesmo sentido";0;0;0;0;0;0;0;0;0;0;0;0;0;0;0
"24/01/2024";"09:06:46";"62";"Com vítima";"371,200";"BR-101/SC";"Decrescente";"Choque";1;0;0;0;0;0;0;0;0;0;0;1;0;0;1
"24/01/2024";"09:53:08";"73";"Com vítima";"436,420";"BR-101/SC";"Crescente";"Acidentes de outra natureza";1;0;0;0;0;0;0;0;0;0;2;0;0;0;0
"24/01/2024";"11:59:18";"89";"Sem vítima";"256,400";"BR-101/SC";"Crescente";"Capotamento";1;0;0;0;0;0;0;0;0;0;1;0;0;0;0
"24/01/2024";"12:12:00";"90";"Sem vítima";"258,200";"BR-101/SC";"Decrescente";"Choque";1;0;0;0;0;0;0;0;0;0;3;0;0;0;0
"24/01/2024";"12:34:17";"92";"Com vítima";"437,000";"BR-101/SC";"Crescente";"Capotamento";1;0;0;0;0;0;0;0;0;0;1;0;1;0;0
"24/01/2024";"15:59:08";"117";"Sem vítima";"289,000";"BR-101/SC";"Crescente";"Colisão traseira";2;0;0;0;0;0;0;0;0;0;3;0;0;0;0
"24/01/2024";"18:18:00";"136";"Sem vítima";"328,000";"BR-101/SC";"Crescente";"Colisão traseira";2;0;0;0;0;0;0;0;0;0;4;0;0;0;0
"24/01/2024";"18:29:00";"137";"Sem vítima";"277,000";"BR-101/SC";"Crescente";"Choque";1;0;0;0;0;0;0;0;0;0;2;0;0;0;0
"25/01/2024";"06:04:46";"12";"Sem vítima";"268,000";"BR-101/SC";"Decrescente";"Acidentes de outra natureza";1;0;0;0;0;0;0;0;0;0;2;0;0;0;0
"25/01/2024";"12:02:50";"89";"Sem vítima";"339,200";"BR-101/SC";"Decrescente";"Choque";1;0;0;0;0;0;0;0;0;0;3;0;0;0;0
"25/01/2024";"12:04:15";"90";"Sem vítima";"404,000";"BR-101/SC";"Decrescente";"Colisão traseira";2;0;0;0;0;0;0;0;0;0;3;0;0;0;0
"25/01/2024";"12:09:00";"91";"Sem vítima";"295,000";"BR-101/SC";"Crescente";"Choque";1;0;0;0;0;0;0;0;0;0;1;0;0;0;0
"25/01/2024";"14:09:00";"98";"Com vítima";"276,000";"BR-101/SC";"Crescente";"Choque";0;0;0;1;0;0;0;0;0;0;0;1;0;0;0
"25/01/2024";"17:19:16";"119";"Com vítima";"346,350";"BR-101/SC";"Decrescente";"Queda de moto";0;0;0;1;0;0;0;0;0;0;1;1;0;0;0
"26/01/2024";"05:12:00";"6";"Sem vítima";"317,000";"BR-101/SC";"Decrescente";"Acidentes de outra natureza";1;0;0;0;0;0;0;0;0;0;1;0;0;0;0
"26/01/2024";"06:29:20";"8";"Com vítima";"253,000";"BR-101/SC";"Crescente";"Acidentes de outra natureza";0;0;0;0;0;0;0;0;0;0;0;0;0;0;0
"26/01/2024";"13:07:00";"89";"Sem vítima";"399,000";"BR-101/SC";"Decrescente";"Acidentes de outra natureza";1;0;0;0;0;0;0;0;0;0;1;0;0;0;0
"26/01/2024";"14:51:15";"99";"Com vítima";"285,600";"BR-101/SC";"Decrescente";"Acidentes de outra natureza";1;0;0;0;0;0;0;0;0;0;1;1;0;0;0
"26/01/2024";"15:10:00";"100";"Sem vítima";"336,000";"BR-101/SC";"Crescente";"Acidentes de outra natureza";1;0;0;0;0;0;0;0;0;0;3;0;0;0;0
"26/01/2024";"15:16:05";"101";"Sem vítima";"404,000";"BR-101/SC";"Decrescente";"Colisão lateral no mesmo sentido";0;0;1;0;0;0;0;0;0;0;1;0;0;0;0
"26/01/2024";"21:51:00";"131";"Sem vítima";"378,000";"BR-101/SC";"Crescente";"Acidentes de outra natureza";1;0;0;0;0;0;0;0;0;0;0;0;0;0;0
"27/01/2024";"08:20:00";"43";"Sem vítima";"327,800";"BR-101/SC";"Decrescente";"Acidentes de outra natureza";1;0;0;0;0;0;0;0;0;0;1;0;0;0;0
"27/01/2024";"12:22:38";"71";"Com vítima";"350,200";"BR-101/SC";"Crescente";"Acidentes de outra natureza";1;0;0;0;0;0;0;0;0;0;1;1;0;0;0
"27/01/2024";"14:07:58";"88";"Com vítima";"334,500";"BR-101/SC";"Decrescente";"Colisão lateral no mesmo sentido";1;0;1;0;0;0;0;0;0;0;3;1;0;0;0
"27/01/2024";"18:44:22";"119";"Com vítima";"298,000";"BR-101/SC";"Crescente";"Choque";1;0;0;0;0;0;0;0;0;0;1;1;0;0;0
"27/01/2024";"18:59:00";"121";"Sem vítima";"362,200";"BR-101/SC";"Decrescente";"Choque";1;0;0;0;0;0;0;0;0;0;3;0;0;0;0
"27/01/2024";"19:07:32";"123";"Com vítima";"404,000";"BR-101/SC";"Crescente";"Queda de moto";0;0;0;1;0;0;0;0;0;0;0;1;0;0;0
"27/01/2024";"20:08:12";"124";"Sem vítima";"344,000";"BR-101/SC";"Crescente";"Choque";1;0;0;0;0;0;0;0;0;0;1;0;0;0;0
"27/01/2024";"20:11:00";"125";"Com vítima";"331,000";"BR-101/SC";"Crescente";"Queda de moto";0;0;0;1;0;0;0;0;0;0;0;0;1;0;0
"28/01/2024";"00:03:36";"1";"Com vítima";"371,000";"BR-101/SC";"Crescente";"Colisão frontal";3;0;0;0;0;0;0;0;0;0;5;3;0;0;0
"28/01/2024";"01:14:52";"5";"Sem vítima";"374,000";"BR-101/SC";"Decrescente";"Capotamento";1;0;0;0;0;0;0;0;0;0;3;0;0;0;0
"28/01/2024";"17:37:02";"80";"Sem vítima";"258,600";"BR-101/SC";"Decrescente";"Choque";1;0;0;0;0;0;0;0;0;0;3;0;0;0;0
"28/01/2024";"19:54:27";"93";"Com vítima";"331,200";"BR-101/SC";"Decrescente";"Colisão transversal";1;0;0;1;0;0;0;0;0;0;1;1;0;0;0
"28/01/2024";"21:12:51";"98";"Sem vítima";"342,000";"BR-101/SC";"Crescente";"Queda de moto";0;0;0;1;0;0;0;0;0;0;1;0;0;0;0
"28/01/2024";"22:19:32";"100";"Com vítima";"402,000";"BR-101/SC";"Decrescente";"Colisão transversal";1;0;1;0;0;0;0;0;0;0;3;0;1;0;0
"29/01/2024";"10:18:02";"73";"Sem vítima";"298,000";"BR-101/SC";"Crescente";"Colisão traseira";2;0;0;0;0;0;0;0;0;0;4;0;0;0;0
"29/01/2024";"10:47:00";"79";"Sem vítima";"358,700";"BR-101/SC";"Crescente";"Choque";1;0;0;0;0;0;0;0;0;0;1;0;0;0;0
"29/01/2024";"10:58:07";"80";"Sem vítima";"357,900";"BR-101/SC";"Crescente";"Colisão traseira";2;0;0;0;0;0;0;0;0;0;3;0;0;0;0
"29/01/2024";"11:08:49";"81";"Sem vítima";"307,500";"BR-101/SC";"Decrescente";"Colisão traseira";2;0;0;0;0;0;0;0;0;0;5;0;0;0;0
"29/01/2024";"11:12:29";"83";"Com vítima";"357,200";"BR-101/SC";"Crescente";"Engavetamento";6;0;0;0;0;0;0;0;0;0;9;1;0;0;0
"29/01/2024";"14:40:52";"113";"Sem vítima";"381,600";"BR-101/SC";"Crescente";"Colisão traseira";1;0;0;0;0;0;0;0;0;0;1;0;0;0;0
"30/01/2024";"03:46:00";"12";"Sem vítima";"423,000";"BR-101/SC";"Decrescente";"Capotamento";1;0;0;0;0;0;0;0;0;0;1;0;0;0;0
"30/01/2024";"10:16:00";"94";"Sem vítima";"295,000";"BR-101/SC";"Crescente";"Engavetamento";3;0;1;0;0;0;0;0;0;0;7;0;0;0;0
"30/01/2024";"11:50:00";"103";"Sem vítima";"396,822";"BR-101/SC";"Decrescente";"Choque";1;0;0;0;0;0;0;0;0;0;3;0;0;0;0
"30/01/2024";"12:10:10";"106";"Com vítima";"294,303";"BR-101/SC";"Crescente";"Colisão traseira";1;0;1;0;0;0;0;0;0;0;3;1;0;0;0
"30/01/2024";"13:01:20";"110";"Sem vítima";"372,230";"BR-101/SC";"Crescente";"Colisão traseira";2;0;0;0;0;0;0;0;0;0;4;0;0;0;0
"30/01/2024";"15:00:44";"126";"Sem vítima";"341,000";"BR-101/SC";"Decrescente";"Queda de moto";0;0;0;1;0;0;0;0;0;0;1;0;0;0;0
"30/01/2024";"15:05:00";"127";"Sem vítima";"392,000";"BR-101/SC";"Crescente";"Engavetamento";3;0;0;0;0;0;0;0;0;0;6;0;0;0;0
"30/01/2024";"19:37:39";"153";"Sem vítima";"332,000";"BR-101/SC";"Decrescente";"Acidentes de outra natureza";1;0;0;0;0;0;0;0;0;0;1;0;0;0;0
"30/01/2024";"22:48:27";"167";"Sem vítima";"312,000";"BR-101/SC";"Crescente";"Choque";4;0;0;0;0;0;0;0;0;0;4;0;0;0;0
"31/01/2024";"11:22:50";"108";"Sem vítima";"342,000";"BR-101/SC";"Decrescente";"Colisão traseira";2;0;0;0;0;0;0;0;0;0;3;0;0;0;0
"31/01/2024";"16:04:09";"142";"Sem vítima";"457,000";"BR-101/SC";"Crescente";"Colisão traseira";2;0;0;0;0;0;0;0;0;0;6;0;0;0;0
"31/01/2024";"20:50:05";"174";"Sem vítima";"350,000";"BR-101/SC";"Decrescente";"Colisão traseira";1;0;1;0;0;0;0;0;0;0;2;0;0;0;0
"01/02/2024";"10:22:17";"90";"Sem vítima";"344,000";"BR-101/SC";"Decrescente";"Colisão traseira";1;0;1;0;0;0;0;0;0;0;2;0;0;0;0
"01/02/2024";"13:37:27";"110";"Sem vítima";"349,000";"BR-101/SC";"Crescente";"Engavetamento";4;0;0;0;0;0;0;0;0;0;13;0;0;0;0
"01/02/2024";"13:39:32";"111";"Sem vítima";"436,000";"BR-101/SC";"Decrescente";"Acidentes de outra natureza";0;0;0;0;1;0;0;0;0;0;0;0;0;0;0
"01/02/2024";"13:59:00";"112";"Sem vítima";"344,000";"BR-101/SC";"Decrescente";"Colisão traseira";1;0;1;0;0;0;0;0;0;0;5;0;0;0;0
"01/02/2024";"17:24:49";"140";"Sem vítima";"297,000";"BR-101/SC";"Crescente";"Colisão traseira";2;0;0;0;0;0;0;0;0;0;3;0;0;0;0
"01/02/2024";"18:42:19";"159";"Sem vítima";"383,000";"BR-101/SC";"Decrescente";"Choque";1;0;0;0;0;0;0;0;0;0;1;0;0;0;0
"01/02/2024";"22:51:00";"179";"Com vítima";"411,000";"BR-101/SC";"Decrescente";"Choque";1;0;0;0;0;0;0;0;0;0;0;1;0;0;0
"02/02/2024";"07:46:48";"43";"Com vítima";"328,800";"BR-101/SC";"Crescente";"Colisão traseira";2;0;0;0;0;0;0;0;0;0;5;1;0;0;0
"02/02/2024";"08:33:14";"68";"Sem vítima";"340,800";"BR-101/SC";"Crescente";"Colisão traseira";3;0;0;0;0;0;0;0;0;0;8;0;0;0;0
"02/02/2024";"09:05:23";"79";"Com vítima";"429,200";"BR-101/SC";"Crescente";"Acidentes de outra natureza";0;1;0;0;0;0;0;0;0;0;0;0;0;0;0
"02/02/2024";"11:08:03";"97";"Sem vítima";"368,050";"BR-101/SC";"Crescente";"Colisão traseira";3;0;0;0;0;0;0;0;0;0;8;0;0;0;0
"02/02/2024";"12:52:13";"110";"Sem vítima";"365,800";"BR-101/SC";"Decrescente";"Colisão traseira";1;0;0;0;0;0;0;0;0;0;1;0;0;0;0
"02/02/2024";"14:57:38";"124";"Sem vítima";"428,050";"BR-101/SC";"Crescente";"Colisão lateral no mesmo sentido";1;0;1;0;0;0;0;0;0;0;3;0;0;0;0
"02/02/2024";"15:40:55";"128";"Sem vítima";"281,800";"BR-101/SC";"Decrescente";"Choque";1;0;0;0;0;0;0;0;0;0;1;0;0;0;0
"02/02/2024";"19:43:00";"153";"Sem vítima";"418,000";"BR-101/SC";"Decrescente";"Colisão lateral no mesmo sentido";1;0;1;0;0;0;0;0;0;0;5;0;0;0;0
"02/02/2024";"20:02:00";"157";"Com vítima";"361,000";"BR-101/SC";"Crescente";"Colisão frontal";1;0;0;1;0;0;0;0;0;0;2;0;1;1;0
"03/02/2024";"03:45:00";"7";"Com vítima";"277,000";"BR-101/SC";"Decrescente";"Acidentes de outra natureza";1;0;0;0;0;0;0;0;0;0;0;0;1;0;0
"03/02/2024";"11:28:00";"58";"Com vítima";"287,700";"BR-101/SC";"Crescente";"Choque";1;0;0;0;0;0;0;0;0;0;0;1;0;0;0
"03/02/2024";"15:10:30";"84";"Sem vítima";"304,900";"BR-101/SC";"Crescente";"Colisão traseira";2;0;0;0;0;0;0;0;0;0;3;0;0;0;0
"03/02/2024";"19:08:10";"113";"Com vítima";"295,000";"BR-101/SC";"Crescente";"Capotamento";1;0;0;0;0;0;0;0;0;0;0;0;0;0;1
"04/02/2024";"07:30:10";"19";"Sem vítima";"302,200";"BR-101/SC";"Decrescente";"Colisão traseira";1;0;0;0;0;0;0;0;0;0;2;0;0;0;0
"04/02/2024";"18:00:24";"97";"Sem vítima";"298,000";"BR-101/SC";"Crescente";"Colisão traseira";2;0;0;0;0;0;0;0;0;0;3;0;0;0;0
"04/02/2024";"22:48:00";"123";"Sem vítima";"366,000";"BR-101/SC";"Crescente";"Choque";1;0;0;0;0;0;0;0;0;0;3;0;0;0;0
"05/02/2024";"15:19:06";"123";"Com vítima";"333,150";"BR-101/SC";"Decrescente";"Colisão traseira";1;0;0;1;0;0;0;0;0;0;1;1;0;0;0
"05/02/2024";"23:58:55";"158";"Sem vítima";"399,000";"BR-101/SC";"Crescente";"Colisão traseira";0;0;1;1;0;0;0;0;0;0;2;0;0;0;0
"06/02/2024";"01:29:00";"4";"Sem vítima";"280,000";"BR-101/SC";"Crescente";"Acidentes de outra natureza";1;0;0;0;0;0;0;0;0;0;1;0;0;0;0
"06/02/2024";"06:51:26";"22";"Com vítima";"333,100";"BR-101/SC";"Crescente";"Queda de moto";0;0;0;1;0;0;0;0;0;0;0;1;0;0;0
"06/02/2024";"07:40:16";"43";"Com vítima";"328,100";"BR-101/SC";"Crescente";"Colisão traseira";1;0;0;1;0;0;0;0;0;0;1;1;0;0;0
"06/02/2024";"08:14:00";"57";"Sem vítima";"297,000";"BR-101/SC";"Decrescente";"Colisão traseira";2;0;0;0;0;0;0;0;0;0;2;0;0;0;0
"06/02/2024";"10:28:00";"88";"Com vítima";"309,000";"BR-101/SC";"Decrescente";"Queda de moto";0;0;0;1;0;0;0;0;0;0;0;1;0;0;0
"06/02/2024";"13:21:56";"109";"Sem vítima";"381,000";"BR-101/SC";"Crescente";"Colisão lateral no mesmo sentido";1;0;1;0;0;0;0;0;0;0;3;0;0;0;0
"06/02/2024";"16:33:36";"128";"Com vítima";"282,000";"BR-101/SC";"Crescente";"Choque";1;0;0;0;0;0;0;0;0;0;0;0;1;0;0
"06/02/2024";"18:05:55";"135";"Sem vítima";"335,000";"BR-101/SC";"Crescente";"Colisão traseira";1;0;1;0;0;0;0;0;0;0;2;0;0;0;0
"06/02/2024";"18:44:25";"140";"Com vítima";"426,150";"BR-101/SC";"Crescente";"Colisão transversal";2;0;0;0;0;0;0;0;0;0;3;0;1;0;0
"06/02/2024";"19:27:15";"147";"Com vítima";"335,000";"BR-101/SC";"Crescente";"Choque";1;0;0;0;0;0;0;0;0;0;0;1;0;1;0
"06/02/2024";"21:15:00";"156";"Sem vítima";"390,000";"BR-101/SC";"Crescente";"Colisão traseira";1;0;0;0;0;0;0;0;0;0;2;0;0;0;0
"06/02/2024";"23:33:37";"164";"Sem vítima";"260,000";"BR-101/SC";"Crescente";"Choque";1;0;0;0;0;0;0;0;0;0;1;0;0;0;0
"07/02/2024";"01:39:09";"3";"Sem vítima";"350,300";"BR-101/SC";"Crescente";"Acidentes de outra natureza";1;0;0;0;0;0;0;0;0;0;1;0;0;0;0
"07/02/2024";"06:00:20";"11";"Sem vítima";"298,000";"BR-101/SC";"Decrescente";"Colisão traseira";0;0;2;0;0;0;0;0;0;0;3;0;0;0;0
"07/02/2024";"06:35:56";"14";"Sem vítima";"245,800";"BR-101/SC";"Decrescente";"Capotamento";1;0;0;0;0;0;0;0;0;0;1;0;0;0;0
"07/02/2024";"06:59:31";"18";"Sem vítima";"414,300";"BR-101/SC";"Decrescente";"Capotamento";1;0;0;0;0;0;0;0;0;0;3;0;0;0;0
"07/02/2024";"09:19:15";"64";"Sem vítima";"397,100";"BR-101/SC";"Crescente";"Colisão traseira";2;0;0;0;0;0;0;0;0;0;5;0;0;0;0
"07/02/2024";"14:58:20";"118";"Sem vítima";"404,000";"BR-101/SC";"Crescente";"Colisão traseira";1;0;1;0;0;0;0;0;0;0;4;0;0;0;0
"07/02/2024";"18:03:00";"138";"Com vítima";"317,400";"BR-101/SC";"Decrescente";"Acidentes de outra natureza";1;0;0;0;0;0;0;0;0;0;1;0;0;0;0
"08/02/2024";"03:21:00";"10";"Sem vítima";"384,000";"BR-101/SC";"Crescente";"Acidentes de outra natureza";1;0;0;0;0;0;0;0;0;0;1;0;0;0;0
"08/02/2024";"08:41:48";"63";"Sem vítima";"336,500";"BR-101/SC";"Crescente";"Colisão traseira";1;0;1;0;0;0;0;0;0;0;3;0;0;0;0
"08/02/2024";"17:59:03";"125";"Com vítima";"332,000";"BR-101/SC";"Decrescente";"Colisão lateral no mesmo sentido";1;0;0;1;0;0;0;0;0;0;1;1;0;0;0
"08/02/2024";"20:30:00";"146";"Sem vítima";"457,000";"BR-101/SC";"Crescente";"Colisão lateral no mesmo sentido";1;0;1;0;0;0;0;0;0;0;2;0;0;0;0
"09/02/2024";"00:58:42";"5";"Com vítima";"327,000";"BR-101/SC";"Decrescente";"Queda de moto";0;0;0;1;0;0;0;0;0;0;0;1;0;0;0
"09/02/2024";"03:58:23";"11";"Com vítima";"307,000";"BR-101/SC";"Crescente";"Colisão traseira";0;0;2;0;0;0;0;0;0;0;2;0;1;0;0
"09/02/2024";"11:23:00";"101";"Sem vítima";"355,400";"BR-101/SC";"Decrescente";"Engavetamento";5;0;0;0;0;0;0;0;0;0;8;0;0;0;0
"09/02/2024";"14:23:00";"124";"Sem vítima";"358,000";"BR-101/SC";"Decrescente";"Engavetamento";1;0;0;0;0;0;0;0;0;0;1;0;0;0;0
"09/02/2024";"19:32:24";"161";"Sem vítima";"404,200";"BR-101/SC";"Crescente";"Colisão traseira";2;0;0;0;0;0;0;0;0;0;5;0;0;0;0
"09/02/2024";"20:14:54";"167";"Com vítima";"441,700";"BR-101/SC";"Crescente";"Colisão traseira";0;0;2;0;0;0;0;0;0;0;1;0;0;1;0
"09/02/2024";"20:49:00";"174";"Sem vítima";"425,400";"BR-101/SC";"Decrescente";"Colisão lateral no mesmo sentido";1;0;0;0;0;0;0;0;0;0;1;0;0;0;0
"09/02/2024";"22:49:00";"181";"Com vítima";"325,000";"BR-101/SC";"Decrescente";"Queda de moto";0;0;0;1;0;0;0;0;0;0;0;2;0;0;0
"10/02/2024";"02:29:12";"8";"Sem vítima";"367,000";"BR-101/SC";"Decrescente";"Acidentes de outra natureza";1;0;0;0;0;0;0;0;0;0;1;0;0;0;0
"10/02/2024";"04:23:03";"15";"Sem vítima";"309,700";"BR-101/SC";"Decrescente";"Acidentes de outra natureza";1;0;0;0;0;0;0;0;0;0;2;0;0;0;0