data;horario;n_da_ocorrencia;tipo_de_ocorrencia;km;trecho;sentido;tipo_de_acidente;automovel;bicicleta;caminhao;moto;onibus;outros;tracao_animal;transporte_de_cargas_especiais;trator_maquinas;utilitarios;ilesos;levemente_feridos;moderadamente_feridos;gravemente_feridos;mortos
"10/02/2024";"06:18:21";"20";"Sem vítima";"404,000";"BR-101/SC";"Decrescente";"Colisão lateral no mesmo sentido";2;0;0;0;0;0;0;0;0;0;3;0;0;0;0
"10/02/2024";"09:48:01";"51";"Sem vítima";"336,000";"BR-101/SC";"Crescente";"Colisão traseira";1;0;1;0;0;0;0;0;0;0;5;0;0;0;0
"10/02/2024";"09:58:01";"53";"Sem vítima";"348,000";"BR-101/SC";"Decrescente";"Engavetamento";3;0;0;0;0;0;0;0;0;0;9;0;0;0;0
"10/02/2024";"10:36:22";"56";"Sem vítima";"367,000";"BR-101/SC";"Decrescente";"Colisão traseira";2;0;0;0;0;0;0;0;0;0;2;0;0;0;0
"10/02/2024";"10:56:27";"59";"Sem vítima";"331,000";"BR-101/SC";"Decrescente";"Colisão traseira";2;0;0;0;0;0;0;0;0;0;4;0;0;0;0
"10/02/2024";"13:47:00";"83";"Com vítima";"316,000";"BR-101/SC";"Crescente";"Queda de moto";0;0;0;1;0;0;0;0;0;0;0;2;0;0;0
"10/02/2024";"14:58:01";"93";"Sem vítima";"260,000";"BR-101/SC";"Decrescente";"Colisão lateral no mesmo sentido";1;0;0;0;0;0;0;0;0;0;2;0;0;0;0
"10/02/2024";"18:22:00";"116";"Com vítima";"330,000";"BR-101/SC";"Decrescente";"Queda de moto";0;0;0;1;0;0;0;0;0;0;1;1;0;0;0
"10/02/2024";"23:45:01";"146";"Sem vítima";"400,000";"BR-101/SC";"Crescente";"Colisão transversal";2;0;0;0;0;0;0;0;0;0;3;0;0;0;0
"11/02/2024";"01:25:03";"10";"Sem vítima";"252,000";"BR-101/SC";"Crescente";"Colisão traseira";1;0;0;0;0;0;0;0;0;0;1;0;0;0;0
"11/02/2024";"04:15:03";"16";"Sem vítima";"330,000";"BR-101/SC";"Decrescente";"Choque";1;0;0;0;0;0;0;0;0;0;2;0;0;0;0
"11/02/2024";"06:14:51";"22";"Com vítima";"330,600";"BR-101/SC";"Crescente";"Colisão lateral no mesmo sentido";0;0;0;2;0;0;0;0;0;0;0;0;2;0;0
"11/02/2024";"10:39:36";"46";"Sem vítima";"331,200";"BR-101/SC";"Crescente";"Acidentes de outra natureza";1;0;0;0;0;0;0;0;0;0;2;0;0;0;0
"12/02/2024";"00:51:00";"4";"Sem vítima";"305,000";"BR-101/SC";"Crescente";"Capotamento";1;0;0;0;0;0;0;0;0;0;2;0;0;0;0
"12/02/2024";"11:39:41";"73";"Sem vítima";"413,000";"BR-101/SC";"Decrescente";"Choque";1;0;0;0;0;0;0;0;0;0;1;0;0;0;0
"12/02/2024";"11:45:56";"74";"Sem vítima";"323,000";"BR-101/SC";"Decrescente";"Colisão traseira";2;0;0;0;0;0;0;0;0;0;4;0;0;0;0
"12/02/2024";"17:05:42";"115";"Com vítima";"437,000";"BR-101/SC";"Decrescente";"Capotamento";1;0;0;0;0;0;0;0;0;0;0;1;0;0;0
"12/02/2024";"17:45:54";"118";"Sem vítima";"298,000";"BR-101/SC";"Crescente";"Engavetamento";2;0;1;0;0;0;0;0;0;0;7;0;0;0;0
"12/02/2024";"19:38:46";"131";"Sem vítima";"286,000";"BR-101/SC";"Decrescente";"Choque";1;0;0;0;0;0;0;0;0;0;0;0;0;0;0
"13/02/2024";"06:28:55";"12";"Com vítima";"374,000";"BR-101/SC";"Crescente";"Acidentes de outra natureza";1;0;0;0;0;0;0;0;0;0;0;1;1;0;0
"13/02/2024";"06:29:00";"13";"Com vítima";"398,000";"BR-101/SC";"Crescente";"Colisão traseira";1;0;0;1;0;0;0;0;0;0;2;0;1;0;0
"13/02/2024";"11:07:00";"50";"Sem vítima";"272,500";"BR-101/SC";"Crescente";"Engavetamento";3;0;0;0;0;0;0;0;0;0;5;0;0;0;0
"13/02/2024";"11:51:57";"56";"Sem vítima";"313,000";"BR-101/SC";"Decrescente";"Colisão lateral no mesmo sentido";1;0;1;0;0;0;0;0;0;0;4;0;0;0;0
"13/02/2024";"15:49:40";"80";"Com vítima";"369,000";"BR-101/SC";"Crescente";"Choque";1;0;0;0;0;0;0;0;0;0;2;0;2;0;0
"13/02/2024";"16:29:29";"84";"Sem vítima";"374,300";"BR-101/SC";"Decrescente";"Choque";1;0;0;0;0;0;0;0;0;0;2;0;0;0;0
"13/02/2024";"18:17:01";"94";"Com vítima";"306,700";"BR-101/SC";"Decrescente";"Capotamento";1;0;0;0;0;0;0;0;0;0;0;1;0;1;0
"13/02/2024";"21:14:53";"113";"Sem vítima";"391,000";"BR-101/SC";"Crescente";"Acidentes de outra natureza";1;0;0;0;0;0;0;0;0;0;3;0;0;0;0
"14/02/2024";"05:45:47";"13";"Sem vítima";"335,000";"BR-101/SC";"Crescente";"Capotamento";1;0;0;0;0;0;0;0;0;0;2;0;0;0;0
"14/02/2024";"05:55:02";"15";"Sem vítima";"272,000";"BR-101/SC";"Decrescente";"Acidentes de outra natureza";1;0;0;0;0;0;0;0;0;0;1;0;0;0;0
"14/02/2024";"07:20:44";"41";"Com vítima";"450,200";"BR-101/SC";"Crescente";"Choque";1;0;0;0;0;0;0;0;0;0;0;1;0;0;2
"14/02/2024";"08:43:00";"57";"Sem vítima";"326,450";"BR-101/SC";"Crescente";"Engavetamento";3;0;0;0;0;0;0;0;0;0;8;0;0;0;0
"14/02/2024";"09:27:49";"72";"Sem vítima";"450,100";"BR-101/SC";"Crescente";"Colisão traseira";1;0;1;0;0;0;0;0;0;0;2;0;0;0;0
"14/02/2024";"09:55:44";"78";"Sem vítima";"450,350";"BR-101/SC";"Crescente";"Colisão traseira";2;0;0;0;0;0;0;0;0;0;4;0;0;0;0
"14/02/2024";"10:07:59";"80";"Sem vítima";"335,000";"BR-101/SC";"Decrescente";"Acidentes de outra natureza";1;0;0;0;0;0;0;0;0;0;4;0;0;0;0
"14/02/2024";"10:15:00";"81";"Sem vítima";"271,400";"BR-101/SC";"Crescente";"Acidentes de outra natureza";1;0;0;0;0;0;0;0;0;0;2;0;0;0;0
"14/02/2024";"20:37:38";"149";"Sem vítima";"307,000";"BR-101/SC";"Decrescente";"Colisão traseira";1;0;0;0;0;0;0;0;0;0;2;0;0;0;0
"15/02/2024";"07:17:02";"35";"Sem vítima";"371,000";"BR-101/SC";"Decrescente";"Acidentes de outra natureza";1;0;0;0;0;0;0;0;0;0;3;0;0;0;0
"15/02/2024";"09:47:37";"78";"Com vítima";"377,500";"BR-101/SC";"Crescente";"Acidentes de outra natureza";1;0;0;0;0;0;0;0;0;0;2;1;0;0;0
"15/02/2024";"13:58:00";"114";"Sem vítima";"385,000";"BR-101/SC";"Crescente";"Acidentes de outra natureza";1;0;0;0;0;0;0;0;0;0;1;0;0;0;0
"15/02/2024";"14:58:02";"116";"Sem vítima";"334,000";"BR-101/SC";"Decrescente";"Queda de moto";0;0;0;1;0;0;0;0;0;0;1;0;0;0;0
"15/02/2024";"15:01:42";"118";"Sem vítima";"457,000";"BR-101/SC";"Decrescente";"Colisão traseira";1;0;0;0;0;0;0;0;0;0;1;0;0;0;0
"15/02/2024";"17:05:00";"133";"Com vítima";"396,000";"BR-101/SC";"Decrescente";"Colisão traseira";0;0;2;0;0;0;0;0;0;0;1;0;0;1;0
"15/02/2024";"20:21:33";"155";"Sem vítima";"399,000";"BR-101/SC";"Decrescente";"Colisão lateral no mesmo sentido";1;0;1;0;0;0;0;0;0;0;2;0;0;0;0
"16/02/2024";"08:15:34";"54";"Sem vítima";"344,000";"BR-101/SC";"Decrescente";"Colisão traseira";2;0;0;0;0;0;0;0;0;0;2;0;0;0;0
"16/02/2024";"11:59:00";"91";"Sem vítima";"433,700";"BR-101/SC";"Decrescente";"Colisão traseira";2;0;0;0;0;0;0;0;0;0;2;0;0;0;0
"16/02/2024";"21:45:00";"144";"Sem vítima";"444,000";"BR-101/SC";"Decrescente";"Colisão transversal";1;0;0;1;0;0;0;0;0;0;2;0;0;0;0
"17/02/2024";"12:22:31";"63";"Sem vítima";"337,000";"BR-101/SC";"Decrescente";"Choque";1;0;0;0;0;0;0;0;0;0;2;0;0;0;0
"17/02/2024";"14:18:31";"73";"Sem vítima";"404,000";"BR-101/SC";"Crescente";"Colisão traseira";1;0;0;0;0;0;0;0;0;0;2;0;0;0;0
"17/02/2024";"17:53:11";"87";"Com vítima";"307,300";"BR-101/SC";"Decrescente";"Colisão lateral no mesmo sentido";2;0;1;0;0;0;0;0;0;0;5;0;1;0;0
"17/02/2024";"19:00:44";"96";"Sem vítima";"340,000";"BR-101/SC";"Decrescente";"Choque";0;0;0;0;0;0;0;0;0;1;1;0;0;0;0
"18/02/2024";"00:12:00";"2";"Sem vítima";"369,000";"BR-101/SC";"Decrescente";"Colisão lateral no mesmo sentido";1;0;1;0;0;0;0;0;0;0;3;0;0;0;0
"18/02/2024";"04:49:24";"5";"Com vítima";"428,000";"BR-101/SC";"Crescente";"Capotamento";1;0;0;0;0;0;0;0;0;0;2;0;2;0;0
"18/02/2024";"06:50:00";"11";"Sem vítima";"404,000";"BR-101/SC";"Crescente";"Colisão traseira";1;0;1;0;0;0;0;0;0;0;2;0;0;0;0
"18/02/2024";"08:13:11";"17";"Sem vítima";"439,950";"BR-101/SC";"Decrescente";"Choque";1;0;0;0;0;0;0;0;0;0;1;0;0;0;0
"18/02/2024";"15:35:13";"66";"Sem vítima";"336,000";"BR-101/SC";"Crescente";"Engavetamento";2;0;0;0;0;0;0;0;0;0;5;0;0;0;0
"18/02/2024";"19:47:25";"86";"Sem vítima";"349,000";"BR-101/SC";"Decrescente";"Choque";1;0;0;0;0;0;0;0;0;0;3;0;0;0;0
"18/02/2024";"20:49:11";"87";"Sem vítima";"383,000";"BR-101/SC";"Crescente";"Choque";1;0;0;0;0;0;0;0;0;0;1;0;0;0;0
"19/02/2024";"00:10:00";"2";"Com vítima";"367,000";"BR-101/SC";"Crescente";"Choque";1;0;0;0;0;0;0;0;0;0;0;0;1;0;0
"19/02/2024";"04:49:56";"7";"Com vítima";"264,000";"BR-101/SC";"Decrescente";"Choque";1;0;0;0;0;0;0;0;0;0;1;1;0;0;0
"19/02/2024";"05:35:24";"11";"Com vítima";"406,000";"BR-101/SC";"Decrescente";"Capotamento";1;0;0;0;0;0;0;0;0;0;1;1;0;0;0
"19/02/2024";"09:51:48";"85";"Sem vítima";"371,000";"BR-101/SC";"Decrescente";"Colisão traseira";0;0;2;0;0;0;0;0;0;0;2;0;0;0;0
"19/02/2024";"14:37:00";"105";"Sem vítima";"347,000";"BR-101/SC";"Crescente";"Colisão transversal";2;0;0;0;0;0;0;0;0;0;2;0;0;0;0
"19/02/2024";"16:35:00";"113";"Sem vítima";"340,300";"BR-101/SC";"Crescente";"Saída de pista";1;0;0;0;0;0;0;0;0;0;1;0;0;0;0
"19/02/2024";"22:18:00";"131";"Sem vítima";"392,000";"BR-101/SC";"Crescente";"Choque";1;0;0;0;0;0;0;0;0;0;1;0;0;0;0
"20/02/2024";"03:16:00";"4";"Sem vítima";"359,500";"BR-101/SC";"Crescente";"Acidentes de outra natureza";1;0;0;0;0;0;0;0;0;0;1;0;0;0;0
"20/02/2024";"07:51:00";"26";"Com vítima";"325,800";"BR-101/SC";"Crescente";"Engavetamento";2;0;0;1;0;0;0;0;0;0;2;1;0;0;0
"20/02/2024";"08:32:14";"36";"Sem vítima";"325,800";"BR-101/SC";"Crescente";"Colisão traseira";2;0;0;0;0;0;0;0;0;0;4;0;0;0;0
"20/02/2024";"12:27:51";"92";"Sem vítima";"354,000";"BR-101/SC";"Crescente";"Engavetamento";3;0;0;0;0;0;0;0;0;0;10;0;0;0;0
"21/02/2024";"03:30:02";"6";"Sem vítima";"286,800";"BR-101/SC";"Decrescente";"Saída de pista";1;0;0;0;0;0;0;0;0;0;1;0;0;0;0
"21/02/2024";"08:38:00";"55";"Com vítima";"324,900";"BR-101/SC";"Crescente";"Colisão traseira";2;0;0;0;0;0;0;0;0;0;0;1;2;0;0
"21/02/2024";"19:46:00";"118";"Com vítima";"295,500";"BR-101/SC";"Decrescente";"Colisão traseira";2;0;0;0;0;0;0;0;0;0;1;0;2;0;0
"22/02/2024";"05:59:05";"3";"Com vítima";"290,300";"BR-101/SC";"Crescente";"Queda de moto";0;0;0;1;0;0;0;0;0;0;1;0;1;0;0
"22/02/2024";"08:52:00";"51";"Sem vítima";"375,400";"BR-101/SC";"Decrescente";"Saída de pista";1;0;0;0;0;0;0;0;0;0;2;0;0;0;0
"22/02/2024";"15:51:17";"114";"Sem vítima";"395,000";"BR-101/SC";"Decrescente";"Tombamento";0;0;1;0;0;0;0;0;0;0;1;0;0;0;0
"22/02/2024";"20:31:50";"132";"Sem vítima";"328,000";"BR-101/SC";"Decrescente";"Tombamento";0;0;1;0;0;0;0;0;0;0;1;0;0;0;0
"22/02/2024";"21:24:46";"136";"Sem vítima";"276,000";"BR-101/SC";"Decrescente";"Colisão lateral no mesmo sentido";2;0;0;0;0;0;0;0;0;0;3;0;0;0;0
"22/02/2024";"22:34:12";"140";"Sem vítima";"308,000";"BR-101/SC";"Decrescente";"Colisão lateral no mesmo sentido";1;0;1;0;0;0;0;0;0;0;2;0;0;0;0
"23/02/2024";"13:59:14";"94";"Sem vítima";"286,000";"BR-101/SC";"Decrescente";"Colisão traseira";1;0;0;1;0;0;0;0;0;0;3;0;0;0;0
"23/02/2024";"16:38:14";"126";"Sem vítima";"342,000";"BR-101/SC";"Crescente";"Colisão frontal";2;0;0;0;0;0;0;0;0;0;4;0;0;0;0
"23/02/2024";"17:37:03";"136";"Sem vítima";"337,000";"BR-101/SC";"Decrescente";"Colisão traseira";1;0;1;0;0;0;0;0;0;0;7;0;0;0;0
"24/02/2024";"07:42:00";"39";"Sem vítima";"445,000";"BR-101/SC";"Crescente";"Colisão lateral no mesmo sentido";2;0;0;0;0;0;0;0;0;0;6;0;0;0;0
"24/02/2024";"10:52:00";"87";"Com vítima";"253,150";"BR-101/SC";"Decrescente";"Tombamento";0;0;1;0;0;0;0;0;0;0;0;1;0;0;0
"24/02/2024";"11:35:00";"94";"Sem vítima";"331,540";"BR-101/SC";"Decrescente";"Saída de pista";1;0;0;0;0;0;0;0;0;0;2;0;0;0;0
"24/02/2024";"16:51:00";"124";"Sem vítima";"443,250";"BR-101/SC";"Decrescente";"Colisão traseira";2;0;0;0;0;0;0;0;0;0;3;0;0;0;0
"24/02/2024";"19:52:37";"142";"Sem vítima";"308,000";"BR-101/SC";"Decrescente";"Saída de pista";1;0;0;0;0;0;0;0;0;0;2;0;0;0;0
"24/02/2024";"21:35:00";"147";"Sem vítima";"439,000";"BR-101/SC";"Decrescente";"Colisão traseira";2;0;0;0;0;0;0;0;0;0;6;0;0;0;0
"25/02/2024";"00:50:03";"3";"Com vítima";"460,000";"BR-101/SC";"Crescente";"Queda de moto";0;0;0;1;0;0;0;0;0;0;0;2;0;0;0
"25/02/2024";"03:22:14";"9";"Sem vítima";"380,000";"BR-101/SC";"Decrescente";"Saída de pista";1;0;0;0;0;0;0;0;0;0;1;0;0;0;0
"25/02/2024";"04:09:00";"17";"Sem vítima";"373,800";"BR-101/SC";"Decrescente";"Saída de pista";1;0;0;0;0;0;0;0;0;0;3;0;0;0;0
"25/02/2024";"05:51:54";"24";"Sem vítima";"325,000";"BR-101/SC";"Crescente";"Saída de pista";1;0;0;0;0;0;0;0;0;0;2;0;0;0;0
"25/02/2024";"06:52:36";"27";"Sem vítima";"344,000";"BR-101/SC";"Decrescente";"Choque";0;0;1;0;0;0;0;0;0;0;1;0;0;0;0
"25/02/2024";"07:54:00";"42";"Sem vítima";"339,000";"BR-101/SC";"Decrescente";"Saída de pista";1;0;0;0;0;0;0;0;0;0;2;0;0;0;0
"25/02/2024";"10:58:00";"66";"Sem vítima";"356,200";"BR-101/SC";"Crescente";"Saída de pista";1;0;0;0;0;0;0;0;0;0;2;0;0;0;0
"25/02/2024";"16:15:32";"97";"Sem vítima";"367,100";"BR-101/SC";"Decrescente";"Saída de pista";1;0;0;0;0;0;0;0;0;0;3;0;0;0;0
"25/02/2024";"19:22:00";"113";"Com vítima";"352,000";"BR-101/SC";"Decrescente";"Colisão traseira";1;0;0;1;0;0;0;0;0;0;1;1;0;0;0
"25/02/2024";"23:42:36";"125";"Com vítima";"421,000";"BR-101/SC";"Decrescente";"Queda de moto";0;0;0;1;0;0;0;0;0;0;0;0;1;0;0
"26/02/2024";"03:44:37";"4";"Com vítima";"425,000";"BR-101/SC";"Crescente";"Queda de moto";0;0;0;1;0;0;0;0;0;0;1;1;0;0;0
"26/02/2024";"11:14:29";"52";"Sem vítima";"420,000";"BR-101/SC";"Crescente";"Colisão traseira";2;0;0;0;0;0;0;0;0;0;2;0;0;0;0
"26/02/2024";"13:02:00";"60";"Sem vítima";"304,800";"BR-101/SC";"Crescente";"Choque";1;0;0;0;0;0;0;0;0;0;1;0;0;0;0
"26/02/2024";"14:24:09";"64";"Sem vítima";"344,000";"BR-101/SC";"Crescente";"Colisão traseira";2;0;0;0;0;0;0;0;0;0;5;0;0;0;0
"26/02/2024";"16:19:24";"78";"Sem vítima";"428,000";"BR-101/SC";"Crescente";"Choque";1;0;0;0;0;0;0;0;0;0;1;0;0;0;0
"26/02/2024";"16:22:19";"79";"Sem vítima";"354,000";"BR-101/SC";"Decrescente";"Saída de pista";0;0;1;0;0;0;0;0;0;0;1;0;0;0;0
"26/02/2024";"17:26:54";"85";"Com vítima";"402,000";"BR-101/SC";"Decrescente";"Colisão traseira";0;0;0;1;0;0;0;0;0;0;0;1;0;0;0
"26/02/2024";"17:47:00";"88";"Sem vítima";"388,000";"BR-101/SC";"Crescente";"Saída de pista";1;0;0;0;0;0;0;0;0;0;2;0;0;0;0
"26/02/2024";"19:05:56";"92";"Com vítima";"297,000";"BR-101/SC";"Crescente";"Colisão traseira";2;0;0;0;0;0;0;0;0;0;2;1;0;0;0
"27/02/2024";"08:53:00";"45";"Sem vítima";"375,500";"BR-101/SC";"Decrescente";"Saída de pista";1;0;0;0;0;0;0;0;0;0;1;0;0;0;0
"27/02/2024";"13:54:05";"90";"Sem vítima";"333,200";"BR-101/SC";"Crescente";"Queda de moto";1;0;0;1;0;0;0;0;0;0;3;0;0;0;0
"27/02/2024";"17:18:31";"101";"Com vítima";"263,250";"BR-101/SC";"Decrescente";"Colisão lateral no mesmo sentido";2;0;0;0;0;0;0;0;0;0;2;0;1;0;0
"27/02/2024";"17:52:06";"104";"Com vítima";"383,000";"BR-101/SC";"Decrescente";"Queda de moto";0;0;0;1;0;0;0;0;0;0;0;0;1;1;0
"28/02/2024";"07:39:26";"23";"Com vítima";"330,000";"BR-101/SC";"Decrescente";"Queda de moto";0;0;0;1;0;0;0;0;0;0;0;2;0;0;0
"28/02/2024";"08:49:17";"50";"Com vítima";"422,080";"BR-101/SC";"Decrescente";"Colisão traseira";1;0;0;0;0;0;0;0;0;0;0;1;0;0;0
"28/02/2024";"14:39:05";"109";"Sem vítima";"374,500";"BR-101/SC";"Crescente";"Saída de pista";1;0;0;0;0;0;0;0;0;0;3;0;0;0;0
"29/02/2024";"05:28:33";"10";"Com vítima";"283,800";"BR-101/SC";"Crescente";"Colisão traseira";0;0;1;1;0;0;0;0;0;0;1;0;0;0;1
"29/02/2024";"22:05:31";"164";"Com vítima";"252,850";"BR-101/SC";"Decrescente";"Colisão frontal";2;0;0;1;0;0;0;0;0;0;2;2;1;1;0
"01/03/2024";"01:57:00";"9";"Sem vítima";"397,000";"BR-101/SC";"Crescente";"Capotamento";1;0;0;0;0;0;0;0;0;0;1;0;0;0;0
"01/03/2024";"11:29:00";"87";"Sem vítima";"299,000";"BR-101/SC";"Crescente";"Colisão lateral no mesmo sentido";1;0;1;0;0;0;0;0;0;0;3;0;0;0;0
"01/03/2024";"11:31:09";"88";"Sem vítima";"323,900";"BR-101/SC";"Crescente";"Colisão traseira";2;0;0;0;0;0;0;0;0;0;8;0;0;0;0
"01/03/2024";"12:29:39";"94";"Com vítima";"256,000";"BR-101/SC";"Crescente";"Colisão traseira";1;0;0;1;0;0;0;0;0;0;2;1;0;0;0
"01/03/2024";"16:02:01";"121";"Sem vítima";"306,000";"BR-101/SC";"Decrescente";"Choque";0;0;1;0;0;0;0;0;0;0;1;0;0;0;0
"01/03/2024";"21:27:00";"141";"Sem vítima";"257,000";"BR-101/SC";"Decrescente";"Colisão traseira";1;0;1;0;0;0;0;0;0;0;2;0;0;0;0
"01/03/2024";"22:29:00";"148";"Sem vítima";"413,000";"BR-101/SC";"Decrescente";"Saída de pista";1;0;0;0;0;0;0;0;0;0;1;0;0;0;0
"02/03/2024";"01:23:00";"3";"Sem vítima";"374,000";"BR-101/SC";"Crescente";"Saída de pista";0;0;1;0;0;0;0;0;0;0;1;0;0;0;0
"02/03/2024";"09:00:00";"55";"Com vítima";"374,000";"BR-101/SC";"Crescente";"Colisão traseira";1;0;0;0;0;0;0;0;0;0;1;1;0;0;0
"02/03/2024";"09:58:00";"61";"Sem vítima";"314,500";"BR-101/SC";"Crescente";"Colisão lateral no mesmo sentido";2;0;0;0;0;0;0;0;0;0;3;0;0;0;0
"02/03/2024";"17:44:22";"110";"Sem vítima";"458,000";"BR-101/SC";"Crescente";"Colisão traseira";1;0;0;0;0;0;0;0;0;0;2;0;0;0;0
"02/03/2024";"18:19:00";"112";"Sem vítima";"417,000";"BR-101/SC";"Crescente";"Choque";1;0;0;0;0;0;0;0;0;0;2;0;0;0;0
"02/03/2024";"20:39:00";"120";"Sem vítima";"335,000";"BR-101/SC";"Decrescente";"Saída de pista";1;0;0;0;0;0;0;0;0;0;4;0;0;0;0
"02/03/2024";"20:43:41";"121";"Sem vítima";"400,000";"BR-101/SC";"Crescente";"Queda de moto";0;0;0;1;0;0;0;0;0;0;1;0;0;0;0
"02/03/2024";"23:44:00";"133";"Sem vítima";"364,000";"BR-101/SC";"Crescente";"Queda de moto";0;0;0;1;0;0;0;0;0;0;1;0;0;0;0
"03/03/2024";"01:04:53";"6";"Sem vítima";"453,000";"BR-101/SC";"Crescente";"Colisão frontal";2;0;0;0;0;0;0;0;0;0;5;0;0;0;0
"03/03/2024";"02:10:13";"11";"Sem vítima";"263,000";"BR-101/SC";"Decrescente";"Saída de pista";0;0;1;0;0;0;0;0;0;0;2;0;0;0;0
"03/03/2024";"16:38:20";"89";"Sem vítima";"344,400";"BR-101/SC";"Crescente";"Engavetamento";3;0;0;0;0;0;0;0;0;0;10;0;0;0;0
"03/03/2024";"18:08:10";"95";"Com vítima";"444,000";"BR-101/SC";"Decrescente";"Colisão frontal";1;0;0;1;0;0;0;0;0;0;3;0;1;0;0
"03/03/2024";"20:13:08";"108";"Sem vítima";"344,000";"BR-101/SC";"Crescente";"Saída de pista";1;0;0;0;0;0;0;0;0;0;3;0;0;0;0
"03/03/2024";"20:34:00";"111";"Com vítima";"360,000";"BR-101/SC";"Decrescente";"Queda de moto";0;0;0;1;0;0;0;0;0;0;0;0;1;0;0
"04/03/2024";"05:29:00";"15";"Sem vítima";"382,000";"BR-101/SC";"Crescente";"Saída de pista";1;0;0;0;0;0;0;0;0;0;1;0;0;0;0
"04/03/2024";"06:47:57";"22";"Com vítima";"252,350";"BR-101/SC";"Crescente";"Queda de moto";0;0;0;1;0;0;0;0;0;0;0;1;0;0;0
"04/03/2024";"08:02:02";"55";"Sem vítima";"436,000";"BR-101/SC";"Decrescente";"Saída de pista";1;0;0;0;0;0;0;0;0;0;2;0;0;0;0
"04/03/2024";"10:20:05";"96";"Sem vítima";"378,000";"BR-101/SC";"Decrescente";"Saída de pista";0;0;1;0;0;0;0;0;0;0;1;0;0;0;0
"04/03/2024";"11:46:00";"104";"Sem vítima";"463,000";"BR-101/SC";"Decrescente";"Saída de pista";1;0;0;0;0;0;0;0;0;0;2;0;0;0;0
"04/03/2024";"14:46:04";"118";"Sem vítima";"329,000";"BR-101/SC";"Decrescente";"Engavetamento";3;0;1;0;0;0;0;0;0;0;5;0;0;0;0
"04/03/2024";"15:38:19";"124";"Sem vítima";"329,000";"BR-101/SC";"Decrescente";"Colisão traseira";2;0;0;0;0;0;0;0;0;0;4;0;0;0;0
"04/03/2024";"20:06:01";"138";"Sem vítima";"452,000";"BR-101/SC";"Decrescente";"Choque";1;0;0;0;0;0;0;0;0;0;1;0;0;0;0
"04/03/2024";"20:28:02";"139";"Com vítima";"434,000";"BR-101/SC";"Crescente";"Colisão lateral no mesmo sentido";2;0;0;0;0;0;0;0;0;0;1;0;2;0;0
"05/03/2024";"00:36:00";"2";"Sem vítima";"313,000";"BR-101/SC";"Crescente";"Saída de pista";1;0;0;0;0;0;0;0;0;0;2;0;0;0;0
"05/03/2024";"01:13:32";"4";"Sem vítima";"345,000";"BR-101/SC";"Crescente";"Saída de pista";1;0;0;0;0;0;0;0;0;0;5;0;0;0;0
"05/03/2024";"04:27:10";"6";"Sem vítima";"273,000";"BR-101/SC";"Crescente";"Capotamento";1;0;0;0;0;0;0;0;0;0;1;0;0;0;0
"05/03/2024";"11:29:00";"81";"Sem vítima";"329,000";"BR-101/SC";"Crescente";"Capotamento";1;0;0;0;0;0;0;0;0;0;2;0;0;0;0
"05/03/2024";"12:12:00";"84";"Sem vítima";"327,000";"BR-101/SC";"Crescente";"Colisão traseira";2;0;0;0;0;0;0;0;0;0;3;0;0;0;0
"05/03/2024";"15:19:26";"101";"Sem vítima";"298,000";"BR-101/SC";"Crescente";"Colisão traseira";2;0;0;0;0;0;0;0;0;0;2;0;0;0;0
"06/03/2024";"06:59:00";"11";"Com vítima";"284,060";"BR-101/SC";"Decrescente";"Choque";1;0;0;0;0;0;0;0;0;0;0;1;0;0;0
"06/03/2024";"11:12:48";"70";"Sem vítima";"367,000";"BR-101/SC";"Crescente";"Colisão traseira";1;0;1;0;0;0;0;0;0;0;3;0;0;0;0
"06/03/2024";"19:29:26";"106";"Com vítima";"343,000";"BR-101/SC";"Decrescente";"Saída de pista";1;0;0;0;0;0;0;0;0;0;0;2;2;1;0
"07/03/2024";"02:22:56";"3";"Sem vítima";"441,820";"BR-101/SC";"Crescente";"Atropelamento de animal";0;0;2;0;0;0;0;0;0;0;2;0;0;0;0
"07/03/2024";"07:55:00";"46";"Com vítima";"331,540";"BR-101/SC";"Crescente";"Colisão traseira";1;0;0;1;0;0;0;0;0;0;2;0;1;0;0
"07/03/2024";"08:34:00";"60";"Sem vítima";"330,200";"BR-101/SC";"Crescente";"Engavetamento";3;0;0;0;0;0;0;0;0;0;11;0;0;0;0
"07/03/2024";"10:13:17";"79";"Sem vítima";"416,400";"BR-101/SC";"Crescente";"Colisão traseira";2;0;0;0;0;0;0;0;0;0;5;0;0;0;0