data;horario;n_da_ocorrencia;tipo_de_ocorrencia;km;trecho;sentido;tipo_de_acidente;automovel;bicicleta;caminhao;moto;onibus;outros;tracao_animal;transporte_de_cargas_especiais;trator_maquinas;utilitarios;ilesos;levemente_feridos;moderadamente_feridos;gravemente_feridos;mortos
"07/03/2024";"15:59:18";"105";"Com vítima";"312,200";"BR-101/SC";"Decrescente";"Choque";1;0;0;0;0;0;0;0;0;0;0;2;0;0;0
"07/03/2024";"17:09:00";"114";"Sem vítima";"275,000";"BR-101/SC";"Decrescente";"Saída de pista";0;0;1;0;0;0;0;0;0;0;1;0;0;0;0
"07/03/2024";"17:14:48";"115";"Com vítima";"330,000";"BR-101/SC";"Decrescente";"Colisão lateral no mesmo sentido";1;0;0;1;0;0;0;0;0;0;1;1;0;0;0
"07/03/2024";"20:03:30";"124";"Com vítima";"358,000";"BR-101/SC";"Decrescente";"Saída de pista";1;0;0;0;0;0;0;0;0;0;0;1;0;0;0
"08/03/2024";"08:07:28";"58";"Com vítima";"354,000";"BR-101/SC";"Crescente";"Colisão traseira";0;0;0;1;0;0;0;0;0;0;0;1;0;0;0
"08/03/2024";"14:43:18";"124";"Sem vítima";"404,000";"BR-101/SC";"Decrescente";"Choque";0;0;1;0;0;0;0;0;0;0;1;0;0;0;0
"08/03/2024";"16:07:58";"132";"Com vítima";"403,000";"BR-101/SC";"Crescente";"Engavetamento";2;0;0;1;0;0;0;0;0;0;2;0;1;0;0
"08/03/2024";"16:21:42";"136";"Com vítima";"403,000";"BR-101/SC";"Crescente";"Colisão lateral no mesmo sentido";2;0;0;0;0;0;0;0;0;0;1;0;1;0;0
"08/03/2024";"16:40:14";"138";"Sem vítima";"369,000";"BR-101/SC";"Decrescente";"Saída de pista";1;0;0;0;0;0;0;0;0;0;2;0;0;0;0
"08/03/2024";"21:32:45";"158";"Sem vítima";"335,400";"BR-101/SC";"Crescente";"Choque";1;0;0;0;0;0;0;0;0;0;1;0;0;0;0
"08/03/2024";"23:05:00";"166";"Com vítima";"397,000";"BR-101/SC";"Crescente";"Colisão traseira";2;0;0;0;0;0;0;0;0;0;3;0;1;0;0
"08/03/2024";"23:48:00";"168";"Sem vítima";"368,000";"BR-101/SC";"Crescente";"Colisão lateral no mesmo sentido";1;0;1;0;0;0;0;0;0;0;3;0;0;0;0
"09/03/2024";"04:02:23";"6";"Sem vítima";"344,000";"BR-101/SC";"Crescente";"Colisão traseira";0;0;2;0;0;0;0;0;0;0;2;0;0;0;0
"09/03/2024";"05:23:24";"8";"Sem vítima";"362,000";"BR-101/SC";"Decrescente";"Choque";1;0;0;0;0;0;0;0;0;0;1;0;0;0;0
"09/03/2024";"06:25:00";"12";"Sem vítima";"344,200";"BR-101/SC";"Crescente";"Saída de pista";1;0;0;0;0;0;0;0;0;0;1;0;0;0;0
"09/03/2024";"09:18:49";"39";"Com vítima";"315,800";"BR-101/SC";"Decrescente";"Queda de moto";0;0;0;1;0;0;0;0;0;0;0;0;1;0;0
"09/03/2024";"09:34:00";"43";"Sem vítima";"414,950";"BR-101/SC";"Crescente";"Saída de pista";1;0;0;0;0;0;0;0;0;0;1;0;0;0;0
"09/03/2024";"09:53:00";"49";"Sem vítima";"276,000";"BR-101/SC";"Decrescente";"Atropelamento de pedestre";1;0;0;0;0;0;0;0;0;0;1;0;0;0;0
"09/03/2024";"10:28:42";"54";"Sem vítima";"362,000";"BR-101/SC";"Decrescente";"Colisão traseira";2;0;0;0;0;0;0;0;0;0;5;0;0;0;0
"09/03/2024";"19:46:00";"111";"Sem vítima";"330,000";"BR-101/SC";"Decrescente";"Saída de pista";1;0;0;0;0;0;0;0;0;0;1;0;0;0;0
"09/03/2024";"22:28:00";"121";"Com vítima";"290,000";"BR-101/SC";"Crescente";"Saída de pista";1;0;0;0;0;0;0;0;0;0;0;1;0;0;0
"10/03/2024";"14:51:14";"69";"Sem vítima";"413,000";"BR-101/SC";"Crescente";"Saída de pista";1;0;0;0;0;0;0;0;0;0;1;0;0;0;0
"10/03/2024";"18:36:11";"92";"Com vítima";"321,000";"BR-101/SC";"Crescente";"Queda de moto";0;0;0;1;0;0;0;0;0;0;0;0;1;0;0
"11/03/2024";"14:38:52";"106";"Sem vítima";"436,000";"BR-101/SC";"Decrescente";"Colisão lateral no mesmo sentido";1;0;0;1;0;0;0;0;0;0;3;0;0;0;0
"12/03/2024";"07:50:48";"33";"Sem vítima";"254,000";"BR-101/SC";"Decrescente";"Saída de pista";0;0;1;0;0;0;0;0;0;0;1;0;0;0;0
"12/03/2024";"11:05:45";"84";"Sem vítima";"350,000";"BR-101/SC";"Crescente";"Colisão traseira";2;0;0;0;0;0;0;0;0;0;4;0;0;0;0
"12/03/2024";"12:16:14";"93";"Sem vítima";"366,000";"BR-101/SC";"Crescente";"Engavetamento";4;0;0;0;0;0;0;0;0;0;9;0;0;0;0
"12/03/2024";"13:55:29";"101";"Sem vítima";"416,000";"BR-101/SC";"Decrescente";"Colisão lateral no mesmo sentido";2;0;0;0;0;0;0;0;0;0;2;0;0;0;0
"12/03/2024";"14:13:00";"107";"Sem vítima";"346,000";"BR-101/SC";"Crescente";"Capotamento";1;0;0;0;0;0;0;0;0;0;1;0;0;0;0
"12/03/2024";"15:00:11";"113";"Sem vítima";"356,310";"BR-101/SC";"Crescente";"Saída de pista";1;0;0;0;0;0;0;0;0;0;1;0;0;0;0
"12/03/2024";"16:23:29";"126";"Com vítima";"328,700";"BR-101/SC";"Crescente";"Choque";1;0;0;0;0;0;0;0;0;0;1;2;2;0;0
"12/03/2024";"16:36:35";"127";"Com vítima";"317,100";"BR-101/SC";"Crescente";"Queda de moto";0;0;0;1;0;0;0;0;0;0;0;2;0;0;0
"12/03/2024";"23:17:24";"157";"Com vítima";"357,000";"BR-101/SC";"Decrescente";"Colisão lateral no mesmo sentido";0;0;0;1;0;0;0;0;0;0;0;1;0;0;0
"13/03/2024";"01:37:43";"5";"Sem vítima";"333,000";"BR-101/SC";"Crescente";"Saída de pista";0;0;1;0;0;0;0;0;0;0;1;0;0;0;0
"13/03/2024";"12:45:32";"119";"Sem vítima";"404,000";"BR-101/SC";"Decrescente";"Choque";1;0;0;0;0;0;0;0;0;0;1;0;0;0;0
"13/03/2024";"20:30:46";"175";"Sem vítima";"429,000";"BR-101/SC";"Crescente";"Choque";1;0;0;0;0;0;0;0;0;0;1;0;0;0;0
"13/03/2024";"23:05:33";"182";"Com vítima";"345,800";"BR-101/SC";"Decrescente";"Capotamento";1;0;0;0;0;0;0;0;0;0;0;0;1;0;0
"14/03/2024";"00:29:02";"1";"Com vítima";"374,000";"BR-101/SC";"Decrescente";"Saída de pista";0;0;1;0;0;0;0;0;0;0;0;1;0;0;0
"14/03/2024";"02:46:15";"2";"Sem vítima";"420,100";"BR-101/SC";"Decrescente";"Saída de pista";1;0;0;0;0;0;0;0;0;0;1;0;0;0;0
"14/03/2024";"07:41:21";"55";"Com vítima";"350,000";"BR-101/SC";"Decrescente";"Capotamento";1;0;0;0;0;0;0;0;0;0;0;1;0;0;0
"14/03/2024";"11:23:48";"120";"Sem vítima";"331,200";"BR-101/SC";"Crescente";"Colisão traseira";1;0;0;0;0;0;0;0;0;0;2;0;0;0;0
"14/03/2024";"13:07:18";"134";"Sem vítima";"305,800";"BR-101/SC";"Decrescente";"Saída de pista";1;0;0;0;0;0;0;0;0;0;1;0;0;0;0
"14/03/2024";"13:14:00";"136";"Com vítima";"360,000";"BR-101/SC";"Decrescente";"Saída de pista";1;0;0;0;0;0;0;0;0;0;0;2;0;0;0
"14/03/2024";"14:20:00";"144";"Sem vítima";"330,000";"BR-101/SC";"Decrescente";"Colisão traseira";2;0;0;0;0;0;0;0;0;0;3;0;0;0;0
"14/03/2024";"19:07:00";"175";"Com vítima";"437,000";"BR-101/SC";"Decrescente";"Colisão transversal";1;1;0;0;0;0;0;0;0;0;1;0;0;0;0
"15/03/2024";"08:16:00";"52";"Sem vítima";"376,800";"BR-101/SC";"Crescente";"Saída de pista";1;0;0;0;0;0;0;0;0;0;4;0;0;0;0
"15/03/2024";"10:01:00";"80";"Sem vítima";"374,220";"BR-101/SC";"Decrescente";"Colisão traseira";0;0;2;0;0;0;0;0;0;0;2;0;0;0;0
"15/03/2024";"10:13:16";"81";"Sem vítima";"298,000";"BR-101/SC";"Crescente";"Colisão traseira";0;0;2;0;0;0;0;0;0;0;2;0;0;0;0
"15/03/2024";"11:07:19";"87";"Sem vítima";"245,000";"BR-101/SC";"Crescente";"Choque";0;0;1;0;0;0;0;0;0;0;1;0;0;0;0
"15/03/2024";"22:45:39";"154";"Com vítima";"252,500";"BR-101/SC";"Crescente";"Colisão transversal";2;0;0;0;0;0;0;0;0;0;2;0;0;1;0
"16/03/2024";"15:47:00";"67";"Sem vítima";"246,000";"BR-101/SC";"Decrescente";"Saída de pista";1;0;0;0;0;0;0;0;0;0;2;0;0;0;0
"16/03/2024";"16:54:00";"75";"Sem vítima";"332,000";"BR-101/SC";"Crescente";"Choque";1;0;0;0;0;0;0;0;0;0;1;0;0;0;0
"16/03/2024";"17:46:00";"83";"Sem vítima";"317,000";"BR-101/SC";"Decrescente";"Choque";1;0;0;0;0;0;0;0;0;0;4;0;0;0;0
"16/03/2024";"22:51:27";"111";"Sem vítima";"282,000";"BR-101/SC";"Decrescente";"Colisão transversal";2;0;0;0;0;0;0;0;0;0;2;0;0;0;0
"17/03/2024";"01:28:00";"11";"Sem vítima";"327,000";"BR-101/SC";"Crescente";"Saída de pista";1;0;0;0;0;0;0;0;0;0;2;0;0;0;0
"17/03/2024";"15:46:19";"87";"Sem vítima";"340,000";"BR-101/SC";"Crescente";"Saída de pista";1;0;0;0;0;0;0;0;0;0;1;0;0;0;0
"17/03/2024";"19:12:00";"104";"Com vítima";"420,000";"BR-101/SC";"Crescente";"Atropelamento de animal";0;0;0;1;0;0;0;0;0;0;0;1;0;0;0
"17/03/2024";"19:55:30";"110";"Sem vítima";"334,000";"BR-101/SC";"Crescente";"Colisão transversal";2;0;0;0;0;0;0;0;0;0;6;0;0;0;0
"17/03/2024";"20:04:56";"111";"Sem vítima";"331,000";"BR-101/SC";"Crescente";"Colisão traseira";1;0;0;1;0;0;0;0;0;0;2;0;0;0;0
"18/03/2024";"07:16:45";"30";"Sem vítima";"415,000";"BR-101/SC";"Decrescente";"Colisão traseira";1;0;0;0;0;0;0;0;0;0;1;0;0;0;0
"18/03/2024";"23:33:35";"171";"Com vítima";"322,000";"BR-101/SC";"Decrescente";"Choque";0;0;0;1;0;0;0;0;0;0;0;1;0;0;0
"19/03/2024";"01:33:05";"7";"Com vítima";"372,000";"BR-101/SC";"Crescente";"Capotamento";1;0;0;0;0;0;0;0;0;0;0;1;0;0;0
"19/03/2024";"09:57:03";"116";"Sem vítima";"381,900";"BR-101/SC";"Crescente";"Colisão traseira";1;0;1;0;0;0;0;0;0;0;3;0;0;0;0
"19/03/2024";"14:51:36";"153";"Sem vítima";"262,100";"BR-101/SC";"Decrescente";"Saída de pista";1;0;0;0;0;0;0;0;0;0;1;0;0;0;0
"19/03/2024";"15:41:26";"160";"Com vítima";"381,000";"BR-101/SC";"Crescente";"Engavetamento";1;0;2;0;0;0;0;0;0;0;2;0;0;1;0
"19/03/2024";"15:48:36";"164";"Com vítima";"416,000";"BR-101/SC";"Decrescente";"Engavetamento";2;0;0;0;0;0;0;0;0;1;2;1;0;0;0
"19/03/2024";"16:27:00";"169";"Sem vítima";"319,000";"BR-101/SC";"Decrescente";"Saída de pista";1;0;0;0;0;0;0;0;0;0;1;0;0;0;0
"19/03/2024";"18:45:51";"180";"Com vítima";"434,000";"BR-101/SC";"Decrescente";"Queda de moto";2;0;0;1;0;0;0;0;0;0;3;0;1;0;0
"19/03/2024";"19:30:00";"185";"Sem vítima";"376,000";"BR-101/SC";"Crescente";"Tombamento";0;0;1;0;0;0;0;0;0;0;1;0;0;0;0
"20/03/2024";"03:00:27";"10";"Sem vítima";"374,000";"BR-101/SC";"Decrescente";"Saída de pista";1;0;0;0;0;0;0;0;0;0;1;0;0;0;0
"20/03/2024";"07:19:45";"66";"Com vítima";"329,150";"BR-101/SC";"Crescente";"Colisão traseira";1;0;0;1;0;0;0;0;0;0;3;0;1;0;0
"20/03/2024";"07:32:46";"52";"Sem vítima";"329,100";"BR-101/SC";"Crescente";"Saída de pista";1;0;0;0;0;0;0;0;0;0;2;0;0;0;0
"20/03/2024";"08:08:00";"65";"Com vítima";"254,500";"BR-101/SC";"Crescente";"Queda de moto";0;0;0;1;0;0;0;0;0;0;0;0;1;0;0
"20/03/2024";"08:48:00";"78";"Sem vítima";"327,300";"BR-101/SC";"Crescente";"Colisão traseira";2;0;0;0;0;0;0;0;0;0;3;0;0;0;0
"20/03/2024";"09:06:29";"82";"Sem vítima";"298,000";"BR-101/SC";"Crescente";"Colisão traseira";1;0;0;0;0;0;0;0;0;0;0;0;0;0;0
"20/03/2024";"15:50:44";"130";"Sem vítima";"405,000";"BR-101/SC";"Decrescente";"Colisão traseira";2;0;0;0;0;0;0;0;0;0;4;0;0;0;0
"20/03/2024";"19:22:57";"151";"Sem vítima";"402,000";"BR-101/SC";"Decrescente";"Saída de pista";1;0;0;0;0;0;0;0;0;0;1;0;0;0;0
"20/03/2024";"20:44:31";"158";"Sem vítima";"388,000";"BR-101/SC";"Crescente";"Saída de pista";1;0;0;0;0;0;0;0;0;0;1;0;0;0;0
"20/03/2024";"22:44:17";"163";"Sem vítima";"366,500";"BR-101/SC";"Crescente";"Tombamento";0;0;1;0;0;0;0;0;0;0;1;0;0;0;0
"20/03/2024";"23:23:00";"166";"Sem vítima";"330,000";"BR-101/SC";"Crescente";"Colisão traseira";0;0;2;0;0;0;0;0;0;0;2;0;0;0;0
"21/03/2024";"06:21:47";"16";"Sem vítima";"298,000";"BR-101/SC";"Crescente";"Choque";0;0;1;0;0;0;0;0;0;0;1;0;0;0;0
"21/03/2024";"11:11:49";"96";"Sem vítima";"344,000";"BR-101/SC";"Crescente";"Choque";0;0;1;0;0;0;0;0;0;0;1;0;0;0;0
"21/03/2024";"17:26:00";"132";"Com vítima";"380,000";"BR-101/SC";"Decrescente";"Colisão traseira";1;0;0;0;0;0;0;0;0;0;0;0;1;0;0
"21/03/2024";"20:08:00";"142";"Sem vítima";"405,000";"BR-101/SC";"Decrescente";"Saída de pista";1;0;0;0;0;0;0;0;0;0;1;0;0;0;0
"21/03/2024";"21:03:00";"149";"Sem vítima";"339,000";"BR-101/SC";"Decrescente";"Choque";1;0;0;0;0;0;0;0;0;0;1;0;0;0;0
"22/03/2024";"07:14:20";"39";"Com vítima";"416,000";"BR-101/SC";"Crescente";"Colisão lateral no mesmo sentido";0;0;0;1;0;0;0;0;0;0;0;0;1;0;0
"22/03/2024";"11:46:00";"138";"Sem vítima";"369,000";"BR-101/SC";"Crescente";"Saída de pista";1;0;0;0;0;0;0;0;0;0;2;0;0;0;0
"22/03/2024";"13:29:09";"146";"Sem vítima";"273,100";"BR-101/SC";"Decrescente";"Choque";1;0;0;0;0;0;0;0;0;0;1;0;0;0;0
"22/03/2024";"13:38:28";"149";"Sem vítima";"394,000";"BR-101/SC";"Crescente";"Colisão traseira";1;0;1;0;0;0;0;0;0;0;2;0;0;0;0
"22/03/2024";"14:26:35";"159";"Sem vítima";"276,100";"BR-101/SC";"Crescente";"Colisão lateral no mesmo sentido";1;0;1;0;0;0;0;0;0;0;3;0;0;0;0
"22/03/2024";"17:02:00";"179";"Sem vítima";"266,000";"BR-101/SC";"Decrescente";"Engavetamento";2;0;0;0;0;0;0;0;0;0;7;0;0;0;0
"23/03/2024";"01:06:56";"5";"Sem vítima";"381,230";"BR-101/SC";"Crescente";"Saída de pista";0;0;1;0;0;0;0;0;0;0;1;0;0;0;0
"23/03/2024";"09:37:08";"64";"Sem vítima";"401,000";"BR-101/SC";"Crescente";"Colisão traseira";1;0;0;0;0;0;0;0;0;0;3;0;0;0;0
"24/03/2024";"00:10:21";"1";"Sem vítima";"419,000";"BR-101/SC";"Decrescente";"Colisão traseira";2;0;0;0;0;0;0;0;0;0;2;0;0;0;0
"24/03/2024";"02:08:46";"7";"Sem vítima";"323,000";"BR-101/SC";"Crescente";"Choque";1;0;0;0;0;0;0;0;0;0;1;0;0;0;0
"24/03/2024";"07:26:00";"35";"Sem vítima";"272,000";"BR-101/SC";"Crescente";"Choque";1;0;0;0;0;0;0;0;0;0;2;0;0;0;0
"24/03/2024";"16:12:00";"93";"Sem vítima";"349,000";"BR-101/SC";"Crescente";"Colisão traseira";1;0;0;0;0;0;0;0;0;0;1;0;0;0;0
"24/03/2024";"23:41:03";"124";"Sem vítima";"262,000";"BR-101/SC";"Crescente";"Tombamento";0;0;1;0;0;0;0;0;0;0;1;0;0;0;0
"25/03/2024";"08:02:00";"36";"Sem vítima";"338,400";"BR-101/SC";"Crescente";"Engavetamento";3;0;0;0;0;0;0;0;0;0;3;0;0;0;0
"25/03/2024";"11:01:21";"82";"Sem vítima";"304,000";"BR-101/SC";"Crescente";"Colisão traseira";2;0;0;0;0;0;0;0;0;0;2;0;0;0;0
"25/03/2024";"13:49:04";"90";"Sem vítima";"379,000";"BR-101/SC";"Crescente";"Colisão traseira";2;0;0;0;0;0;0;0;0;0;4;0;0;0;0
"25/03/2024";"15:35:01";"108";"Sem vítima";"298,000";"BR-101/SC";"Decrescente";"Colisão traseira";1;0;1;0;0;0;0;0;0;0;3;0;0;0;0
"25/03/2024";"19:41:54";"130";"Sem vítima";"333,800";"BR-101/SC";"Decrescente";"Colisão transversal";2;0;0;0;0;0;0;0;0;0;2;0;0;0;0
"26/03/2024";"00:31:11";"1";"Sem vítima";"326,300";"BR-101/SC";"Crescente";"Capotamento";1;0;0;0;0;0;0;0;0;0;2;0;0;0;0
"26/03/2024";"10:57:07";"80";"Sem vítima";"344,000";"BR-101/SC";"Crescente";"Colisão traseira";1;0;1;0;0;0;0;0;0;0;4;0;0;0;0
"26/03/2024";"11:11:40";"81";"Sem vítima";"314,000";"BR-101/SC";"Crescente";"Colisão traseira";1;0;1;0;0;0;0;0;0;0;5;0;0;0;0
"26/03/2024";"18:52:00";"132";"Sem vítima";"377,000";"BR-101/SC";"Crescente";"Colisão traseira";1;0;0;0;0;0;0;0;0;0;2;0;0;0;0
"27/03/2024";"08:10:52";"64";"Sem vítima";"416,000";"BR-101/SC";"Crescente";"Colisão traseira";1;0;0;0;0;0;0;0;0;0;1;0;0;0;0
"27/03/2024";"15:05:40";"143";"Sem vítima";"256,000";"BR-101/SC";"Decrescente";"Saída de pista";1;0;0;0;0;0;0;0;0;0;1;0;0;0;0
"27/03/2024";"16:48:06";"153";"Sem vítima";"401,980";"BR-101/SC";"Crescente";"Choque";1;0;0;0;0;0;0;0;0;0;1;0;0;0;0
"28/03/2024";"01:17:37";"5";"Sem vítima";"255,000";"BR-101/SC";"Crescente";"Colisão traseira";0;0;2;0;0;0;0;0;0;0;2;0;0;0;0
"28/03/2024";"02:32:00";"8";"Sem vítima";"315,000";"BR-101/SC";"Crescente";"Choque";1;0;0;0;0;0;0;0;0;0;1;0;0;0;0
"28/03/2024";"12:08:22";"113";"Com vítima";"386,000";"BR-101/SC";"Crescente";"Colisão traseira";0;0;1;1;0;0;0;0;0;0;1;1;0;0;0
"28/03/2024";"19:21:24";"160";"Sem vítima";"404,000";"BR-101/SC";"Decrescente";"Colisão traseira";2;0;0;0;0;0;0;0;0;0;7;0;0;0;0
"28/03/2024";"20:03:24";"166";"Com vítima";"310,000";"BR-101/SC";"Decrescente";"Colisão traseira";1;0;0;1;0;0;0;0;0;0;1;0;0;0;1
"29/03/2024";"03:09:00";"6";"Sem vítima";"435,000";"BR-101/SC";"Decrescente";"Colisão lateral no mesmo sentido";1;0;0;0;1;0;0;0;0;0;3;0;0;0;0
"29/03/2024";"10:06:01";"41";"Sem vítima";"456,300";"BR-101/SC";"Crescente";"Colisão traseira";2;0;0;0;0;0;0;0;0;0;6;0;0;0;0
"29/03/2024";"10:55:06";"50";"Sem vítima";"272,000";"BR-101/SC";"Decrescente";"Saída de pista";0;0;1;0;0;0;0;0;0;0;1;0;0;0;0
"29/03/2024";"18:27:10";"89";"Sem vítima";"331,000";"BR-101/SC";"Decrescente";"Choque";1;0;0;0;0;0;0;0;0;0;1;0;0;0;0
"29/03/2024";"22:04:00";"105";"Sem vítima";"331,000";"BR-101/SC";"Decrescente";"Choque";1;0;0;0;0;0;0;0;0;0;1;0;0;0;0
"30/03/2024";"10:12:00";"65";"Com vítima";"441,700";"BR-101/SC";"Decrescente";"Saída de pista";1;0;0;0;0;0;0;0;0;0;0;1;2;1;0
"30/03/2024";"10:55:48";"70";"Sem vítima";"351,000";"BR-101/SC";"Crescente";"Saída de pista";1;0;0;0;0;0;0;0;0;0;3;0;0;0;0
"30/03/2024";"11:21:00";"73";"Com vítima";"275,000";"BR-101/SC";"Crescente";"Colisão traseira";1;0;0;1;0;0;0;0;0;0;3;1;0;0;0
"30/03/2024";"15:02:47";"85";"Com vítima";"335,100";"BR-101/SC";"Crescente";"Colisão lateral no mesmo sentido";1;0;0;1;0;0;0;0;0;0;1;0;1;0;0
"30/03/2024";"16:28:42";"96";"Sem vítima";"312,000";"BR-101/SC";"Decrescente";"Choque";1;0;0;0;0;0;0;0;0;0;1;0;0;0;0
"30/03/2024";"17:00:00";"99";"Sem vítima";"285,000";"BR-101/SC";"Crescente";"Colisão traseira";1;0;1;0;0;0;0;0;0;0;2;0;0;0;0
"30/03/2024";"17:15:36";"100";"Sem vítima";"331,000";"BR-101/SC";"Decrescente";"Colisão lateral no mesmo sentido";1;0;0;1;0;0;0;0;0;0;2;0;0;0;0
"30/03/2024";"17:26:17";"102";"Com vítima";"298,000";"BR-101/SC";"Crescente";"Colisão traseira";0;0;1;1;0;0;0;0;0;0;1;0;0;1;0
"30/03/2024";"19:12:16";"109";"Sem vítima";"345,400";"BR-101/SC";"Crescente";"Choque";3;0;0;0;0;0;0;0;0;0;2;0;1;0;0
"30/03/2024";"20:43:19";"123";"Sem vítima";"294,000";"BR-101/SC";"Decrescente";"Colisão lateral no mesmo sentido";2;0;0;0;0;0;0;0;0;0;5;0;0;0;0
"31/03/2024";"03:08:27";"8";"Com vítima";"277,000";"BR-101/SC";"Crescente";"Colisão traseira";0;0;0;3;0;0;0;0;0;0;1;0;3;0;0
"31/03/2024";"10:56:00";"28";"Sem vítima";"342,000";"BR-101/SC";"Crescente";"Colisão traseira";2;0;0;0;0;0;0;0;0;0;2;0;0;0;0
"31/03/2024";"11:15:20";"32";"Com vítima";"340,000";"BR-101/SC";"Crescente";"Colisão traseira";2;0;0;0;0;0;0;0;0;0;3;1;0;0;0
"31/03/2024";"12:13:00";"36";"Sem vítima";"341,000";"BR-101/SC";"Crescente";"Colisão traseira";2;0;0;0;0;0;0;0;0;0;6;0;0;0;0
"31/03/2024";"15:32:54";"51";"Sem vítima";"327,300";"BR-101/SC";"Crescente";"Engavetamento";5;0;0;0;0;0;0;0;0;0;16;0;0;0;0
"31/03/2024";"15:54:53";"53";"Sem vítima";"325,300";"BR-101/SC";"Crescente";"Colisão traseira";2;0;0;0;0;0;0;0;0;0;6;0;0;0;0
"31/03/2024";"16:25:00";"56";"Com vítima";"315,000";"BR-101/SC";"Decrescente";"Engavetamento";5;0;0;0;0;0;0;0;0;0;7;0;3;1;0
"31/03/2024";"17:10:58";"63";"Sem vítima";"344,000";"BR-101/SC";"Decrescente";"Colisão traseira";2;0;0;0;0;0;0;0;0;0;4;0;0;0;0
"31/03/2024";"19:15:23";"79";"Com vítima";"321,600";"BR-101/SC";"Crescente";"Queda de moto";0;0;0;1;0;0;0;0;0;0;0;1;0;0;0
"01/04/2024";"04:43:00";"19";"Sem vítima";"258,000";"BR-101/SC";"Decrescente";"Choque";0;0;1;0;0;0;0;0;0;0;1;0;0;0;0
"01/04/2024";"07:17:16";"29";"Sem vítima";"298,000";"BR-101/SC";"Crescente";"Choque";1;0;0;0;0;0;0;0;0;0;1;0;0;0;0
"01/04/2024";"07:31:01";"36";"Com vítima";"342,000";"BR-101/SC";"Crescente";"Engavetamento";3;0;0;0;0;0;0;0;0;0;2;2;0;0;0
"01/04/2024";"08:12:00";"53";"Com vítima";"329,000";"BR-101/SC";"Crescente";"Colisão traseira";1;0;0;0;0;0;0;0;0;0;0;1;0;0;0
"01/04/2024";"08:20:47";"59";"Sem vítima";"341,000";"BR-101/SC";"Crescente";"Colisão traseira";2;0;0;0;0;0;0;0;0;0;2;0;0;0;0
"01/04/2024";"09:33:11";"78";"Sem vítima";"328,000";"BR-101/SC";"Crescente";"Colisão traseira";2;0;0;0;0;0;0;0;0;0;2;0;0;0;0
"01/04/2024";"09:41:00";"81";"Sem vítima";"434,000";"BR-101/SC";"Decrescente";"Colisão lateral no mesmo sentido";2;0;0;0;0;0;0;0;0;0;2;0;0;0;0
"01/04/2024";"16:47:46";"134";"Sem vítima";"255,000";"BR-101/SC";"Decrescente";"Capotamento";1;0;0;0;0;0;0;0;0;0;2;0;0;0;0
"01/04/2024";"17:46:00";"138";"Sem vítima";"396,000";"BR-101/SC";"Crescente";"Colisão lateral no mesmo sentido";2;0;0;0;0;0;0;0;0;0;2;0;0;0;0
"02/04/2024";"12:59:45";"107";"Com vítima";"328,000";"BR-101/SC";"Decrescente";"Capotamento";1;0;0;0;0;0;0;0;0;0;0;1;0;0;0
"02/04/2024";"14:10:05";"119";"Sem vítima";"285,000";"BR-101/SC";"Decrescente";"Tombamento";0;0;1;0;0;0;0;0;0;0;1;0;0;0;0
"02/04/2024";"15:04:00";"127";"Sem vítima";"355,000";"BR-101/SC";"Crescente";"Acidentes de outra natureza";1;0;1;0;0;0;0;0;0;0;4;0;0;0;0
"02/04/2024";"15:59:59";"132";"Sem vítima";"448,000";"BR-101/SC";"Crescente";"Colisão lateral no mesmo sentido";2;0;0;0;0;0;0;0;0;0;4;0;0;0;0
"02/04/2024";"21:08:32";"152";"Com vítima";"362,000";"BR-101/SC";"Decrescente";"Colisão traseira";0;0;2;0;0;0;0;0;0;0;1;1;0;0;0
"03/04/2024";"00:16:50";"2";"Sem vítima";"373,000";"BR-101/SC";"Crescente";"Acidentes de outra natureza";0;0;1;0;0;0;0;0;0;0;1;0;0;0;0
"03/04/2024";"06:06:08";"16";"Sem vítima";"298,000";"BR-101/SC";"Crescente";"Colisão traseira";1;0;1;0;0;0;0;0;0;0;5;0;0;0;0
"03/04/2024";"11:20:00";"100";"Sem vítima";"281,000";"BR-101/SC";"Crescente";"Colisão lateral no mesmo sentido";1;0;1;0;0;0;0;0;0;0;2;0;0;0;0
"04/04/2024";"02:03:00";"9";"Sem vítima";"414,421";"BR-101/SC";"Decrescente";"Tombamento";0;0;1;0;0;0;0;0;0;0;2;0;0;0;0
"04/04/2024";"13:57:58";"122";"Sem vítima";"263,000";"BR-101/SC";"Decrescente";"Saída de pista";0;0;1;0;0;0;0;0;0;0;1;0;0;0;0