data;horario;n_da_ocorrencia;tipo_de_ocorrencia;km;trecho;sentido;tipo_de_acidente;automovel;bicicleta;caminhao;moto;onibus;outros;tracao_animal;transporte_de_cargas_especiais;trator_maquinas;utilitarios;ilesos;levemente_feridos;moderadamente_feridos;gravemente_feridos;mortos
"05/04/2024";"06:13:01";"11";"Sem vítima";"308,000";"BR-101/SC";"Decrescente";"Saída de pista";1;0;0;0;0;0;0;0;0;0;3;0;0;0;0
"05/04/2024";"07:37:29";"36";"Com vítima";"334,000";"BR-101/SC";"Decrescente";"Colisão lateral no mesmo sentido";1;0;1;0;0;0;0;0;0;0;2;2;0;0;0
"05/04/2024";"14:17:21";"104";"Sem vítima";"415,000";"BR-101/SC";"Decrescente";"Saída de pista";2;0;0;0;0;0;0;0;0;0;2;0;0;0;0
"05/04/2024";"15:59:06";"112";"Sem vítima";"344,000";"BR-101/SC";"Crescente";"Saída de pista";1;0;0;0;0;0;0;0;0;0;2;0;0;0;0
"05/04/2024";"18:06:00";"122";"Sem vítima";"335,000";"BR-101/SC";"Decrescente";"Choque";1;0;0;0;0;0;0;0;0;0;2;0;0;0;0
"05/04/2024";"18:15:00";"123";"Com vítima";"369,000";"BR-101/SC";"Crescente";"Queda de moto";0;0;0;1;0;0;0;0;0;0;0;0;1;0;0
"06/04/2024";"00:11:00";"1";"Sem vítima";"419,000";"BR-101/SC";"Decrescente";"Colisão traseira";2;0;0;0;0;0;0;0;0;0;3;0;0;0;0
"06/04/2024";"00:20:13";"2";"Sem vítima";"285,000";"BR-101/SC";"Crescente";"Colisão lateral no mesmo sentido";1;0;0;0;0;0;0;0;0;0;1;0;0;0;0
"06/04/2024";"06:24:08";"23";"Sem vítima";"389,000";"BR-101/SC";"Decrescente";"Capotamento";1;0;0;0;0;0;0;0;0;0;1;0;0;0;0
"06/04/2024";"06:35:00";"24";"Sem vítima";"328,000";"BR-101/SC";"Crescente";"Saída de pista";1;0;0;0;0;0;0;0;0;0;1;0;0;0;0
"06/04/2024";"07:50:04";"40";"Sem vítima";"464,000";"BR-101/SC";"Crescente";"Saída de pista";1;0;0;0;0;0;0;0;0;0;2;0;0;0;0
"06/04/2024";"09:31:29";"74";"Sem vítima";"298,000";"BR-101/SC";"Crescente";"Colisão traseira";1;0;1;0;0;0;0;0;0;0;5;0;0;0;0
"06/04/2024";"19:12:33";"135";"Sem vítima";"368,000";"BR-101/SC";"Crescente";"Colisão lateral no mesmo sentido";1;0;1;0;0;0;0;0;0;0;6;0;0;0;0
"07/04/2024";"02:44:56";"6";"Com vítima";"246,500";"BR-101/SC";"Decrescente";"Acidentes de outra natureza";1;0;0;0;0;0;0;0;0;0;0;1;0;0;0
"07/04/2024";"05:14:31";"10";"Sem vítima";"319,000";"BR-101/SC";"Decrescente";"Colisão lateral no mesmo sentido";2;0;0;0;0;0;0;0;0;0;2;0;0;0;0
"07/04/2024";"07:18:47";"22";"Sem vítima";"395,000";"BR-101/SC";"Decrescente";"Saída de pista";1;0;0;0;0;0;0;0;0;0;1;0;0;0;0
"07/04/2024";"11:18:25";"50";"Com vítima";"301,000";"BR-101/SC";"Crescente";"Saída de pista";1;0;0;0;0;0;0;0;0;0;0;0;1;0;0
"08/04/2024";"07:59:00";"47";"Sem vítima";"331,000";"BR-101/SC";"Decrescente";"Colisão lateral no mesmo sentido";1;0;0;1;0;0;0;0;0;0;2;0;0;0;0
"08/04/2024";"19:10:45";"136";"Sem vítima";"326,000";"BR-101/SC";"Crescente";"Capotamento";4;0;0;0;0;0;0;0;0;0;6;0;0;0;0
"08/04/2024";"22:02:00";"144";"Com vítima";"429,000";"BR-101/SC";"Crescente";"Queda de moto";0;0;0;1;0;0;0;0;0;0;1;1;0;0;0
"09/04/2024";"07:46:00";"33";"Sem vítima";"301,000";"BR-101/SC";"Crescente";"Colisão lateral no mesmo sentido";1;0;1;0;0;0;0;0;0;0;3;0;0;0;0
"09/04/2024";"08:29:00";"51";"Sem vítima";"332,000";"BR-101/SC";"Decrescente";"Colisão lateral no mesmo sentido";2;0;0;0;0;0;0;0;0;0;3;0;0;0;0
"09/04/2024";"09:02:00";"61";"Com vítima";"276,000";"BR-101/SC";"Decrescente";"Colisão lateral no mesmo sentido";1;0;0;1;0;0;0;0;0;0;1;1;0;0;0
"09/04/2024";"10:10:00";"75";"Sem vítima";"376,000";"BR-101/SC";"Decrescente";"Saída de pista";1;0;0;0;0;0;0;0;0;0;1;0;0;0;0
"09/04/2024";"16:29:10";"110";"Com vítima";"414,000";"BR-101/SC";"Crescente";"Capotamento";1;0;0;0;0;0;0;0;0;0;4;0;1;0;0
"09/04/2024";"17:59:58";"118";"Sem vítima";"349,000";"BR-101/SC";"Crescente";"Colisão traseira";2;0;0;0;0;0;0;0;0;0;2;0;0;0;0
"09/04/2024";"22:05:42";"132";"Com vítima";"330,000";"BR-101/SC";"Decrescente";"Colisão traseira";2;0;0;0;0;0;0;0;0;0;1;1;0;0;0
"10/04/2024";"16:27:38";"137";"Sem vítima";"394,000";"BR-101/SC";"Crescente";"Colisão lateral no mesmo sentido";0;0;1;0;0;0;0;0;0;0;1;0;0;0;0
"10/04/2024";"19:27:53";"148";"Sem vítima";"308,100";"BR-101/SC";"Decrescente";"Saída de pista";1;0;0;0;0;0;0;0;0;0;1;0;0;0;0
"10/04/2024";"22:40:31";"163";"Sem vítima";"343,000";"BR-101/SC";"Crescente";"Saída de pista";1;0;0;0;0;0;0;0;0;0;1;0;0;0;0
"11/04/2024";"08:16:00";"51";"Sem vítima";"415,000";"BR-101/SC";"Decrescente";"Colisão lateral no mesmo sentido";1;0;0;1;0;0;0;0;0;0;3;0;0;0;0
"11/04/2024";"10:09:00";"77";"Sem vítima";"423,000";"BR-101/SC";"Decrescente";"Colisão lateral no mesmo sentido";2;0;0;0;0;0;0;0;0;0;2;0;0;0;0
"11/04/2024";"17:07:13";"125";"Com vítima";"339,200";"BR-101/SC";"Decrescente";"Colisão lateral no mesmo sentido";1;0;0;1;0;0;0;0;0;0;2;0;1;0;0
"11/04/2024";"17:59:03";"127";"Com vítima";"336,000";"BR-101/SC";"Decrescente";"Colisão lateral no mesmo sentido";1;0;0;1;0;0;0;0;0;0;1;0;1;0;0
"11/04/2024";"19:05:00";"134";"Sem vítima";"276,000";"BR-101/SC";"Decrescente";"Colisão lateral no mesmo sentido";2;0;0;0;0;0;0;0;0;0;2;0;0;0;0
"11/04/2024";"23:50:17";"154";"Sem vítima";"417,000";"BR-101/SC";"Crescente";"Choque";0;0;1;0;0;0;0;0;0;0;1;0;0;0;0
"12/04/2024";"10:03:42";"55";"Com vítima";"458,000";"BR-101/SC";"Decrescente";"Tombamento";0;0;1;0;0;0;0;0;0;0;0;1;0;0;0
"12/04/2024";"11:49:17";"67";"Sem vítima";"336,000";"BR-101/SC";"Crescente";"Choque";1;0;0;0;0;0;0;0;0;0;1;0;0;0;0
"12/04/2024";"12:17:22";"72";"Sem vítima";"336,000";"BR-101/SC";"Crescente";"Colisão lateral no mesmo sentido";2;0;0;0;0;0;0;0;0;0;3;0;0;0;0
"12/04/2024";"13:13:01";"74";"Com vítima";"336,000";"BR-101/SC";"Decrescente";"Capotamento";1;0;0;0;0;0;0;0;0;0;0;1;0;0;0
"12/04/2024";"13:20:00";"75";"Sem vítima";"329,000";"BR-101/SC";"Crescente";"Choque";1;0;0;0;0;0;0;0;0;0;3;0;0;0;0
"12/04/2024";"15:05:37";"81";"Sem vítima";"260,000";"BR-101/SC";"Decrescente";"Choque";1;0;0;0;0;0;0;0;0;0;1;0;0;0;0
"12/04/2024";"16:01:46";"83";"Sem vítima";"404,000";"BR-101/SC";"Decrescente";"Colisão traseira";1;0;0;0;0;0;0;0;0;0;2;0;0;0;0
"12/04/2024";"16:24:11";"85";"Com vítima";"285,000";"BR-101/SC";"Crescente";"Choque";1;0;0;0;0;0;0;0;0;0;0;0;2;1;0
"12/04/2024";"19:05:39";"98";"Sem vítima";"404,000";"BR-101/SC";"Decrescente";"Colisão traseira";2;0;0;0;0;0;0;0;0;0;3;0;0;0;0
"12/04/2024";"20:05:00";"104";"Com vítima";"390,000";"BR-101/SC";"Decrescente";"Colisão traseira";3;0;0;0;0;0;0;0;0;0;3;0;1;0;0
"12/04/2024";"21:22:02";"110";"Sem vítima";"333,000";"BR-101/SC";"Decrescente";"Colisão traseira";2;0;0;0;0;0;0;0;0;0;2;0;0;0;0
"12/04/2024";"21:34:13";"112";"Sem vítima";"344,000";"BR-101/SC";"Decrescente";"Saída de pista";1;0;0;0;0;0;0;0;0;0;2;0;0;0;0
"12/04/2024";"21:48:33";"113";"Sem vítima";"331,000";"BR-101/SC";"Decrescente";"Colisão transversal";2;0;0;0;0;0;0;0;0;0;2;0;0;0;0
"12/04/2024";"23:30:00";"120";"Sem vítima";"416,000";"BR-101/SC";"Decrescente";"Colisão traseira";2;0;0;0;0;0;0;0;0;0;5;0;0;0;0
"13/04/2024";"00:08:03";"1";"Sem vítima";"272,000";"BR-101/SC";"Decrescente";"Saída de pista";1;0;0;0;0;0;0;0;0;0;3;0;0;0;0
"13/04/2024";"00:46:51";"4";"Sem vítima";"359,000";"BR-101/SC";"Crescente";"Saída de pista";1;0;0;0;0;0;0;0;0;0;3;0;0;0;0
"13/04/2024";"01:15:00";"5";"Sem vítima";"455,000";"BR-101/SC";"Crescente";"Saída de pista";1;0;0;0;0;0;0;0;0;0;2;0;0;0;0
"13/04/2024";"09:28:27";"33";"Sem vítima";"306,000";"BR-101/SC";"Decrescente";"Choque";1;0;0;0;0;0;0;0;0;0;0;0;0;0;0
"13/04/2024";"10:29:00";"46";"Com vítima";"335,500";"BR-101/SC";"Crescente";"Saída de pista";1;0;0;0;0;0;0;0;0;0;2;0;1;0;0
"13/04/2024";"11:13:48";"50";"Sem vítima";"306,000";"BR-101/SC";"Decrescente";"Capotamento";1;0;0;0;0;0;0;0;0;0;5;0;0;0;0
"13/04/2024";"14:42:10";"58";"Sem vítima";"271,000";"BR-101/SC";"Decrescente";"Saída de pista";0;0;1;0;0;0;0;0;0;0;2;0;0;0;0
"13/04/2024";"15:11:22";"59";"Sem vítima";"289,000";"BR-101/SC";"Decrescente";"Saída de pista";1;0;0;0;0;0;0;0;0;0;1;0;0;0;0
"13/04/2024";"18:40:19";"69";"Sem vítima";"344,000";"BR-101/SC";"Decrescente";"Saída de pista";1;0;0;0;0;0;0;0;0;0;2;0;0;0;0
"13/04/2024";"19:57:44";"76";"Sem vítima";"332,000";"BR-101/SC";"Crescente";"Colisão traseira";1;0;1;0;0;0;0;0;0;0;2;0;0;0;0
"13/04/2024";"20:50:00";"81";"Sem vítima";"273,000";"BR-101/SC";"Crescente";"Saída de pista";1;0;0;0;0;0;0;0;0;0;1;0;0;0;0
"14/04/2024";"00:49:13";"8";"Sem vítima";"329,000";"BR-101/SC";"Crescente";"Saída de pista";1;0;0;0;0;0;0;0;0;0;2;0;0;0;0
"14/04/2024";"01:30:41";"11";"Sem vítima";"331,000";"BR-101/SC";"Crescente";"Capotamento";1;0;0;0;0;0;0;0;0;0;2;0;0;0;0
"14/04/2024";"04:50:07";"21";"Sem vítima";"352,000";"BR-101/SC";"Decrescente";"Saída de pista";1;0;0;0;0;0;0;0;0;0;2;0;0;0;0
"14/04/2024";"15:11:00";"67";"Com vítima";"293,000";"BR-101/SC";"Crescente";"Capotamento";1;0;0;0;0;0;0;0;0;0;0;1;0;1;0
"14/04/2024";"19:09:00";"80";"Sem vítima";"308,000";"BR-101/SC";"Crescente";"Saída de pista";1;0;0;0;0;0;0;0;0;0;1;0;0;0;0
"14/04/2024";"19:52:22";"83";"Sem vítima";"295,000";"BR-101/SC";"Decrescente";"Choque";1;0;0;0;0;0;0;0;0;0;1;0;0;0;0
"14/04/2024";"20:50:00";"89";"Sem vítima";"329,200";"BR-101/SC";"Crescente";"Saída de pista";1;0;0;0;0;0;0;0;0;0;1;0;0;0;0
"15/04/2024";"05:03:52";"9";"Sem vítima";"460,000";"BR-101/SC";"Crescente";"Atropelamento de animal";1;0;0;0;0;0;0;0;0;0;1;0;0;0;0
"15/04/2024";"08:31:11";"42";"Sem vítima";"355,000";"BR-101/SC";"Decrescente";"Saída de pista";1;0;0;0;0;0;0;0;0;0;1;0;0;0;0
"15/04/2024";"21:19:13";"101";"Sem vítima";"275,000";"BR-101/SC";"Crescente";"Saída de pista";1;0;0;0;0;0;0;0;0;0;1;0;0;0;0
"16/04/2024";"00:49:58";"3";"Sem vítima";"342,000";"BR-101/SC";"Crescente";"Acidentes de outra natureza";1;0;0;0;0;0;0;0;0;0;1;0;0;0;0
"16/04/2024";"12:06:08";"74";"Sem vítima";"344,000";"BR-101/SC";"Crescente";"Colisão transversal";2;0;0;0;0;0;0;0;0;0;4;0;0;0;0
"16/04/2024";"15:32:00";"99";"Sem vítima";"404,000";"BR-101/SC";"Decrescente";"Saída de pista";1;0;0;0;0;0;0;0;0;0;2;0;0;0;0
"16/04/2024";"18:10:35";"116";"Sem vítima";"333,500";"BR-101/SC";"Crescente";"Colisão traseira";1;0;1;0;0;0;0;0;0;0;2;0;0;0;0
"16/04/2024";"18:24:00";"118";"Sem vítima";"246,000";"BR-101/SC";"Crescente";"Colisão traseira";0;0;1;0;0;0;0;0;0;0;1;0;0;0;0
"16/04/2024";"19:39:00";"122";"Com vítima";"266,000";"BR-101/SC";"Decrescente";"Queda de moto";0;0;0;1;0;0;0;0;0;0;0;0;0;1;0
"16/04/2024";"20:36:05";"126";"Sem vítima";"246,000";"BR-101/SC";"Crescente";"Acidentes de outra natureza";0;0;1;0;0;0;0;0;0;0;1;0;0;0;0
"17/04/2024";"04:13:00";"18";"Sem vítima";"309,000";"BR-101/SC";"Decrescente";"Acidentes de outra natureza";1;0;0;0;0;0;0;0;0;0;1;0;0;0;0
"17/04/2024";"07:34:38";"40";"Sem vítima";"339,000";"BR-101/SC";"Crescente";"Colisão lateral no mesmo sentido";1;0;1;0;0;0;0;0;0;0;3;0;0;0;0
"17/04/2024";"14:26:00";"122";"Sem vítima";"434,000";"BR-101/SC";"Decrescente";"Colisão traseira";1;0;0;0;0;0;0;0;0;0;1;0;0;0;0
"17/04/2024";"18:06:00";"148";"Com vítima";"266,000";"BR-101/SC";"Decrescente";"Colisão transversal";1;0;0;1;0;0;0;0;0;0;1;0;1;0;0
"17/04/2024";"18:51:43";"152";"Com vítima";"273,000";"BR-101/SC";"Decrescente";"Colisão traseira";0;0;2;0;0;0;0;0;0;0;2;0;1;0;0
"17/04/2024";"18:52:00";"153";"Sem vítima";"376,000";"BR-101/SC";"Crescente";"Atropelamento de animal";1;0;0;0;0;0;0;0;0;0;2;0;0;0;0
"17/04/2024";"19:50:00";"160";"Sem vítima";"443,000";"BR-101/SC";"Decrescente";"Saída de pista";1;0;0;0;0;0;0;0;0;0;2;0;0;0;0
"17/04/2024";"21:57:00";"167";"Sem vítima";"437,000";"BR-101/SC";"Decrescente";"Choque";0;0;1;0;0;0;0;0;0;0;1;0;0;0;0
"18/04/2024";"13:32:18";"102";"Sem vítima";"279,000";"BR-101/SC";"Crescente";"Saída de pista";1;0;0;0;0;0;0;0;0;0;1;0;0;0;0
"18/04/2024";"15:11:22";"116";"Sem vítima";"279,800";"BR-101/SC";"Decrescente";"Choque";0;0;1;0;0;0;0;0;0;0;1;0;0;0;0
"18/04/2024";"20:16:24";"151";"Com vítima";"380,000";"BR-101/SC";"Crescente";"Queda de moto";0;0;0;1;0;0;0;0;0;0;1;1;0;0;0
"19/04/2024";"04:55:00";"5";"Sem vítima";"367,000";"BR-101/SC";"Crescente";"Colisão lateral no mesmo sentido";0;0;2;0;0;0;0;0;0;0;2;0;0;0;0
"19/04/2024";"20:58:31";"151";"Sem vítima";"458,000";"BR-101/SC";"Decrescente";"Colisão traseira";1;0;0;0;0;0;0;0;0;0;4;0;0;0;0
"20/04/2024";"05:42:02";"9";"Sem vítima";"451,000";"BR-101/SC";"Decrescente";"Saída de pista";1;0;0;0;0;0;0;0;0;0;2;0;0;0;0
"20/04/2024";"08:49:00";"54";"Sem vítima";"348,000";"BR-101/SC";"Crescente";"Saída de pista";0;0;1;0;0;0;0;0;0;0;1;0;0;0;0
"20/04/2024";"12:32:56";"83";"Sem vítima";"361,000";"BR-101/SC";"Decrescente";"Queda de moto";0;0;0;1;0;0;0;0;0;0;1;0;0;0;0
"20/04/2024";"15:23:00";"99";"Com vítima";"315,000";"BR-101/SC";"Decrescente";"Colisão traseira";2;0;0;0;0;0;0;0;0;0;1;0;1;0;0
"20/04/2024";"19:33:54";"116";"Sem vítima";"308,000";"BR-101/SC";"Decrescente";"Tombamento";0;0;1;0;0;0;0;0;0;0;1;0;0;0;0
"20/04/2024";"23:40:15";"127";"Sem vítima";"308,800";"BR-101/SC";"Decrescente";"Saída de pista";1;0;0;0;0;0;0;0;0;0;2;0;0;0;0
"21/04/2024";"02:21:08";"4";"Com vítima";"431,000";"BR-101/SC";"Crescente";"Capotamento";1;0;0;0;0;0;0;0;0;0;0;1;0;0;0
"21/04/2024";"12:07:00";"69";"Com vítima";"297,000";"BR-101/SC";"Decrescente";"Colisão traseira";2;0;0;0;0;0;0;0;0;0;2;2;1;0;0
"21/04/2024";"17:34:25";"92";"Com vítima";"309,400";"BR-101/SC";"Decrescente";"Queda de moto";0;0;0;1;0;0;0;0;0;0;0;0;0;0;1
"21/04/2024";"19:24:10";"101";"Com vítima";"331,000";"BR-101/SC";"Decrescente";"Colisão lateral no mesmo sentido";1;0;1;0;0;0;0;0;0;0;1;1;1;0;0
"21/04/2024";"22:19:32";"115";"Sem vítima";"400,000";"BR-101/SC";"Decrescente";"Colisão traseira";1;0;1;0;0;0;0;0;0;0;4;0;0;0;0
"22/04/2024";"00:47:12";"1";"Sem vítima";"268,000";"BR-101/SC";"Decrescente";"Saída de pista";1;0;0;0;0;0;0;0;0;0;4;0;0;0;0
"22/04/2024";"08:58:10";"72";"Sem vítima";"341,000";"BR-101/SC";"Crescente";"Colisão traseira";0;0;0;1;0;0;0;0;0;0;1;0;0;0;0
"22/04/2024";"15:06:37";"116";"Sem vítima";"264,000";"BR-101/SC";"Decrescente";"Saída de pista";1;0;0;0;0;0;0;0;0;0;1;0;0;0;0
"22/04/2024";"19:48:50";"142";"Sem vítima";"342,650";"BR-101/SC";"Crescente";"Saída de pista";0;0;1;0;0;0;0;0;0;0;1;0;0;0;0
"22/04/2024";"20:23:05";"145";"Com vítima";"333,000";"BR-101/SC";"Decrescente";"Queda de moto";0;0;0;1;0;0;0;0;0;0;0;1;0;0;0
"23/04/2024";"00:49:50";"4";"Com vítima";"307,000";"BR-101/SC";"Crescente";"Queda de moto";0;0;0;1;0;0;0;0;0;0;0;0;1;0;0
"23/04/2024";"06:27:00";"14";"Sem vítima";"460,000";"BR-101/SC";"Crescente";"Capotamento";1;0;0;0;0;0;0;0;0;0;2;0;0;0;0
"23/04/2024";"16:53:00";"139";"Sem vítima";"361,000";"BR-101/SC";"Decrescente";"Colisão lateral no mesmo sentido";2;0;0;0;0;0;0;0;0;0;3;0;0;0;0
"23/04/2024";"19:11:00";"147";"Sem vítima";"385,800";"BR-101/SC";"Crescente";"Colisão lateral no mesmo sentido";2;0;0;0;0;0;0;0;0;0;4;0;0;0;0
"24/04/2024";"02:05:12";"7";"Com vítima";"458,000";"BR-101/SC";"Decrescente";"Choque";1;0;0;0;0;0;0;0;0;0;1;1;0;0;0
"24/04/2024";"16:30:08";"130";"Sem vítima";"336,000";"BR-101/SC";"Crescente";"Colisão lateral no mesmo sentido";1;0;0;0;0;0;0;0;0;0;2;0;0;0;0
"25/04/2024";"12:37:21";"106";"Sem vítima";"308,710";"BR-101/SC";"Crescente";"Colisão lateral no mesmo sentido";1;0;1;0;0;0;0;0;0;0;2;0;0;0;0
"26/04/2024";"19:21:47";"129";"Sem vítima";"315,700";"BR-101/SC";"Crescente";"Choque";0;0;1;0;0;0;0;0;0;0;1;0;0;0;0
"27/04/2024";"05:28:51";"15";"Sem vítima";"308,700";"BR-101/SC";"Decrescente";"Saída de pista";0;0;1;0;0;0;0;0;0;0;1;0;0;0;0
"27/04/2024";"06:52:23";"23";"Sem vítima";"375,600";"BR-101/SC";"Decrescente";"Choque";1;0;0;0;0;0;0;0;0;0;3;0;0;0;0
"27/04/2024";"06:59:36";"24";"Sem vítima";"247,600";"BR-101/SC";"Decrescente";"Saída de pista";1;0;0;0;0;0;0;0;0;0;1;0;0;0;0
"27/04/2024";"09:34:35";"57";"Sem vítima";"419,000";"BR-101/SC";"Decrescente";"Saída de pista";0;0;1;0;0;0;0;0;0;0;1;0;0;0;0
"27/04/2024";"11:23:45";"72";"Com vítima";"282,000";"BR-101/SC";"Crescente";"Choque";0;0;0;1;0;0;0;0;0;0;0;1;0;0;0
"27/04/2024";"11:37:20";"74";"Sem vítima";"280,500";"BR-101/SC";"Crescente";"Colisão traseira";1;0;0;0;0;0;0;0;0;0;1;0;0;0;0
"27/04/2024";"17:40:00";"104";"Sem vítima";"277,000";"BR-101/SC";"Crescente";"Colisão traseira";0;0;0;2;0;0;0;0;0;0;2;0;0;0;0
"27/04/2024";"19:24:00";"114";"Sem vítima";"296,000";"BR-101/SC";"Crescente";"Saída de pista";1;0;0;0;0;0;0;0;0;0;1;0;0;0;0
"27/04/2024";"19:27:49";"116";"Sem vítima";"404,000";"BR-101/SC";"Crescente";"Choque";0;0;0;0;1;0;0;0;0;0;1;0;0;0;0
"27/04/2024";"21:13:29";"125";"Com vítima";"296,000";"BR-101/SC";"Crescente";"Colisão traseira";2;0;0;0;0;0;0;0;0;0;2;1;1;0;0
"27/04/2024";"23:41:00";"131";"Sem vítima";"402,000";"BR-101/SC";"Decrescente";"Choque";1;0;0;0;0;0;0;0;0;0;2;0;0;0;0
"28/04/2024";"11:32:38";"45";"Com vítima";"462,000";"BR-101/SC";"Crescente";"Saída de pista";2;0;0;0;0;0;0;0;0;0;2;1;0;0;0
"28/04/2024";"23:49:00";"95";"Sem vítima";"372,500";"BR-101/SC";"Crescente";"Saída de pista";0;0;1;0;0;0;0;0;0;0;1;0;0;0;0
"29/04/2024";"09:29:00";"66";"Sem vítima";"359,000";"BR-101/SC";"Decrescente";"Saída de pista";1;0;0;0;0;0;0;0;0;0;1;0;0;0;0
"29/04/2024";"12:13:20";"81";"Sem vítima";"341,000";"BR-101/SC";"Crescente";"Saída de pista";1;0;0;0;0;0;0;0;0;0;1;0;0;0;0
"29/04/2024";"14:56:50";"99";"Sem vítima";"254,000";"BR-101/SC";"Crescente";"Colisão transversal";1;0;0;0;0;0;0;0;0;0;1;0;0;0;0
"30/04/2024";"05:12:06";"9";"Com vítima";"332,000";"BR-101/SC";"Decrescente";"Saída de pista";1;0;0;0;0;0;0;0;0;0;0;2;0;0;0
"30/04/2024";"05:27:00";"10";"Com vítima";"392,190";"BR-101/SC";"Crescente";"Tombamento";0;0;1;0;0;0;0;0;0;0;1;1;0;0;0
"30/04/2024";"08:46:28";"36";"Com vítima";"394,000";"BR-101/SC";"Decrescente";"Colisão traseira";2;0;0;0;0;0;0;0;0;0;4;0;1;0;0
"30/04/2024";"10:03:59";"51";"Sem vítima";"354,000";"BR-101/SC";"Crescente";"Colisão lateral no mesmo sentido";1;0;1;0;0;0;0;0;0;0;2;0;0;0;0
"30/04/2024";"14:35:23";"76";"Sem vítima";"328,000";"BR-101/SC";"Crescente";"Saída de pista";1;0;0;0;0;0;0;0;0;0;1;0;0;0;0
"30/04/2024";"18:49:12";"94";"Sem vítima";"365,000";"BR-101/SC";"Crescente";"Saída de pista";0;0;1;0;0;0;0;0;0;0;1;0;0;0;0
"30/04/2024";"21:10:00";"105";"Sem vítima";"404,000";"BR-101/SC";"Decrescente";"Saída de pista";0;0;1;0;0;0;0;0;0;0;1;0;0;0;0
"01/05/2024";"05:51:42";"8";"Sem vítima";"317,900";"BR-101/SC";"Decrescente";"Colisão traseira";2;0;0;0;0;0;0;0;0;0;2;0;0;0;0
"01/05/2024";"07:15:28";"17";"Sem vítima";"390,120";"BR-101/SC";"Decrescente";"Saída de pista";1;0;0;0;0;0;0;0;0;0;2;0;0;0;0
"02/05/2024";"01:03:00";"4";"Sem vítima";"308,500";"BR-101/SC";"Decrescente";"Atropelamento de animal";1;0;0;0;0;0;0;0;0;0;2;0;0;0;0
"02/05/2024";"06:49:00";"13";"Com vítima";"331,500";"BR-101/SC";"Crescente";"Queda de moto";0;0;0;1;0;0;0;0;0;0;0;1;0;0;0
"02/05/2024";"10:50:26";"59";"Sem vítima";"434,350";"BR-101/SC";"Decrescente";"Saída de pista";0;0;1;0;0;0;0;0;0;0;1;0;0;0;0
"02/05/2024";"18:00:31";"91";"Sem vítima";"407,000";"BR-101/SC";"Decrescente";"Saída de pista";1;0;0;0;0;0;0;0;0;0;2;0;0;0;0
"02/05/2024";"23:32:00";"109";"Sem vítima";"361,000";"BR-101/SC";"Decrescente";"Choque";1;0;0;0;0;0;0;0;0;0;1;0;0;0;0
"03/05/2024";"17:22:27";"76";"Com vítima";"341,000";"BR-101/SC";"Decrescente";"Colisão traseira";2;0;0;0;0;0;0;0;0;0;1;1;0;0;0
"03/05/2024";"18:29:14";"78";"Sem vítima";"334,000";"BR-101/SC";"Decrescente";"Colisão lateral no mesmo sentido";2;0;0;0;0;0;0;0;0;0;2;0;0;0;0
"03/05/2024";"20:58:29";"87";"Sem vítima";"383,000";"BR-101/SC";"Crescente";"Capotamento";1;0;0;0;0;0;0;0;0;0;1;0;0;0;0
"04/05/2024";"00:37:34";"3";"Com vítima";"340,000";"BR-101/SC";"Decrescente";"Colisão traseira";2;0;0;0;0;0;0;0;0;0;1;1;0;0;0
"04/05/2024";"05:09:00";"8";"Sem vítima";"375,000";"BR-101/SC";"Crescente";"Saída de pista";1;0;0;0;0;0;0;0;0;0;1;0;0;0;0
"04/05/2024";"05:56:29";"9";"Sem vítima";"379,000";"BR-101/SC";"Decrescente";"Saída de pista";1;0;0;0;0;0;0;0;0;0;1;0;0;0;0
"04/05/2024";"06:49:09";"11";"Sem vítima";"343,000";"BR-101/SC";"Decrescente";"Saída de pista";1;0;0;0;0;0;0;0;0;0;2;0;0;0;0
"04/05/2024";"15:35:51";"49";"Com vítima";"446,100";"BR-101/SC";"Decrescente";"Saída de pista";1;0;0;0;0;0;0;0;0;0;1;2;0;0;0
"04/05/2024";"16:03:41";"52";"Sem vítima";"414,000";"BR-101/SC";"Crescente";"Saída de pista";1;0;0;0;0;0;0;0;0;0;1;0;0;0;0
"04/05/2024";"23:05:00";"70";"Sem vítima";"387,000";"BR-101/SC";"Decrescente";"Atropelamento de animal";1;0;0;0;0;0;0;0;0;0;1;0;0;0;0
"05/05/2024";"03:57:20";"7";"Com vítima";"427,000";"BR-101/SC";"Crescente";"Saída de pista";1;0;0;0;0;0;0;0;0;0;1;0;1;0;0