data;horario;n_da_ocorrencia;tipo_de_ocorrencia;km;trecho;sentido;tipo_de_acidente;automovel;bicicleta;caminhao;moto;onibus;outros;tracao_animal;transporte_de_cargas_especiais;trator_maquinas;utilitarios;ilesos;levemente_feridos;moderadamente_feridos;gravemente_feridos;mortos
"05/05/2024";"04:44:05";"8";"Sem vítima";"275,650";"BR-101/SC";"Decrescente";"Choque";1;0;0;0;0;0;0;0;0;0;1;0;0;0;0
"05/05/2024";"12:03:00";"43";"Com vítima";"304,000";"BR-101/SC";"Crescente";"Saída de pista";1;0;0;0;0;0;0;0;0;0;1;1;0;0;0
"05/05/2024";"18:31:00";"74";"Com vítima";"402,000";"BR-101/SC";"Crescente";"Colisão lateral no mesmo sentido";1;0;0;1;0;0;0;0;0;0;4;0;1;0;0
"05/05/2024";"19:29:59";"77";"Com vítima";"247,700";"BR-101/SC";"Decrescente";"Queda de moto";0;0;0;1;0;0;0;0;0;0;0;1;0;0;0
"05/05/2024";"20:06:16";"81";"Sem vítima";"443,000";"BR-101/SC";"Crescente";"Queda de moto";0;0;0;1;0;0;0;0;0;0;1;0;0;0;0
"06/05/2024";"07:33:37";"38";"Com vítima";"440,400";"BR-101/SC";"Decrescente";"Colisão traseira";1;0;0;1;0;0;0;0;0;0;1;1;0;0;0
"06/05/2024";"08:46:01";"67";"Sem vítima";"395,100";"BR-101/SC";"Crescente";"Colisão traseira";2;0;0;0;0;0;0;0;0;0;2;0;0;0;0
"07/05/2024";"08:48:55";"62";"Sem vítima";"344,600";"BR-101/SC";"Decrescente";"Saída de pista";0;0;1;0;0;0;0;0;0;0;3;0;0;0;0
"07/05/2024";"09:54:55";"78";"Sem vítima";"341,600";"BR-101/SC";"Decrescente";"Engavetamento";3;0;0;0;0;0;0;0;0;0;4;0;0;0;0
"07/05/2024";"15:15:14";"105";"Com vítima";"360,400";"BR-101/SC";"Decrescente";"Colisão lateral no mesmo sentido";1;0;0;1;0;0;0;0;0;0;2;1;0;0;0
"07/05/2024";"18:27:07";"125";"Com vítima";"414,700";"BR-101/SC";"Decrescente";"Acidentes de outra natureza";1;0;0;0;0;0;0;0;0;0;1;2;0;0;0
"07/05/2024";"21:09:00";"135";"Sem vítima";"443,000";"BR-101/SC";"Crescente";"Saída de pista";1;0;0;0;0;0;0;0;0;0;1;0;0;0;0
"07/05/2024";"21:10:26";"136";"Com vítima";"397,000";"BR-101/SC";"Decrescente";"Choque";0;0;0;1;0;0;0;0;0;0;0;0;2;0;0
"08/05/2024";"02:10:00";"6";"Sem vítima";"250,000";"BR-101/SC";"Decrescente";"Colisão traseira";2;0;0;0;0;0;0;0;0;0;2;0;0;0;0
"08/05/2024";"08:03:14";"60";"Sem vítima";"353,230";"BR-101/SC";"Decrescente";"Saída de pista";1;0;0;0;0;0;0;0;0;0;1;0;0;0;0
"08/05/2024";"08:14:20";"61";"Sem vítima";"270,000";"BR-101/SC";"Decrescente";"Saída de pista";0;0;1;0;0;0;0;0;0;0;1;0;0;0;0
"08/05/2024";"11:24:40";"98";"Sem vítima";"429,800";"BR-101/SC";"Decrescente";"Colisão lateral no mesmo sentido";1;0;1;0;0;0;0;0;0;0;2;0;0;0;0
"09/05/2024";"01:01:10";"4";"Sem vítima";"315,600";"BR-101/SC";"Decrescente";"Choque";1;0;0;0;0;0;0;0;0;0;1;0;0;0;0
"09/05/2024";"13:54:00";"89";"Sem vítima";"354,000";"BR-101/SC";"Crescente";"Saída de pista";0;0;1;0;0;0;0;0;0;0;1;0;0;0;0
"09/05/2024";"23:22:55";"119";"Com vítima";"367,000";"BR-101/SC";"Decrescente";"Queda de moto";0;0;0;1;0;0;0;0;0;0;0;1;0;0;0
"10/05/2024";"04:17:00";"9";"Sem vítima";"283,000";"BR-101/SC";"Decrescente";"Saída de pista";1;0;0;0;0;0;0;0;0;0;1;0;0;0;0
"10/05/2024";"16:06:00";"92";"Com vítima";"351,680";"BR-101/SC";"Decrescente";"Saída de pista";1;0;0;0;0;0;0;0;0;0;1;1;1;0;0
"10/05/2024";"18:02:52";"97";"Sem vítima";"344,000";"BR-101/SC";"Decrescente";"Saída de pista";1;0;0;0;0;0;0;0;0;0;1;0;0;0;0
"10/05/2024";"19:08:00";"101";"Sem vítima";"398,000";"BR-101/SC";"Crescente";"Choque";1;0;0;0;0;0;0;0;0;0;4;0;0;0;0
"10/05/2024";"21:51:12";"111";"Sem vítima";"334,500";"BR-101/SC";"Crescente";"Tombamento";0;0;1;0;0;0;0;0;0;0;2;0;0;0;0
"11/05/2024";"01:35:44";"7";"Sem vítima";"326,000";"BR-101/SC";"Crescente";"Colisão lateral no mesmo sentido";0;0;1;0;0;0;0;0;0;0;1;0;0;0;0
"11/05/2024";"01:53:10";"9";"Sem vítima";"419,000";"BR-101/SC";"Decrescente";"Saída de pista";1;0;0;0;0;0;0;0;0;0;1;0;0;0;0
"11/05/2024";"02:12:50";"11";"Com vítima";"298,000";"BR-101/SC";"Crescente";"Capotamento";1;0;0;0;0;0;0;0;0;0;0;0;1;0;0
"11/05/2024";"04:03:05";"15";"Com vítima";"431,000";"BR-101/SC";"Decrescente";"Capotamento";1;0;0;0;0;0;0;0;0;0;0;0;2;0;0
"11/05/2024";"04:07:00";"16";"Sem vítima";"413,000";"BR-101/SC";"Decrescente";"Atropelamento de animal";1;0;0;0;0;0;0;0;0;0;3;0;0;0;0
"11/05/2024";"09:39:27";"41";"Sem vítima";"257,000";"BR-101/SC";"Crescente";"Choque";1;0;0;0;0;0;0;0;0;0;1;0;0;0;0
"11/05/2024";"17:18:22";"78";"Sem vítima";"363,000";"BR-101/SC";"Decrescente";"Choque";1;0;0;0;0;0;0;0;0;0;5;0;0;0;0
"11/05/2024";"18:32:44";"86";"Com vítima";"335,000";"BR-101/SC";"Decrescente";"Saída de pista";1;0;0;0;0;0;0;0;0;0;1;0;1;0;0
"11/05/2024";"19:14:19";"88";"Sem vítima";"390,000";"BR-101/SC";"Decrescente";"Choque";1;0;0;0;0;0;0;0;0;0;3;0;0;0;0
"11/05/2024";"22:04:34";"99";"Com vítima";"417,000";"BR-101/SC";"Decrescente";"Capotamento";1;0;0;0;0;0;0;0;0;0;0;0;4;0;0
"11/05/2024";"22:23:00";"100";"Sem vítima";"360,000";"BR-101/SC";"Crescente";"Saída de pista";1;0;0;0;0;0;0;0;0;0;1;0;0;0;0
"11/05/2024";"22:39:00";"103";"Com vítima";"257,000";"BR-101/SC";"Decrescente";"Saída de pista";1;0;0;0;0;0;0;0;0;0;0;0;1;0;0
"11/05/2024";"22:48:00";"104";"Com vítima";"362,000";"BR-101/SC";"Crescente";"Choque";1;0;0;0;0;0;0;0;0;0;3;0;1;0;0
"12/05/2024";"00:14:23";"1";"Com vítima";"436,000";"BR-101/SC";"Crescente";"Choque";1;0;0;0;0;0;0;0;0;0;0;0;1;0;0
"12/05/2024";"01:03:23";"4";"Sem vítima";"335,000";"BR-101/SC";"Decrescente";"Choque";1;0;0;0;0;0;0;0;0;0;1;0;0;0;0
"12/05/2024";"01:12:16";"5";"Sem vítima";"400,000";"BR-101/SC";"Crescente";"Saída de pista";1;0;0;0;0;0;0;0;0;0;2;0;0;0;0
"12/05/2024";"02:47:46";"6";"Sem vítima";"331,000";"BR-101/SC";"Decrescente";"Saída de pista";1;0;0;0;0;0;0;0;0;0;1;0;0;0;0
"12/05/2024";"03:47:58";"7";"Sem vítima";"329,000";"BR-101/SC";"Decrescente";"Saída de pista";1;0;0;0;0;0;0;0;0;0;1;0;0;0;0
"12/05/2024";"08:44:34";"10";"Sem vítima";"356,000";"BR-101/SC";"Decrescente";"Saída de pista";1;0;0;0;0;0;0;0;0;0;4;0;0;0;0
"12/05/2024";"13:46:52";"25";"Sem vítima";"383,000";"BR-101/SC";"Crescente";"Saída de pista";1;0;0;0;0;0;0;0;0;0;1;0;0;0;0
"12/05/2024";"15:26:09";"29";"Sem vítima";"404,000";"BR-101/SC";"Decrescente";"Saída de pista";1;0;0;0;0;0;0;0;0;0;3;0;0;0;0
"13/05/2024";"01:34:00";"7";"Sem vítima";"322,000";"BR-101/SC";"Decrescente";"Saída de pista";1;0;0;0;0;0;0;0;0;0;1;0;0;0;0
"13/05/2024";"02:25:00";"9";"Sem vítima";"337,000";"BR-101/SC";"Decrescente";"Choque";1;0;0;0;0;0;0;0;0;0;2;0;0;0;0
"13/05/2024";"07:54:41";"37";"Sem vítima";"328,000";"BR-101/SC";"Crescente";"Colisão traseira";1;0;0;1;0;0;0;0;0;0;2;0;0;0;0
"13/05/2024";"13:36:57";"78";"Sem vítima";"335,300";"BR-101/SC";"Crescente";"Colisão traseira";1;0;1;0;0;0;0;0;0;0;2;0;0;0;0
"13/05/2024";"18:20:34";"100";"Sem vítima";"258,000";"BR-101/SC";"Decrescente";"Choque";1;0;0;0;0;0;0;0;0;0;1;0;0;0;0
"13/05/2024";"18:46:01";"104";"Sem vítima";"344,000";"BR-101/SC";"Decrescente";"Queda de moto";0;0;0;1;0;0;0;0;0;0;1;0;0;0;0
"13/05/2024";"19:37:15";"111";"Com vítima";"344,000";"BR-101/SC";"Decrescente";"Saída de pista";1;0;0;0;0;0;0;0;0;0;2;2;0;0;0
"13/05/2024";"20:34:35";"115";"Com vítima";"289,000";"BR-101/SC";"Crescente";"Queda de moto";0;0;0;1;0;0;0;0;0;0;0;0;1;0;0
"13/05/2024";"22:47:00";"121";"Sem vítima";"356,000";"BR-101/SC";"Crescente";"Tombamento";0;0;1;0;0;0;0;0;0;0;1;0;0;0;0
"14/05/2024";"05:14:14";"5";"Com vítima";"253,000";"BR-101/SC";"Crescente";"Queda de moto";0;0;0;1;0;0;0;0;0;0;0;0;1;0;0
"14/05/2024";"07:15:58";"13";"Sem vítima";"282,000";"BR-101/SC";"Crescente";"Colisão transversal";2;0;0;0;0;0;0;0;0;0;2;0;0;0;0
"14/05/2024";"09:06:36";"58";"Sem vítima";"402,000";"BR-101/SC";"Crescente";"Colisão lateral no mesmo sentido";1;0;1;0;0;0;0;0;0;0;2;0;0;0;0
"14/05/2024";"19:49:07";"113";"Sem vítima";"298,000";"BR-101/SC";"Decrescente";"Colisão lateral no mesmo sentido";1;0;1;0;0;0;0;0;0;0;3;0;0;0;0
"14/05/2024";"19:50:00";"114";"Sem vítima";"464,000";"BR-101/SC";"Decrescente";"Saída de pista";1;0;0;0;0;0;0;0;0;0;1;0;0;0;0
"15/05/2024";"07:54:41";"35";"Com vítima";"333,500";"BR-101/SC";"Crescente";"Colisão traseira";0;0;0;1;0;0;0;0;0;0;0;1;0;0;0
"15/05/2024";"13:34:01";"84";"Sem vítima";"341,820";"BR-101/SC";"Decrescente";"Colisão lateral no mesmo sentido";1;0;1;0;0;0;0;0;0;0;2;0;0;0;0
"15/05/2024";"14:46:42";"87";"Com vítima";"288,000";"BR-101/SC";"Decrescente";"Colisão lateral no mesmo sentido";2;0;0;0;0;0;0;0;0;0;0;2;0;0;0
"15/05/2024";"17:33:46";"96";"Com vítima";"357,000";"BR-101/SC";"Decrescente";"Colisão transversal";1;0;0;0;1;0;0;0;0;0;1;1;0;0;0
"16/05/2024";"06:41:31";"19";"Sem vítima";"273,300";"BR-101/SC";"Crescente";"Queda de moto";0;0;0;1;0;0;0;0;0;0;1;0;0;0;0
"16/05/2024";"17:57:02";"101";"Com vítima";"344,000";"BR-101/SC";"Crescente";"Choque";1;0;0;0;0;0;0;0;0;0;0;0;1;0;0
"16/05/2024";"18:01:32";"102";"Sem vítima";"424,000";"BR-101/SC";"Decrescente";"Acidentes de outra natureza";1;0;0;0;0;0;0;0;0;0;2;0;0;0;0
"16/05/2024";"19:11:27";"105";"Com vítima";"432,900";"BR-101/SC";"Decrescente";"Colisão traseira";2;0;0;0;0;0;0;0;0;0;1;1;0;0;0
"17/05/2024";"02:33:00";"5";"Com vítima";"350,000";"BR-101/SC";"Crescente";"Choque";0;0;1;0;0;0;0;0;0;0;1;1;0;0;0
"17/05/2024";"04:03:00";"7";"Com vítima";"392,000";"BR-101/SC";"Decrescente";"Choque";1;0;0;0;0;0;0;0;0;0;0;3;1;0;0
"17/05/2024";"08:13:25";"33";"Sem vítima";"335,000";"BR-101/SC";"Decrescente";"Colisão lateral no mesmo sentido";1;0;1;0;0;0;0;0;0;0;4;0;0;0;0
"17/05/2024";"13:34:06";"66";"Sem vítima";"359,000";"BR-101/SC";"Decrescente";"Saída de pista";0;0;1;0;0;0;0;0;0;0;1;0;0;0;0
"17/05/2024";"20:06:00";"98";"Sem vítima";"412,000";"BR-101/SC";"Decrescente";"Saída de pista";1;0;0;0;0;0;0;0;0;0;2;0;0;0;0
"17/05/2024";"20:12:00";"99";"Sem vítima";"348,000";"BR-101/SC";"Decrescente";"Choque";1;0;0;0;0;0;0;0;0;0;2;0;0;0;0
"17/05/2024";"22:15:45";"109";"Sem vítima";"404,000";"BR-101/SC";"Decrescente";"Colisão traseira";1;0;1;0;0;0;0;0;0;0;3;0;0;0;0
"17/05/2024";"22:47:00";"113";"Sem vítima";"266,000";"BR-101/SC";"Crescente";"Colisão traseira";2;0;0;0;0;0;0;0;0;0;2;0;0;0;0
"18/05/2024";"05:16:37";"13";"Sem vítima";"398,000";"BR-101/SC";"Crescente";"Acidentes de outra natureza";1;0;0;0;0;0;0;0;0;0;1;0;0;0;0
"18/05/2024";"12:44:50";"37";"Sem vítima";"333,000";"BR-101/SC";"Decrescente";"Colisão traseira";2;0;0;0;0;0;0;0;0;0;3;0;0;0;0
"18/05/2024";"13:50:39";"42";"Sem vítima";"265,900";"BR-101/SC";"Crescente";"Tombamento";0;0;1;0;0;0;0;0;0;0;1;0;0;0;0
"18/05/2024";"15:16:28";"49";"Sem vítima";"335,000";"BR-101/SC";"Crescente";"Choque";1;0;0;0;0;0;0;0;0;0;1;0;0;0;0
"18/05/2024";"18:49:23";"59";"Com vítima";"420,000";"BR-101/SC";"Decrescente";"Colisão transversal";2;0;0;0;0;0;0;0;0;0;5;1;0;0;0
"18/05/2024";"19:22:21";"62";"Sem vítima";"268,750";"BR-101/SC";"Crescente";"Acidentes de outra natureza";1;0;0;0;0;0;0;0;0;0;2;0;0;0;0
"18/05/2024";"19:24:00";"63";"Com vítima";"344,000";"BR-101/SC";"Decrescente";"Acidentes de outra natureza";1;0;0;0;0;0;0;0;0;0;1;1;0;0;0
"18/05/2024";"21:21:00";"66";"Com vítima";"321,000";"BR-101/SC";"Crescente";"Capotamento";1;0;0;0;0;0;0;0;0;0;3;0;1;0;0
"18/05/2024";"23:54:29";"75";"Sem vítima";"432,000";"BR-101/SC";"Decrescente";"Saída de pista";1;0;0;0;0;0;0;0;0;0;1;0;0;0;0
"19/05/2024";"00:56:11";"4";"Sem vítima";"335,000";"BR-101/SC";"Decrescente";"Saída de pista";1;0;0;0;0;0;0;0;0;0;3;0;0;0;0
"19/05/2024";"04:23:00";"11";"Sem vítima";"280,000";"BR-101/SC";"Decrescente";"Choque";1;0;0;0;0;0;0;0;0;0;1;0;0;0;0
"19/05/2024";"09:05:59";"23";"Com vítima";"449,000";"BR-101/SC";"Decrescente";"Saída de pista";1;0;0;0;0;0;0;0;0;0;0;1;3;0;0
"19/05/2024";"13:24:22";"33";"Sem vítima";"370,000";"BR-101/SC";"Decrescente";"Colisão transversal";1;0;0;0;0;0;0;0;0;0;3;0;0;0;0
"19/05/2024";"20:53:55";"69";"Com vítima";"348,000";"BR-101/SC";"Decrescente";"Choque";1;0;0;0;0;0;0;0;0;0;0;1;1;0;0
"19/05/2024";"21:34:04";"72";"Sem vítima";"417,000";"BR-101/SC";"Decrescente";"Choque";1;0;0;0;0;0;0;0;0;0;4;0;0;0;0
"19/05/2024";"22:27:05";"76";"Sem vítima";"352,000";"BR-101/SC";"Crescente";"Acidentes de outra natureza";1;0;0;0;0;0;0;0;0;0;1;0;0;0;0
"20/05/2024";"01:46:40";"4";"Sem vítima";"445,000";"BR-101/SC";"Crescente";"Colisão traseira";2;0;0;0;0;0;0;0;0;0;3;0;0;0;0
"20/05/2024";"08:01:00";"35";"Com vítima";"288,540";"BR-101/SC";"Crescente";"Colisão lateral no mesmo sentido";1;0;0;1;0;0;0;0;0;0;2;1;0;0;0
"20/05/2024";"11:50:02";"74";"Sem vítima";"405,000";"BR-101/SC";"Crescente";"Colisão traseira";1;0;1;0;0;0;0;0;0;0;3;0;0;0;0
"20/05/2024";"18:20:36";"104";"Com vítima";"335,000";"BR-101/SC";"Decrescente";"Colisão traseira";2;0;0;0;0;0;0;0;0;0;1;2;0;0;0
"20/05/2024";"18:54:46";"110";"Com vítima";"410,000";"BR-101/SC";"Crescente";"Queda de moto";0;0;0;1;0;0;0;0;0;0;0;0;1;0;0
"20/05/2024";"22:03:37";"127";"Com vítima";"327,400";"BR-101/SC";"Crescente";"Choque";1;0;0;0;0;0;0;0;0;0;0;0;1;0;0
"20/05/2024";"23:59:37";"131";"Sem vítima";"381,000";"BR-101/SC";"Crescente";"Atropelamento de animal";1;0;0;0;0;0;0;0;0;0;3;0;0;0;0
"21/05/2024";"12:12:29";"83";"Sem vítima";"336,110";"BR-101/SC";"Crescente";"Colisão traseira";1;0;0;1;0;0;0;0;0;0;2;0;0;0;0
"21/05/2024";"13:05:49";"90";"Sem vítima";"296,000";"BR-101/SC";"Crescente";"Colisão traseira";1;0;1;0;0;0;0;0;0;0;3;0;0;0;0
"21/05/2024";"15:46:00";"104";"Com vítima";"291,300";"BR-101/SC";"Crescente";"Choque";1;0;0;0;0;0;0;0;0;0;0;2;0;0;0
"21/05/2024";"19:28:35";"130";"Sem vítima";"344,000";"BR-101/SC";"Decrescente";"Choque";1;0;0;0;0;0;0;0;0;0;1;0;0;0;0
"21/05/2024";"20:02:00";"133";"Com vítima";"251,000";"BR-101/SC";"Decrescente";"Capotamento";1;0;0;0;0;0;0;0;0;0;0;0;1;0;0
"22/05/2024";"08:03:00";"50";"Sem vítima";"381,000";"BR-101/SC";"Crescente";"Saída de pista";1;0;0;0;0;0;0;0;0;0;2;0;0;0;0
"22/05/2024";"12:36:55";"95";"Sem vítima";"380,000";"BR-101/SC";"Decrescente";"Colisão transversal";1;0;1;0;0;0;0;0;0;0;3;0;0;0;0
"22/05/2024";"20:24:02";"137";"Com vítima";"434,000";"BR-101/SC";"Decrescente";"Queda de moto";0;0;0;1;0;0;0;0;0;0;0;0;1;0;0
"22/05/2024";"22:39:49";"143";"Sem vítima";"344,000";"BR-101/SC";"Crescente";"Saída de pista";1;0;0;0;0;0;0;0;0;0;2;0;0;0;0
"23/05/2024";"00:38:19";"2";"Sem vítima";"349,000";"BR-101/SC";"Crescente";"Colisão lateral no mesmo sentido";0;0;2;0;0;0;0;0;0;0;2;0;0;0;0
"23/05/2024";"08:42:22";"53";"Sem vítima";"316,280";"BR-101/SC";"Decrescente";"Colisão traseira";2;0;0;0;0;0;0;0;0;0;4;0;0;0;0
"23/05/2024";"10:12:13";"84";"Sem vítima";"332,000";"BR-101/SC";"Decrescente";"Colisão transversal";2;0;0;0;0;0;0;0;0;0;4;0;0;0;0
"23/05/2024";"10:51:47";"92";"Sem vítima";"369,000";"BR-101/SC";"Decrescente";"Saída de pista";1;0;0;0;0;0;0;0;0;0;2;0;0;0;0
"23/05/2024";"14:32:39";"114";"Sem vítima";"377,000";"BR-101/SC";"Decrescente";"Saída de pista";1;0;0;0;0;0;0;0;0;0;1;0;0;0;0
"23/05/2024";"16:41:41";"128";"Sem vítima";"431,000";"BR-101/SC";"Crescente";"Choque";1;0;0;0;0;0;0;0;0;0;1;0;0;0;0
"23/05/2024";"18:56:00";"135";"Sem vítima";"438,000";"BR-101/SC";"Crescente";"Colisão traseira";3;0;0;0;0;0;0;0;0;0;3;0;0;0;0
"24/05/2024";"00:36:32";"3";"Sem vítima";"390,000";"BR-101/SC";"Crescente";"Acidentes de outra natureza";0;0;1;0;0;0;0;0;0;0;1;0;0;0;0
"24/05/2024";"06:58:26";"14";"Sem vítima";"384,000";"BR-101/SC";"Decrescente";"Saída de pista";1;0;0;0;0;0;0;0;0;0;1;0;0;0;0
"24/05/2024";"17:06:33";"110";"Com vítima";"315,000";"BR-101/SC";"Crescente";"Colisão traseira";1;0;0;0;1;0;0;0;0;0;2;1;0;0;0
"24/05/2024";"19:21:53";"121";"Sem vítima";"298,000";"BR-101/SC";"Decrescente";"Colisão traseira";0;0;2;0;0;0;0;0;0;0;3;0;0;0;0
"24/05/2024";"20:24:24";"127";"Sem vítima";"331,000";"BR-101/SC";"Decrescente";"Acidentes de outra natureza";1;0;0;0;0;0;0;0;0;0;1;0;0;0;0
"24/05/2024";"22:56:38";"135";"Sem vítima";"315,950";"BR-101/SC";"Crescente";"Choque";1;0;0;0;0;0;0;0;0;0;1;0;0;0;0
"25/05/2024";"03:25:00";"15";"Sem vítima";"324,000";"BR-101/SC";"Decrescente";"Choque";0;0;1;0;0;0;0;0;0;0;1;0;0;0;0
"25/05/2024";"04:08:00";"18";"Sem vítima";"344,000";"BR-101/SC";"Crescente";"Saída de pista";1;0;0;0;0;0;0;0;0;0;2;0;0;0;0
"25/05/2024";"15:00:20";"97";"Com vítima";"323,000";"BR-101/SC";"Crescente";"Queda de moto";0;0;0;1;0;0;0;0;0;0;0;1;0;0;0
"25/05/2024";"18:23:22";"114";"Com vítima";"436,000";"BR-101/SC";"Crescente";"Colisão frontal";1;0;0;1;0;0;0;0;0;0;2;2;0;0;0
"25/05/2024";"18:31:37";"119";"Sem vítima";"439,000";"BR-101/SC";"Crescente";"Engavetamento";4;0;0;0;0;0;0;0;0;0;9;0;0;0;0
"26/05/2024";"02:54:50";"12";"Sem vítima";"279,000";"BR-101/SC";"Decrescente";"Choque";1;0;0;0;0;0;0;0;0;0;1;0;0;0;0
"26/05/2024";"05:06:00";"19";"Sem vítima";"371,000";"BR-101/SC";"Decrescente";"Saída de pista";1;0;0;0;0;0;0;0;0;0;1;0;0;0;0
"26/05/2024";"05:16:00";"20";"Sem vítima";"258,000";"BR-101/SC";"Decrescente";"Saída de pista";1;0;0;0;0;0;0;0;0;0;1;0;0;0;0
"26/05/2024";"19:59:57";"86";"Sem vítima";"365,000";"BR-101/SC";"Decrescente";"Acidentes de outra natureza";1;0;0;0;0;0;0;0;0;0;3;0;0;0;0
"26/05/2024";"23:45:00";"104";"Com vítima";"316,200";"BR-101/SC";"Crescente";"Colisão traseira";0;0;1;1;0;0;0;0;0;0;1;0;0;0;1
"27/05/2024";"03:34:11";"8";"Sem vítima";"248,000";"BR-101/SC";"Decrescente";"Saída de pista";1;0;0;0;0;0;0;0;0;0;1;0;0;0;0
"27/05/2024";"07:26:00";"19";"Com vítima";"321,150";"BR-101/SC";"Decrescente";"Choque";1;0;0;0;0;0;0;0;0;0;0;1;0;0;0
"27/05/2024";"07:30:00";"20";"Com vítima";"435,000";"BR-101/SC";"Crescente";"Colisão frontal";2;0;0;0;0;0;0;0;0;0;0;4;0;0;0
"27/05/2024";"10:43:01";"35";"Sem vítima";"352,900";"BR-101/SC";"Crescente";"Colisão traseira";2;0;0;0;0;0;0;0;0;0;3;0;0;0;0
"27/05/2024";"10:55:00";"40";"Sem vítima";"378,080";"BR-101/SC";"Decrescente";"Saída de pista";1;0;0;0;0;0;0;0;0;0;1;0;0;0;0
"27/05/2024";"21:02:12";"97";"Sem vítima";"331,000";"BR-101/SC";"Crescente";"Saída de pista";1;0;0;0;0;0;0;0;0;0;2;0;0;0;0
"28/05/2024";"06:01:00";"7";"Sem vítima";"285,800";"BR-101/SC";"Decrescente";"Choque";1;0;0;0;0;0;0;0;0;0;1;0;0;0;0
"28/05/2024";"06:34:08";"8";"Com vítima";"333,000";"BR-101/SC";"Decrescente";"Saída de pista";0;0;1;0;0;0;0;0;0;0;0;1;0;0;0
"28/05/2024";"07:27:59";"25";"Com vítima";"332,000";"BR-101/SC";"Crescente";"Colisão traseira";1;0;0;1;0;0;0;0;0;0;2;1;0;0;0
"28/05/2024";"07:38:58";"31";"Com vítima";"331,000";"BR-101/SC";"Decrescente";"Colisão traseira";1;0;1;0;0;0;0;0;0;0;1;2;0;0;0
"28/05/2024";"08:08:00";"44";"Com vítima";"317,000";"BR-101/SC";"Decrescente";"Colisão frontal";2;0;0;0;0;0;0;0;0;0;1;1;0;0;0
"28/05/2024";"12:37:00";"96";"Sem vítima";"265,000";"BR-101/SC";"Crescente";"Capotamento";1;0;0;0;0;0;0;0;0;0;1;0;0;0;0
"28/05/2024";"17:58:57";"120";"Sem vítima";"344,000";"BR-101/SC";"Crescente";"Acidentes de outra natureza";1;0;0;0;0;0;0;0;0;0;1;0;0;0;0
"28/05/2024";"21:25:15";"135";"Com vítima";"304,000";"BR-101/SC";"Decrescente";"Colisão traseira";0;0;2;0;0;0;0;0;0;0;1;0;0;1;0
"29/05/2024";"08:17:25";"64";"Com vítima";"381,950";"BR-101/SC";"Crescente";"Colisão traseira";1;1;0;0;0;0;0;0;0;0;1;0;0;0;0
"29/05/2024";"09:04:49";"74";"Sem vítima";"357,000";"BR-101/SC";"Decrescente";"Choque";1;0;0;0;0;0;0;0;0;0;1;0;0;0;0
"29/05/2024";"12:08:15";"86";"Sem vítima";"262,800";"BR-101/SC";"Decrescente";"Choque";1;0;0;0;0;0;0;0;0;0;1;0;0;0;0
"29/05/2024";"13:37:10";"95";"Sem vítima";"328,300";"BR-101/SC";"Crescente";"Colisão traseira";1;0;1;0;0;0;0;0;0;0;2;0;0;0;0
"29/05/2024";"19:36:00";"118";"Com vítima";"278,000";"BR-101/SC";"Crescente";"Queda de moto";0;0;1;1;0;0;0;0;0;0;1;0;1;0;0
"29/05/2024";"21:20:22";"125";"Sem vítima";"326,000";"BR-101/SC";"Decrescente";"Colisão traseira";1;0;0;0;0;0;0;0;0;0;2;0;0;0;0
"30/05/2024";"04:43:00";"11";"Sem vítima";"251,300";"BR-101/SC";"Decrescente";"Atropelamento de animal";1;0;0;0;0;0;0;0;0;0;1;0;0;0;0
"30/05/2024";"06:53:30";"18";"Sem vítima";"356,000";"BR-101/SC";"Crescente";"Atropelamento de animal";1;0;0;0;0;0;0;0;0;0;1;0;0;0;0
"30/05/2024";"15:16:34";"110";"Sem vítima";"328,000";"BR-101/SC";"Decrescente";"Tombamento";2;0;0;0;0;0;0;0;0;0;3;0;0;0;0
"30/05/2024";"16:55:00";"114";"Sem vítima";"440,000";"BR-101/SC";"Decrescente";"Tombamento";0;0;1;0;0;0;0;0;0;0;0;0;0;0;0
"30/05/2024";"22:36:27";"131";"Com vítima";"335,000";"BR-101/SC";"Decrescente";"Atropelamento de animal";0;0;0;1;0;0;0;0;0;0;0;1;0;0;0
"31/05/2024";"07:49:00";"26";"Sem vítima";"341,000";"BR-101/SC";"Crescente";"Saída de pista";2;0;0;0;0;0;0;0;0;0;2;0;0;0;0
"31/05/2024";"10:57:18";"78";"Com vítima";"364,000";"BR-101/SC";"Decrescente";"Colisão traseira";0;0;2;0;0;0;0;0;0;0;1;0;1;0;0