data;horario;n_da_ocorrencia;tipo_de_ocorrencia;km;trecho;sentido;tipo_de_acidente;automovel;bicicleta;caminhao;moto;onibus;outros;tracao_animal;transporte_de_cargas_especiais;trator_maquinas;utilitarios;ilesos;levemente_feridos;moderadamente_feridos;gravemente_feridos;mortos
"31/05/2024";"11:56:00";"83";"Sem vítima";"388,000";"BR-101/SC";"Crescente";"Engavetamento";2;0;1;0;0;0;0;0;0;0;5;0;0;0;0
"31/05/2024";"16:25:08";"107";"Sem vítima";"441,000";"BR-101/SC";"Decrescente";"Saída de pista";1;0;0;0;0;0;0;0;0;0;1;0;0;0;0
"31/05/2024";"22:26:30";"127";"Sem vítima";"275,000";"BR-101/SC";"Decrescente";"Saída de pista";1;0;0;0;0;0;0;0;0;0;4;0;0;0;0
"01/06/2024";"03:09:40";"12";"Sem vítima";"255,000";"BR-101/SC";"Crescente";"Choque";1;0;0;0;0;0;0;0;0;0;2;0;0;0;0
"01/06/2024";"16:28:59";"91";"Sem vítima";"441,000";"BR-101/SC";"Decrescente";"Colisão traseira";2;0;0;0;0;0;0;0;0;0;4;0;0;0;0
"01/06/2024";"17:04:55";"93";"Sem vítima";"269,000";"BR-101/SC";"Decrescente";"Atropelamento de animal";1;0;0;0;0;0;0;0;0;0;1;0;0;0;0
"01/06/2024";"19:01:25";"100";"Com vítima";"333,000";"BR-101/SC";"Crescente";"Choque";1;0;0;0;0;0;0;0;0;0;1;1;0;0;0
"01/06/2024";"20:05:07";"105";"Sem vítima";"344,000";"BR-101/SC";"Crescente";"Saída de pista";1;0;0;0;0;0;0;0;0;0;1;0;0;0;0
"01/06/2024";"22:51:00";"112";"Sem vítima";"333,000";"BR-101/SC";"Decrescente";"Choque";1;0;0;0;0;0;0;0;0;0;1;0;0;0;0
"02/06/2024";"03:06:32";"14";"Sem vítima";"449,000";"BR-101/SC";"Crescente";"Tombamento";0;0;1;0;0;0;0;0;0;0;1;0;0;0;0
"02/06/2024";"07:27:40";"29";"Com vítima";"316,950";"BR-101/SC";"Decrescente";"Queda de moto";0;0;0;1;0;0;0;0;0;0;0;0;0;1;0
"02/06/2024";"10:50:14";"42";"Com vítima";"392,000";"BR-101/SC";"Decrescente";"Colisão lateral no mesmo sentido";2;0;0;0;0;0;0;0;0;0;5;1;0;0;0
"02/06/2024";"18:11:15";"78";"Sem vítima";"247,000";"BR-101/SC";"Decrescente";"Colisão traseira";1;0;0;0;0;0;0;0;0;0;3;0;0;0;0
"02/06/2024";"21:08:47";"95";"Com vítima";"270,900";"BR-101/SC";"Crescente";"Queda de moto";0;0;0;1;0;0;0;0;0;0;0;2;0;0;0
"02/06/2024";"23:35:19";"110";"Com vítima";"287,000";"BR-101/SC";"Crescente";"Atropelamento de pedestre";1;0;0;0;0;0;0;0;0;0;1;0;0;0;1
"03/06/2024";"02:44:30";"13";"Sem vítima";"374,000";"BR-101/SC";"Decrescente";"Acidentes de outra natureza";1;0;0;0;0;0;0;0;0;0;1;0;0;0;0
"03/06/2024";"13:45:00";"99";"Com vítima";"274,900";"BR-101/SC";"Crescente";"Colisão traseira";0;0;0;1;0;0;0;0;0;0;0;2;0;0;0
"03/06/2024";"14:02:00";"102";"Sem vítima";"396,000";"BR-101/SC";"Decrescente";"Colisão traseira";0;0;2;0;0;0;0;0;0;0;2;0;0;0;0
"04/06/2024";"16:58:42";"133";"Sem vítima";"292,900";"BR-101/SC";"Crescente";"Saída de pista";1;0;0;0;0;0;0;0;0;0;2;0;0;0;0
"04/06/2024";"17:06:23";"134";"Sem vítima";"403,800";"BR-101/SC";"Crescente";"Queda de moto";0;0;0;1;0;0;0;0;0;0;2;0;0;0;0
"04/06/2024";"18:37:21";"141";"Sem vítima";"458,000";"BR-101/SC";"Decrescente";"Choque";1;0;0;0;0;0;0;0;0;0;4;0;0;0;0
"05/06/2024";"11:26:00";"113";"Com vítima";"284,000";"BR-101/SC";"Crescente";"Queda de moto";0;0;0;1;0;0;0;0;0;0;0;1;0;0;0
"05/06/2024";"14:03:11";"125";"Sem vítima";"353,000";"BR-101/SC";"Decrescente";"Atropelamento de animal";1;0;0;0;0;0;0;0;0;0;5;0;0;0;0
"05/06/2024";"14:47:12";"129";"Sem vítima";"324,300";"BR-101/SC";"Crescente";"Choque";0;0;1;0;0;0;0;0;0;0;1;0;0;0;0
"05/06/2024";"20:31:16";"155";"Sem vítima";"435,000";"BR-101/SC";"Decrescente";"Colisão lateral no mesmo sentido";1;0;1;0;0;0;0;0;0;0;2;0;0;0;0
"06/06/2024";"10:19:51";"83";"Sem vítima";"457,000";"BR-101/SC";"Crescente";"Colisão traseira";2;0;0;0;0;0;0;0;0;0;5;0;0;0;0
"06/06/2024";"14:05:32";"111";"Sem vítima";"457,000";"BR-101/SC";"Crescente";"Colisão traseira";2;0;0;0;0;0;0;0;0;0;3;0;0;0;0
"06/06/2024";"17:56:17";"143";"Com vítima";"309,900";"BR-101/SC";"Decrescente";"Atropelamento de pedestre";1;1;0;0;0;0;0;0;0;0;1;0;0;0;0
"06/06/2024";"20:28:46";"158";"Sem vítima";"344,000";"BR-101/SC";"Crescente";"Colisão lateral no mesmo sentido";1;0;1;0;0;0;0;0;0;0;2;0;0;0;0
"07/06/2024";"03:28:36";"7";"Sem vítima";"436,060";"BR-101/SC";"Crescente";"Choque";1;0;0;0;0;0;0;0;0;0;4;0;0;0;0
"07/06/2024";"03:49:25";"11";"Sem vítima";"436,000";"BR-101/SC";"Crescente";"Choque";1;0;0;0;0;0;0;0;0;0;1;0;0;0;0
"07/06/2024";"16:18:00";"90";"Sem vítima";"256,060";"BR-101/SC";"Decrescente";"Choque";1;0;0;0;0;0;0;0;0;0;1;0;0;0;0
"07/06/2024";"18:05:38";"103";"Sem vítima";"371,000";"BR-101/SC";"Decrescente";"Colisão lateral no mesmo sentido";1;0;1;0;0;0;0;0;0;0;4;0;0;0;0
"07/06/2024";"18:17:00";"105";"Sem vítima";"333,000";"BR-101/SC";"Decrescente";"Colisão traseira";2;0;0;0;0;0;0;0;0;0;3;0;0;0;0
"07/06/2024";"20:00:48";"112";"Com vítima";"265,000";"BR-101/SC";"Decrescente";"Colisão frontal";1;0;0;1;0;0;0;0;0;0;1;0;1;0;0
"07/06/2024";"20:31:07";"115";"Sem vítima";"368,000";"BR-101/SC";"Decrescente";"Choque";1;0;0;0;0;0;0;0;0;0;1;0;0;0;0
"07/06/2024";"20:41:00";"117";"Com vítima";"331,000";"BR-101/SC";"Decrescente";"Capotamento";1;0;1;0;0;0;0;0;0;0;1;1;0;0;0
"08/06/2024";"12:43:25";"77";"Sem vítima";"375,300";"BR-101/SC";"Crescente";"Saída de pista";1;0;0;0;0;0;0;0;0;0;1;0;0;0;0
"08/06/2024";"13:30:40";"80";"Com vítima";"333,700";"BR-101/SC";"Decrescente";"Colisão lateral no mesmo sentido";2;0;0;0;0;0;0;0;0;0;4;1;0;0;0
"08/06/2024";"16:20:45";"86";"Sem vítima";"359,750";"BR-101/SC";"Crescente";"Colisão traseira";2;0;0;0;0;0;0;0;0;0;2;0;0;0;0
"08/06/2024";"16:47:50";"88";"Com vítima";"347,500";"BR-101/SC";"Crescente";"Colisão lateral no mesmo sentido";1;0;0;1;0;0;0;0;0;0;1;1;0;0;0
"08/06/2024";"22:34:06";"109";"Com vítima";"332,503";"BR-101/SC";"Crescente";"Queda de moto";0;0;0;1;0;0;0;0;0;0;0;0;0;0;1
"09/06/2024";"03:39:19";"16";"Com vítima";"405,000";"BR-101/SC";"Crescente";"Colisão traseira";1;0;0;0;0;0;0;0;0;0;2;0;2;0;0
"09/06/2024";"04:32:13";"18";"Sem vítima";"382,050";"BR-101/SC";"Crescente";"Acidentes de outra natureza";1;0;0;0;0;0;0;0;0;0;1;0;0;0;0
"09/06/2024";"06:56:00";"25";"Sem vítima";"389,000";"BR-101/SC";"Crescente";"Choque";1;0;0;0;0;0;0;0;0;0;3;0;0;0;0
"09/06/2024";"08:03:35";"35";"Com vítima";"356,900";"BR-101/SC";"Decrescente";"Queda de moto";0;0;0;1;0;0;0;0;0;0;0;1;0;0;0
"09/06/2024";"09:24:54";"41";"Com vítima";"334,000";"BR-101/SC";"Crescente";"Colisão lateral no mesmo sentido";2;0;0;0;0;0;0;0;0;0;1;1;0;0;0
"09/06/2024";"10:25:33";"47";"Sem vítima";"344,900";"BR-101/SC";"Crescente";"Choque";1;0;0;0;0;0;0;0;0;0;1;0;0;0;0
"09/06/2024";"17:51:23";"84";"Sem vítima";"363,000";"BR-101/SC";"Decrescente";"Capotamento";1;0;0;0;0;0;0;0;0;0;1;0;0;0;0
"09/06/2024";"18:21:05";"86";"Sem vítima";"363,000";"BR-101/SC";"Decrescente";"Colisão traseira";1;0;0;0;0;0;0;0;0;0;4;0;0;0;0
"09/06/2024";"18:22:00";"87";"Sem vítima";"392,000";"BR-101/SC";"Crescente";"Choque";1;0;0;0;0;0;0;0;0;0;1;0;0;0;0
"09/06/2024";"18:49:45";"90";"Com vítima";"336,000";"BR-101/SC";"Crescente";"Capotamento";1;0;0;0;0;0;0;0;0;0;1;1;0;0;0
"10/06/2024";"09:40:00";"82";"Sem vítima";"422,000";"BR-101/SC";"Crescente";"Saída de pista";1;0;0;0;0;0;0;0;0;0;1;0;0;0;0
"10/06/2024";"20:26:27";"161";"Com vítima";"442,100";"BR-101/SC";"Crescente";"Colisão transversal";1;0;0;1;0;0;0;0;0;0;1;0;0;1;0
"11/06/2024";"05:54:14";"22";"Sem vítima";"389,000";"BR-101/SC";"Crescente";"Saída de pista";0;0;1;0;0;0;0;0;0;0;1;0;0;0;0
"11/06/2024";"13:43:47";"107";"Com vítima";"298,000";"BR-101/SC";"Crescente";"Colisão traseira";0;0;0;1;0;0;0;0;0;0;0;1;0;0;0
"11/06/2024";"21:33:00";"147";"Com vítima";"374,700";"BR-101/SC";"Decrescente";"Atropelamento de pedestre";1;0;0;0;0;0;0;0;0;0;0;1;0;0;1
"11/06/2024";"21:58:02";"148";"Sem vítima";"424,000";"BR-101/SC";"Decrescente";"Colisão lateral no mesmo sentido";1;0;1;0;0;0;0;0;0;0;2;0;0;0;0
"12/06/2024";"02:42:53";"10";"Sem vítima";"253,620";"BR-101/SC";"Decrescente";"Choque";1;0;0;0;0;0;0;0;0;0;3;0;0;0;0
"12/06/2024";"08:18:54";"65";"Com vítima";"384,000";"BR-101/SC";"Decrescente";"Choque";1;0;0;0;0;0;0;0;0;0;0;1;0;0;0
"12/06/2024";"10:11:49";"89";"Sem vítima";"340,000";"BR-101/SC";"Decrescente";"Saída de pista";1;0;0;0;0;0;0;0;0;0;1;0;0;0;0
"12/06/2024";"16:23:00";"128";"Sem vítima";"318,800";"BR-101/SC";"Decrescente";"Colisão traseira";2;0;0;0;0;0;0;0;0;0;3;0;0;0;0
"12/06/2024";"19:09:04";"148";"Sem vítima";"393,000";"BR-101/SC";"Crescente";"Colisão traseira";1;0;0;0;0;0;0;0;0;0;2;0;0;0;0
"12/06/2024";"20:18:39";"152";"Sem vítima";"412,000";"BR-101/SC";"Crescente";"Saída de pista";1;0;0;0;0;0;0;0;0;0;1;0;0;0;0
"13/06/2024";"03:54:10";"22";"Sem vítima";"328,000";"BR-101/SC";"Decrescente";"Colisão traseira";1;0;0;0;0;0;0;0;0;0;2;0;0;0;0
"13/06/2024";"09:55:56";"98";"Com vítima";"275,550";"BR-101/SC";"Crescente";"Queda de moto";0;0;0;1;0;0;0;0;0;0;1;1;0;0;0
"13/06/2024";"13:17:47";"121";"Com vítima";"356,310";"BR-101/SC";"Decrescente";"Choque";0;0;1;0;0;0;0;0;0;0;1;0;1;0;0
"13/06/2024";"16:23:41";"137";"Com vítima";"350,000";"BR-101/SC";"Crescente";"Choque";1;0;0;0;0;0;0;0;0;0;1;0;1;0;0
"13/06/2024";"17:11:00";"142";"Sem vítima";"315,000";"BR-101/SC";"Crescente";"Colisão traseira";1;0;0;0;0;0;0;0;0;0;1;0;0;0;0
"13/06/2024";"18:51:13";"147";"Com vítima";"406,000";"BR-101/SC";"Crescente";"Colisão traseira";1;0;0;1;0;0;0;0;0;0;1;1;0;0;0
"13/06/2024";"19:05:38";"149";"Sem vítima";"287,000";"BR-101/SC";"Crescente";"Choque";2;0;0;0;0;0;0;0;0;0;5;0;0;0;0
"14/06/2024";"01:35:48";"8";"Com vítima";"286,000";"BR-101/SC";"Decrescente";"Acidentes de outra natureza";0;0;0;0;0;0;0;0;0;0;0;0;0;0;1
"14/06/2024";"01:49:00";"9";"Sem vítima";"311,000";"BR-101/SC";"Decrescente";"Colisão traseira";1;0;1;0;0;0;0;0;0;0;5;0;0;0;0
"14/06/2024";"07:00:23";"23";"Com vítima";"338,000";"BR-101/SC";"Crescente";"Colisão traseira";0;0;0;1;0;0;0;0;0;0;0;1;1;0;0
"14/06/2024";"07:29:33";"44";"Com vítima";"280,000";"BR-101/SC";"Crescente";"Colisão lateral no mesmo sentido";0;0;0;2;0;0;0;0;0;0;0;0;2;0;0
"14/06/2024";"14:24:09";"117";"Sem vítima";"401,000";"BR-101/SC";"Crescente";"Colisão traseira";2;0;0;0;0;0;0;0;0;0;2;0;0;0;0
"14/06/2024";"14:30:03";"118";"Sem vítima";"277,000";"BR-101/SC";"Decrescente";"Colisão lateral no mesmo sentido";2;0;0;0;0;0;0;0;0;0;2;0;0;0;0
"14/06/2024";"17:58:00";"150";"Sem vítima";"384,900";"BR-101/SC";"Decrescente";"Colisão lateral no mesmo sentido";3;0;0;0;0;0;0;0;0;0;4;0;0;0;0
"15/06/2024";"00:48:14";"3";"Com vítima";"332,600";"BR-101/SC";"Decrescente";"Capotamento";1;0;0;0;0;0;0;0;0;0;1;0;1;0;0
"15/06/2024";"02:42:43";"12";"Com vítima";"308,000";"BR-101/SC";"Decrescente";"Colisão frontal";2;0;0;0;0;0;0;0;0;0;1;1;0;0;0
"15/06/2024";"02:57:42";"14";"Sem vítima";"342,050";"BR-101/SC";"Crescente";"Capotamento";1;0;0;0;0;0;0;0;0;0;1;0;0;0;0
"15/06/2024";"05:58:35";"28";"Com vítima";"314,500";"BR-101/SC";"Crescente";"Queda de moto";0;0;0;1;0;0;0;0;0;0;0;0;1;0;0
"15/06/2024";"08:09:00";"63";"Sem vítima";"383,000";"BR-101/SC";"Crescente";"Colisão traseira";1;0;1;0;0;0;0;0;0;0;3;0;0;0;0
"15/06/2024";"09:56:20";"94";"Sem vítima";"278,000";"BR-101/SC";"Crescente";"Colisão lateral no mesmo sentido";1;0;1;0;0;0;0;0;0;0;3;0;0;0;0
"15/06/2024";"21:31:00";"161";"Sem vítima";"416,500";"BR-101/SC";"Crescente";"Saída de pista";1;0;0;0;0;0;0;0;0;0;1;0;0;0;0
"15/06/2024";"22:55:49";"172";"Sem vítima";"404,250";"BR-101/SC";"Decrescente";"Choque";0;0;1;0;0;0;0;0;0;0;1;0;0;0;0
"16/06/2024";"00:32:10";"4";"Sem vítima";"382,900";"BR-101/SC";"Decrescente";"Saída de pista";0;0;1;0;0;0;0;0;0;0;1;0;0;0;0
"16/06/2024";"00:57:35";"7";"Sem vítima";"350,500";"BR-101/SC";"Decrescente";"Saída de pista";1;0;0;0;0;0;0;0;0;0;3;0;0;0;0
"16/06/2024";"01:11:40";"9";"Com vítima";"338,400";"BR-101/SC";"Crescente";"Colisão traseira";2;0;0;0;0;0;0;0;0;0;0;6;0;0;0
"16/06/2024";"04:52:12";"19";"Sem vítima";"374,100";"BR-101/SC";"Crescente";"Acidentes de outra natureza";1;0;0;0;0;0;0;0;0;0;2;0;0;0;0
"16/06/2024";"06:45:45";"24";"Com vítima";"405,000";"BR-101/SC";"Decrescente";"Colisão traseira";2;0;0;0;0;0;0;0;0;0;2;1;0;0;0
"16/06/2024";"08:35:00";"40";"Com vítima";"339,000";"BR-101/SC";"Decrescente";"Saída de pista";1;0;0;0;0;0;0;0;0;0;0;0;1;0;0
"16/06/2024";"10:44:23";"48";"Sem vítima";"261,000";"BR-101/SC";"Crescente";"Tombamento";0;0;1;0;0;0;0;0;0;0;1;0;0;0;0
"16/06/2024";"11:12:18";"50";"Sem vítima";"390,000";"BR-101/SC";"Decrescente";"Saída de pista";1;0;0;0;0;0;0;0;0;0;1;0;0;0;0
"16/06/2024";"12:10:33";"52";"Sem vítima";"321,000";"BR-101/SC";"Crescente";"Colisão lateral no mesmo sentido";0;0;1;0;0;0;0;0;0;0;1;0;0;0;0
"16/06/2024";"14:13:00";"65";"Sem vítima";"407,000";"BR-101/SC";"Decrescente";"Saída de pista";1;0;0;0;0;0;0;0;0;0;2;0;0;0;0
"16/06/2024";"14:24:00";"66";"Sem vítima";"391,000";"BR-101/SC";"Decrescente";"Saída de pista";1;0;0;0;0;0;0;0;0;0;1;0;0;0;0
"16/06/2024";"15:03:38";"71";"Sem vítima";"444,000";"BR-101/SC";"Crescente";"Colisão traseira";1;0;0;0;0;0;0;0;0;0;4;0;0;0;0
"16/06/2024";"18:50:06";"88";"Sem vítima";"423,300";"BR-101/SC";"Crescente";"Saída de pista";1;0;0;0;0;0;0;0;0;0;1;0;0;0;0
"16/06/2024";"19:40:40";"91";"Sem vítima";"264,200";"BR-101/SC";"Decrescente";"Colisão transversal";2;0;0;0;0;0;0;0;0;0;4;0;0;0;0
"16/06/2024";"20:41:39";"94";"Sem vítima";"460,050";"BR-101/SC";"Crescente";"Saída de pista";1;0;0;0;0;0;0;0;0;0;1;0;0;0;0
"17/06/2024";"02:23:36";"10";"Com vítima";"375,000";"BR-101/SC";"Decrescente";"Saída de pista";1;0;0;0;0;0;0;0;0;0;1;1;1;0;0
"17/06/2024";"08:18:19";"41";"Sem vítima";"441,000";"BR-101/SC";"Crescente";"Colisão frontal";2;0;0;0;0;0;0;0;0;0;2;0;0;0;0
"17/06/2024";"09:50:28";"67";"Sem vítima";"418,620";"BR-101/SC";"Decrescente";"Choque";2;0;0;0;0;0;0;0;0;0;5;0;0;0;0
"17/06/2024";"17:36:04";"109";"Com vítima";"359,200";"BR-101/SC";"Crescente";"Colisão lateral no mesmo sentido";0;0;0;1;0;0;0;0;0;1;2;1;0;0;0
"18/06/2024";"00:27:00";"2";"Sem vítima";"278,000";"BR-101/SC";"Crescente";"Saída de pista";1;0;0;0;0;0;0;0;0;0;1;0;0;0;0
"18/06/2024";"04:43:00";"11";"Sem vítima";"382,000";"BR-101/SC";"Decrescente";"Saída de pista";1;0;0;0;0;0;0;0;0;0;2;0;0;0;0
"18/06/2024";"08:41:57";"45";"Sem vítima";"337,000";"BR-101/SC";"Decrescente";"Colisão lateral no mesmo sentido";1;0;1;0;0;0;0;0;0;0;2;0;0;0;0
"18/06/2024";"11:17:21";"79";"Sem vítima";"464,000";"BR-101/SC";"Decrescente";"Acidentes de outra natureza";1;0;0;0;0;0;0;0;0;0;2;0;0;0;0
"18/06/2024";"18:03:48";"111";"Sem vítima";"458,000";"BR-101/SC";"Decrescente";"Colisão traseira";0;0;1;2;0;0;0;0;0;0;3;0;0;0;0
"18/06/2024";"19:07:32";"115";"Sem vítima";"404,000";"BR-101/SC";"Decrescente";"Saída de pista";1;0;0;0;0;0;0;0;0;0;1;0;0;0;0
"19/06/2024";"04:40:12";"14";"Com vítima";"282,000";"BR-101/SC";"Decrescente";"Queda de moto";0;0;0;1;0;0;0;0;0;0;0;1;0;0;0
"19/06/2024";"11:40:49";"78";"Com vítima";"361,000";"BR-101/SC";"Decrescente";"Queda de moto";0;0;0;1;0;0;0;0;0;0;0;1;0;0;0
"19/06/2024";"18:10:08";"123";"Sem vítima";"298,000";"BR-101/SC";"Crescente";"Colisão traseira";2;0;1;0;0;0;0;0;0;0;7;0;0;0;0
"20/06/2024";"00:28:00";"2";"Sem vítima";"462,060";"BR-101/SC";"Decrescente";"Saída de pista";0;0;1;0;0;0;0;0;0;0;1;0;0;0;0
"20/06/2024";"03:19:05";"6";"Sem vítima";"446,000";"BR-101/SC";"Crescente";"Colisão lateral no mesmo sentido";0;0;2;0;0;0;0;0;0;0;2;0;0;0;0
"20/06/2024";"17:16:00";"122";"Com vítima";"365,000";"BR-101/SC";"Decrescente";"Queda de moto";0;0;0;1;0;0;0;0;0;0;1;1;0;0;0
"20/06/2024";"19:29:44";"133";"Sem vítima";"331,600";"BR-101/SC";"Crescente";"Colisão transversal";1;0;0;1;0;0;0;0;0;0;2;0;0;0;0
"20/06/2024";"23:39:46";"148";"Com vítima";"307,700";"BR-101/SC";"Decrescente";"Saída de pista";0;0;0;1;0;0;0;0;0;0;0;1;0;0;0
"21/06/2024";"13:08:51";"98";"Com vítima";"293,500";"BR-101/SC";"Crescente";"Acidentes de outra natureza";1;0;0;0;0;0;0;0;0;0;0;1;0;0;0
"21/06/2024";"20:16:17";"135";"Sem vítima";"404,000";"BR-101/SC";"Decrescente";"Colisão traseira";2;0;0;0;0;0;0;0;0;0;5;0;0;0;0
"21/06/2024";"20:25:52";"136";"Sem vítima";"269,000";"BR-101/SC";"Decrescente";"Saída de pista";1;0;0;0;0;0;0;0;0;0;1;0;0;0;0
"22/06/2024";"01:45:50";"4";"Sem vítima";"328,770";"BR-101/SC";"Decrescente";"Choque";2;0;1;0;0;0;0;0;0;0;6;0;0;0;0
"22/06/2024";"04:20:25";"10";"Sem vítima";"328,700";"BR-101/SC";"Decrescente";"Colisão traseira";2;0;0;0;0;0;0;0;0;0;2;0;0;0;0
"22/06/2024";"07:10:58";"18";"Com vítima";"425,000";"BR-101/SC";"Decrescente";"Tombamento";0;0;1;0;0;0;0;0;0;0;0;1;0;0;0
"22/06/2024";"18:56:14";"98";"Com vítima";"288,000";"BR-101/SC";"Crescente";"Colisão transversal";1;0;0;1;0;0;0;0;0;0;1;0;1;0;0
"23/06/2024";"16:52:19";"69";"Sem vítima";"305,000";"BR-101/SC";"Decrescente";"Atropelamento de animal";1;0;0;0;0;0;0;0;0;0;2;0;0;0;0
"23/06/2024";"17:35:29";"74";"Com vítima";"399,000";"BR-101/SC";"Crescente";"Colisão traseira";1;0;0;1;0;0;0;0;0;0;6;0;2;0;0
"23/06/2024";"18:42:46";"81";"Com vítima";"278,000";"BR-101/SC";"Decrescente";"Colisão traseira";1;0;0;1;0;0;0;0;0;0;8;4;0;0;0
"24/06/2024";"01:11:09";"4";"Sem vítima";"417,000";"BR-101/SC";"Decrescente";"Saída de pista";2;0;0;0;0;0;0;0;0;0;4;0;0;0;0
"24/06/2024";"08:01:18";"22";"Sem vítima";"335,350";"BR-101/SC";"Crescente";"Colisão lateral no mesmo sentido";1;0;1;0;0;0;0;0;0;0;2;0;0;0;0
"24/06/2024";"08:48:03";"27";"Sem vítima";"450,000";"BR-101/SC";"Decrescente";"Colisão lateral no mesmo sentido";1;0;1;0;0;0;0;0;0;0;5;0;0;0;0
"24/06/2024";"08:53:27";"28";"Sem vítima";"275,000";"BR-101/SC";"Decrescente";"Choque";1;0;0;0;0;0;0;0;0;0;1;0;0;0;0
"24/06/2024";"12:01:23";"50";"Com vítima";"307,000";"BR-101/SC";"Crescente";"Choque";1;0;0;0;0;0;0;0;0;0;0;2;0;0;0
"24/06/2024";"12:08:58";"51";"Sem vítima";"344,000";"BR-101/SC";"Decrescente";"Colisão traseira";0;0;2;0;0;0;0;0;0;0;2;0;0;0;0
"24/06/2024";"12:19:00";"54";"Sem vítima";"258,000";"BR-101/SC";"Decrescente";"Acidentes de outra natureza";1;0;0;0;0;0;0;0;0;0;1;0;0;0;0
"24/06/2024";"14:19:24";"62";"Com vítima";"448,000";"BR-101/SC";"Decrescente";"Colisão lateral no mesmo sentido";2;0;0;0;0;0;0;0;0;0;2;0;1;0;0
"24/06/2024";"16:59:41";"77";"Sem vítima";"435,000";"BR-101/SC";"Crescente";"Colisão traseira";2;0;0;0;0;0;0;0;0;0;2;0;0;0;0
"24/06/2024";"18:01:47";"80";"Com vítima";"382,800";"BR-101/SC";"Decrescente";"Queda de moto";0;0;0;1;0;0;0;0;0;0;0;2;0;0;0
"24/06/2024";"18:24:59";"82";"Com vítima";"335,800";"BR-101/SC";"Crescente";"Colisão transversal";2;0;0;2;0;0;0;0;0;0;2;2;0;0;0
"24/06/2024";"18:54:00";"87";"Sem vítima";"335,900";"BR-101/SC";"Decrescente";"Saída de pista";1;0;0;0;0;0;0;0;0;0;1;0;0;0;0
"24/06/2024";"18:58:05";"86";"Sem vítima";"253,300";"BR-101/SC";"Decrescente";"Saída de pista";1;0;0;0;0;0;0;0;0;0;1;0;0;0;0
"25/06/2024";"17:01:08";"112";"Com vítima";"459,500";"BR-101/SC";"Crescente";"Saída de pista";1;0;0;0;0;0;0;0;0;0;1;1;1;0;0
"25/06/2024";"18:03:00";"117";"Sem vítima";"417,800";"BR-101/SC";"Decrescente";"Tombamento";0;0;2;0;0;0;0;0;0;0;2;0;0;0;0
"25/06/2024";"18:30:13";"119";"Sem vítima";"331,900";"BR-101/SC";"Crescente";"Acidentes de outra natureza";1;0;0;0;0;0;0;0;0;0;1;0;0;0;0
"25/06/2024";"19:54:47";"127";"Sem vítima";"375,200";"BR-101/SC";"Crescente";"Saída de pista";1;0;0;0;0;0;0;0;0;0;1;0;0;0;0
"25/06/2024";"20:32:33";"130";"Sem vítima";"286,000";"BR-101/SC";"Decrescente";"Choque";1;0;0;0;0;0;0;0;0;0;1;0;0;0;0
"26/06/2024";"04:39:14";"5";"Sem vítima";"292,900";"BR-101/SC";"Crescente";"Saída de pista";1;0;0;0;0;0;0;0;0;0;1;0;0;0;0
"26/06/2024";"07:21:40";"14";"Sem vítima";"364,000";"BR-101/SC";"Crescente";"Saída de pista";1;0;0;0;0;0;0;0;0;0;1;0;0;0;0
"26/06/2024";"11:30:43";"66";"Sem vítima";"389,000";"BR-101/SC";"Decrescente";"Capotamento";1;0;0;0;0;0;0;0;0;0;1;0;0;0;0
"26/06/2024";"12:01:42";"68";"Sem vítima";"350,100";"BR-101/SC";"Crescente";"Saída de pista";0;0;1;0;0;0;0;0;0;0;3;0;0;0;0
"26/06/2024";"13:33:43";"76";"Sem vítima";"400,000";"BR-101/SC";"Crescente";"Engavetamento";2;0;1;0;0;0;0;0;0;0;3;0;0;0;0
"26/06/2024";"19:06:00";"110";"Sem vítima";"439,000";"BR-101/SC";"Decrescente";"Saída de pista";1;0;0;0;0;0;0;0;0;0;2;0;0;0;0
"27/06/2024";"13:19:29";"96";"Sem vítima";"339,400";"BR-101/SC";"Decrescente";"Colisão transversal";2;0;0;0;0;0;0;0;0;0;3;0;0;0;0
"27/06/2024";"16:22:36";"117";"Com vítima";"263,950";"BR-101/SC";"Crescente";"Colisão lateral no mesmo sentido";1;0;1;0;0;0;0;0;0;0;2;0;0;0;1
"27/06/2024";"20:00:00";"126";"Sem vítima";"336,450";"BR-101/SC";"Crescente";"Colisão traseira";2;0;0;0;0;0;0;0;0;0;3;0;0;0;0