data;horario;n_da_ocorrencia;tipo_de_ocorrencia;km;trecho;sentido;tipo_de_acidente;automovel;bicicleta;caminhao;moto;onibus;outros;tracao_animal;transporte_de_cargas_especiais;trator_maquinas;utilitarios;ilesos;levemente_feridos;moderadamente_feridos;gravemente_feridos;mortos
"16/08/2024";"19:21:02";"147";"Com vítima";"327,000";"BR-101/SC";"Crescente";"Colisão transversal";1;0;0;1;0;0;0;0;0;0;1;1;0;0;0
"17/08/2024";"08:21:00";"40";"Com vítima";"365,000";"BR-101/SC";"Crescente";"Saída de pista";1;0;0;0;0;0;0;0;0;0;0;1;0;0;0
"17/08/2024";"19:51:59";"89";"Sem vítima";"365,000";"BR-101/SC";"Decrescente";"Tombamento";1;0;0;0;0;0;0;0;0;0;1;0;0;0;0
"18/08/2024";"00:18:00";"3";"Sem vítima";"357,000";"BR-101/SC";"Decrescente";"Saída de pista";1;0;0;0;0;0;0;0;0;0;1;0;0;0;0
"18/08/2024";"01:06:17";"4";"Sem vítima";"433,000";"BR-101/SC";"Decrescente";"Colisão lateral no mesmo sentido";2;0;0;0;0;0;0;0;0;0;2;0;0;0;0
"18/08/2024";"03:45:12";"11";"Com vítima";"294,000";"BR-101/SC";"Crescente";"Acidentes de outra natureza";1;0;0;0;0;0;0;0;0;0;5;0;0;0;1
"18/08/2024";"12:44:33";"48";"Com vítima";"277,000";"BR-101/SC";"Decrescente";"Queda de moto";0;0;0;1;0;0;0;0;0;0;0;1;0;1;0
"18/08/2024";"15:48:52";"58";"Sem vítima";"364,000";"BR-101/SC";"Decrescente";"Saída de pista";1;0;0;0;0;0;0;0;0;0;1;0;0;0;0
"18/08/2024";"17:38:19";"73";"Sem vítima";"344,000";"BR-101/SC";"Decrescente";"Colisão traseira";2;0;0;0;0;0;0;0;0;0;6;0;0;0;0
"18/08/2024";"19:59:24";"88";"Sem vítima";"401,000";"BR-101/SC";"Decrescente";"Acidentes de outra natureza";1;0;0;0;0;0;0;0;0;0;2;0;0;0;0
"19/08/2024";"00:57:40";"6";"Sem vítima";"331,000";"BR-101/SC";"Crescente";"Choque";1;0;0;0;0;0;0;0;0;0;1;0;0;0;0
"19/08/2024";"01:00:52";"7";"Sem vítima";"427,000";"BR-101/SC";"Crescente";"Choque";0;0;1;0;0;0;0;0;0;0;1;0;0;0;0
"19/08/2024";"04:18:22";"11";"Sem vítima";"285,000";"BR-101/SC";"Decrescente";"Saída de pista";1;0;0;0;0;0;0;0;0;0;2;0;0;0;0
"19/08/2024";"12:56:00";"105";"Com vítima";"430,000";"BR-101/SC";"Decrescente";"Colisão traseira";1;0;1;0;0;0;0;0;0;0;1;0;1;0;0
"19/08/2024";"19:48:34";"158";"Com vítima";"416,300";"BR-101/SC";"Crescente";"Queda de moto";0;0;0;1;0;0;0;0;0;0;0;1;1;0;0
"19/08/2024";"22:39:01";"171";"Sem vítima";"357,800";"BR-101/SC";"Crescente";"Colisão lateral no mesmo sentido";1;0;1;0;0;0;0;0;0;0;5;0;0;0;0
"20/08/2024";"02:31:47";"7";"Sem vítima";"367,000";"BR-101/SC";"Decrescente";"Colisão traseira";0;0;2;0;0;0;0;0;0;0;2;0;0;0;0
"20/08/2024";"11:20:03";"93";"Sem vítima";"388,000";"BR-101/SC";"Crescente";"Choque";1;0;0;0;0;0;0;0;0;0;1;0;0;0;0
"20/08/2024";"15:09:34";"116";"Sem vítima";"328,000";"BR-101/SC";"Crescente";"Colisão traseira";2;0;0;0;0;0;0;0;0;0;2;0;0;0;0
"20/08/2024";"19:02:17";"132";"Sem vítima";"356,400";"BR-101/SC";"Crescente";"Saída de pista";1;0;0;0;0;0;0;0;0;0;2;0;0;0;0
"20/08/2024";"20:18:15";"143";"Sem vítima";"298,000";"BR-101/SC";"Crescente";"Colisão traseira";0;0;2;0;0;0;0;0;0;0;2;0;0;0;0
"20/08/2024";"21:50:00";"151";"Sem vítima";"444,000";"BR-101/SC";"Decrescente";"Capotamento";1;0;0;0;0;0;0;0;0;0;1;0;0;0;0
"20/08/2024";"22:33:27";"154";"Sem vítima";"330,200";"BR-101/SC";"Crescente";"Colisão lateral no mesmo sentido";1;0;1;0;0;0;0;0;0;0;2;0;0;0;0
"21/08/2024";"01:35:51";"8";"Sem vítima";"400,800";"BR-101/SC";"Decrescente";"Capotamento";1;0;0;0;0;0;0;0;0;0;1;0;0;0;0
"21/08/2024";"11:33:50";"86";"Sem vítima";"382,200";"BR-101/SC";"Decrescente";"Saída de pista";0;0;1;0;0;0;0;0;0;0;1;0;0;0;0
"22/08/2024";"10:08:34";"75";"Sem vítima";"381,900";"BR-101/SC";"Decrescente";"Colisão traseira";2;0;0;0;0;0;0;0;0;0;2;0;0;0;0
"23/08/2024";"11:07:21";"70";"Sem vítima";"344,000";"BR-101/SC";"Crescente";"Colisão lateral no mesmo sentido";1;0;1;0;0;0;0;0;0;0;3;0;0;0;0
"23/08/2024";"12:14:20";"81";"Sem vítima";"336,000";"BR-101/SC";"Crescente";"Choque";1;0;0;0;0;0;0;0;0;0;1;0;0;0;0
"23/08/2024";"15:03:38";"95";"Sem vítima";"257,000";"BR-101/SC";"Decrescente";"Saída de pista";1;0;0;0;0;0;0;0;0;0;1;0;0;0;0
"23/08/2024";"15:39:16";"97";"Com vítima";"339,000";"BR-101/SC";"Decrescente";"Capotamento";1;0;0;0;0;0;0;0;0;0;0;1;0;1;0
"23/08/2024";"19:39:35";"114";"Com vítima";"308,300";"BR-101/SC";"Decrescente";"Tombamento";0;0;1;0;0;0;0;0;0;0;0;0;1;0;0
"23/08/2024";"22:17:23";"124";"Com vítima";"277,800";"BR-101/SC";"Crescente";"Capotamento";1;0;0;0;0;0;0;0;0;0;0;0;1;0;0
"24/08/2024";"01:43:27";"9";"Com vítima";"250,000";"BR-101/SC";"Crescente";"Atropelamento de animal";2;0;0;0;0;0;0;0;0;0;1;1;0;0;0
"24/08/2024";"05:35:09";"19";"Com vítima";"336,000";"BR-101/SC";"Crescente";"Queda de moto";0;0;0;1;0;0;0;0;0;0;0;0;1;0;0
"24/08/2024";"14:49:51";"66";"Com vítima";"348,000";"BR-101/SC";"Decrescente";"Saída de pista";1;0;0;0;0;0;0;0;0;0;0;1;0;0;0
"24/08/2024";"18:24:46";"84";"Sem vítima";"286,250";"BR-101/SC";"Decrescente";"Choque";0;0;1;0;0;0;0;0;0;0;1;0;0;0;0
"25/08/2024";"01:50:35";"5";"Sem vítima";"359,000";"BR-101/SC";"Crescente";"Acidentes de outra natureza";1;0;0;0;0;0;0;0;0;0;1;0;0;0;0
"25/08/2024";"06:16:00";"14";"Sem vítima";"365,000";"BR-101/SC";"Decrescente";"Saída de pista";0;0;1;0;0;0;0;0;0;0;1;0;0;0;0
"25/08/2024";"12:25:42";"49";"Com vítima";"400,000";"BR-101/SC";"Crescente";"Colisão frontal";2;0;0;0;0;0;0;0;0;0;2;1;0;0;0
"25/08/2024";"12:36:48";"51";"Com vítima";"319,000";"BR-101/SC";"Crescente";"Queda de moto";0;0;0;1;0;0;0;0;0;0;0;0;1;0;0
"25/08/2024";"13:25:28";"54";"Sem vítima";"336,000";"BR-101/SC";"Crescente";"Engavetamento";3;0;0;0;0;0;0;0;0;0;10;0;0;0;0
"25/08/2024";"14:49:12";"59";"Com vítima";"331,000";"BR-101/SC";"Crescente";"Colisão lateral no mesmo sentido";1;0;0;1;0;0;0;0;0;0;1;1;0;0;0
"25/08/2024";"17:37:38";"75";"Sem vítima";"343,000";"BR-101/SC";"Crescente";"Colisão lateral no mesmo sentido";1;0;0;0;0;0;0;0;0;0;1;0;0;0;0
"25/08/2024";"17:45:00";"78";"Sem vítima";"317,000";"BR-101/SC";"Crescente";"Colisão lateral no mesmo sentido";1;0;0;0;0;0;0;0;0;0;1;0;0;0;0
"26/08/2024";"05:51:00";"13";"Sem vítima";"297,000";"BR-101/SC";"Crescente";"Saída de pista";1;0;0;0;0;0;0;0;0;0;1;0;0;0;0
"26/08/2024";"09:29:29";"55";"Com vítima";"447,000";"BR-101/SC";"Decrescente";"Colisão traseira";1;0;0;1;0;0;0;0;0;0;1;1;0;0;0
"26/08/2024";"11:25:44";"74";"Sem vítima";"343,000";"BR-101/SC";"Crescente";"Colisão traseira";3;0;0;0;0;0;0;0;0;0;6;0;0;0;0
"26/08/2024";"15:06:20";"89";"Com vítima";"327,100";"BR-101/SC";"Crescente";"Engavetamento";3;0;1;0;0;0;0;0;0;0;3;0;1;0;0
"26/08/2024";"15:23:30";"93";"Sem vítima";"324,000";"BR-101/SC";"Decrescente";"Colisão traseira";2;0;0;0;0;0;0;0;0;0;3;0;0;0;0
"26/08/2024";"18:02:38";"102";"Sem vítima";"335,000";"BR-101/SC";"Crescente";"Colisão lateral no mesmo sentido";0;0;1;1;0;0;0;0;0;0;2;0;0;0;0
"26/08/2024";"18:05:06";"103";"Com vítima";"434,300";"BR-101/SC";"Crescente";"Acidentes de outra natureza";1;0;0;0;0;0;0;0;0;0;3;0;0;0;1
"26/08/2024";"18:27:00";"104";"Com vítima";"331,000";"BR-101/SC";"Decrescente";"Colisão lateral no mesmo sentido";1;0;1;0;0;0;0;0;0;0;3;1;0;0;0
"26/08/2024";"20:57:00";"115";"Sem vítima";"452,000";"BR-101/SC";"Crescente";"Queda de moto";0;0;0;1;0;0;0;0;0;0;1;0;0;0;0
"27/08/2024";"08:06:00";"42";"Sem vítima";"300,500";"BR-101/SC";"Crescente";"Engavetamento";3;0;0;0;0;0;0;0;0;0;3;0;0;0;0
"27/08/2024";"11:31:39";"71";"Sem vítima";"278,300";"BR-101/SC";"Crescente";"Engavetamento";2;0;1;0;0;0;0;0;0;0;3;0;0;0;0
"28/08/2024";"03:41:02";"10";"Sem vítima";"291,000";"BR-101/SC";"Crescente";"Colisão traseira";0;0;2;0;0;0;0;0;0;0;2;0;0;0;0
"28/08/2024";"18:21:28";"127";"Com vítima";"333,700";"BR-101/SC";"Crescente";"Colisão lateral no mesmo sentido";1;0;0;1;0;0;0;0;0;0;1;1;0;0;0
"28/08/2024";"18:27:24";"128";"Sem vítima";"282,300";"BR-101/SC";"Crescente";"Colisão traseira";2;0;0;0;0;0;0;0;0;0;2;0;0;0;0
"28/08/2024";"23:40:15";"149";"Sem vítima";"370,500";"BR-101/SC";"Crescente";"Saída de pista";0;0;1;0;0;0;0;0;0;0;1;0;0;0;0
"29/08/2024";"07:20:01";"36";"Sem vítima";"343,000";"BR-101/SC";"Crescente";"Saída de pista";1;0;0;0;0;0;0;0;0;0;1;0;0;0;0
"29/08/2024";"07:45:00";"55";"Sem vítima";"381,000";"BR-101/SC";"Decrescente";"Colisão traseira";2;0;0;0;0;0;0;0;0;0;2;0;0;0;0
"29/08/2024";"13:30:39";"134";"Com vítima";"339,000";"BR-101/SC";"Decrescente";"Colisão transversal";1;0;0;1;0;0;0;0;0;0;1;0;1;0;0
"30/08/2024";"01:33:21";"3";"Sem vítima";"368,000";"BR-101/SC";"Crescente";"Saída de pista";0;0;1;0;0;0;0;0;0;0;1;0;0;0;0
"30/08/2024";"06:56:06";"62";"Com vítima";"447,420";"BR-101/SC";"Decrescente";"Colisão lateral no mesmo sentido";2;0;0;0;0;0;0;0;0;0;1;2;0;0;0
"30/08/2024";"09:41:00";"122";"Sem vítima";"464,000";"BR-101/SC";"Crescente";"Saída de pista";0;0;1;0;0;0;0;0;0;0;1;0;0;0;0
"30/08/2024";"13:24:27";"160";"Sem vítima";"316,000";"BR-101/SC";"Decrescente";"Colisão traseira";1;0;1;0;0;0;0;0;0;0;2;0;0;0;0
"30/08/2024";"16:47:45";"178";"Sem vítima";"410,000";"BR-101/SC";"Crescente";"Queda de moto";0;0;0;1;0;0;0;0;0;0;1;0;0;0;0
"30/08/2024";"19:11:51";"191";"Com vítima";"392,000";"BR-101/SC";"Crescente";"Colisão traseira";1;0;0;1;0;0;0;0;0;0;4;1;0;0;0
"30/08/2024";"19:32:23";"192";"Sem vítima";"390,000";"BR-101/SC";"Decrescente";"Colisão lateral no mesmo sentido";1;0;1;0;0;0;0;0;0;0;2;0;0;0;0
"31/08/2024";"11:29:00";"73";"Com vítima";"332,000";"BR-101/SC";"Decrescente";"Colisão traseira";0;0;0;2;0;0;0;0;0;0;0;2;1;0;0
"31/08/2024";"14:39:44";"96";"Sem vítima";"355,000";"BR-101/SC";"Crescente";"Saída de pista";1;0;0;0;0;0;0;0;0;0;2;0;0;0;0
"31/08/2024";"20:39:22";"125";"Sem vítima";"344,000";"BR-101/SC";"Crescente";"Colisão traseira";1;0;0;0;0;0;0;0;0;0;1;0;0;0;0
"31/08/2024";"22:56:46";"132";"Sem vítima";"409,000";"BR-101/SC";"Crescente";"Queda de moto";0;0;0;1;0;0;0;0;0;0;2;0;0;0;0
"01/09/2024";"02:55:00";"8";"Sem vítima";"282,000";"BR-101/SC";"Decrescente";"Queda de moto";0;0;0;1;0;0;0;0;0;0;1;0;0;0;0
"01/09/2024";"05:59:13";"18";"Sem vítima";"358,000";"BR-101/SC";"Crescente";"Choque";1;0;0;0;0;0;0;0;0;0;1;0;0;0;0
"01/09/2024";"08:31:31";"43";"Sem vítima";"405,000";"BR-101/SC";"Crescente";"Colisão lateral no mesmo sentido";2;0;0;0;0;0;0;0;0;0;2;0;0;0;0
"01/09/2024";"18:51:34";"97";"Sem vítima";"380,000";"BR-101/SC";"Crescente";"Colisão traseira";2;0;0;0;0;0;0;0;0;0;5;0;0;0;0
"01/09/2024";"20:57:00";"110";"Sem vítima";"337,000";"BR-101/SC";"Crescente";"Engavetamento";3;0;0;0;0;0;0;0;0;0;3;0;0;0;0
"02/09/2024";"06:42:04";"26";"Sem vítima";"367,000";"BR-101/SC";"Crescente";"Colisão lateral no mesmo sentido";1;0;2;0;0;0;0;0;0;0;4;0;0;0;0
"02/09/2024";"11:55:35";"113";"Com vítima";"330,000";"BR-101/SC";"Decrescente";"Colisão lateral no mesmo sentido";2;0;0;0;0;0;0;0;0;0;0;3;0;0;0
"02/09/2024";"16:33:00";"150";"Sem vítima";"351,000";"BR-101/SC";"Decrescente";"Colisão lateral no mesmo sentido";1;0;1;0;0;0;0;0;0;0;2;0;0;0;0
"02/09/2024";"17:31:00";"155";"Sem vítima";"336,000";"BR-101/SC";"Crescente";"Colisão lateral no mesmo sentido";2;0;0;0;0;0;0;0;0;0;3;0;0;0;0
"02/09/2024";"19:54:20";"164";"Sem vítima";"395,000";"BR-101/SC";"Decrescente";"Atropelamento de pedestre";0;0;0;0;0;0;0;0;0;0;0;0;0;1;0
"03/09/2024";"18:51:38";"131";"Sem vítima";"403,000";"BR-101/SC";"Crescente";"Queda de moto";0;0;0;1;0;0;0;0;0;0;2;0;0;0;0
"03/09/2024";"19:50:43";"140";"Com vítima";"334,000";"BR-101/SC";"Crescente";"Colisão lateral no mesmo sentido";0;0;0;1;0;0;0;0;0;0;0;1;0;0;0
"04/09/2024";"02:07:00";"4";"Sem vítima";"316,000";"BR-101/SC";"Crescente";"Acidentes de outra natureza";1;0;0;0;0;0;0;0;0;0;2;0;0;0;0
"04/09/2024";"07:34:00";"45";"Com vítima";"335,000";"BR-101/SC";"Crescente";"Colisão lateral no mesmo sentido";0;0;1;1;0;0;0;0;0;0;1;0;1;0;0
"04/09/2024";"09:05:00";"71";"Com vítima";"295,500";"BR-101/SC";"Decrescente";"Colisão frontal";1;0;0;1;0;0;0;0;0;0;1;0;2;0;0
"04/09/2024";"09:13:29";"72";"Sem vítima";"338,000";"BR-101/SC";"Crescente";"Engavetamento";1;0;1;0;0;0;0;0;0;0;3;0;0;0;0
"04/09/2024";"12:57:19";"91";"Sem vítima";"431,000";"BR-101/SC";"Decrescente";"Saída de pista";1;0;0;0;0;0;0;0;0;0;1;0;0;0;0
"04/09/2024";"13:20:06";"98";"Sem vítima";"246,000";"BR-101/SC";"Crescente";"Colisão traseira";1;0;0;0;0;0;0;0;0;0;2;0;0;0;0
"04/09/2024";"17:48:50";"118";"Sem vítima";"343,000";"BR-101/SC";"Crescente";"Acidentes de outra natureza";1;0;0;0;0;0;0;0;0;0;2;0;0;1;0
"04/09/2024";"19:47:00";"128";"Com vítima";"376,000";"BR-101/SC";"Decrescente";"Colisão frontal";2;0;0;0;0;0;0;0;0;0;2;1;0;0;0
"04/09/2024";"22:57:08";"138";"Sem vítima";"405,000";"BR-101/SC";"Crescente";"Colisão traseira";1;0;1;0;0;0;0;0;0;0;1;0;0;0;0
"05/09/2024";"01:07:00";"4";"Sem vítima";"255,000";"BR-101/SC";"Decrescente";"Tombamento";0;0;1;0;0;0;0;0;0;0;1;0;0;0;0
"05/09/2024";"04:15:00";"8";"Sem vítima";"417,000";"BR-101/SC";"Crescente";"Choque";0;0;1;0;0;0;0;0;0;0;1;0;0;0;0
"05/09/2024";"07:41:55";"29";"Sem vítima";"256,000";"BR-101/SC";"Decrescente";"Saída de pista";1;0;0;0;0;0;0;0;0;0;1;0;0;0;0
"05/09/2024";"08:06:57";"34";"Sem vítima";"374,000";"BR-101/SC";"Crescente";"Saída de pista";0;0;1;0;0;0;0;0;0;0;2;0;0;0;0
"05/09/2024";"12:00:30";"64";"Sem vítima";"272,000";"BR-101/SC";"Decrescente";"Choque";1;0;0;0;0;0;0;0;0;0;1;0;0;0;0
"05/09/2024";"13:15:18";"75";"Com vítima";"406,000";"BR-101/SC";"Decrescente";"Engavetamento";3;0;2;0;0;0;0;0;0;0;1;2;2;1;0
"05/09/2024";"16:25:33";"89";"Com vítima";"444,000";"BR-101/SC";"Crescente";"Colisão transversal";0;0;0;1;0;0;0;0;0;0;1;0;1;0;0
"05/09/2024";"17:39:26";"93";"Sem vítima";"367,000";"BR-101/SC";"Crescente";"Colisão traseira";2;0;0;0;0;0;0;0;0;0;2;0;0;0;0
"05/09/2024";"23:31:10";"117";"Sem vítima";"419,000";"BR-101/SC";"Crescente";"Choque";1;0;0;0;0;0;0;0;0;0;1;0;0;0;0
"06/09/2024";"06:41:40";"23";"Sem vítima";"378,900";"BR-101/SC";"Decrescente";"Saída de pista";1;0;0;0;0;0;0;0;0;0;1;0;0;0;0
"06/09/2024";"10:20:37";"101";"Com vítima";"288,000";"BR-101/SC";"Decrescente";"Colisão traseira";1;0;0;1;0;0;0;0;0;0;2;2;0;0;0
"06/09/2024";"17:24:54";"152";"Com vítima";"349,000";"BR-101/SC";"Crescente";"Queda de moto";1;0;1;1;0;0;0;0;0;0;2;0;0;0;1
"06/09/2024";"17:35:48";"153";"Com vítima";"419,000";"BR-101/SC";"Decrescente";"Atropelamento de animal";0;0;0;1;0;0;0;0;0;0;0;1;0;0;0
"07/09/2024";"00:31:44";"2";"Sem vítima";"379,200";"BR-101/SC";"Decrescente";"Capotamento";1;0;0;0;0;0;0;0;0;0;3;0;0;0;0
"07/09/2024";"05:00:28";"9";"Com vítima";"429,000";"BR-101/SC";"Decrescente";"Capotamento";1;0;0;0;0;0;0;0;0;0;0;1;0;0;0
"07/09/2024";"06:25:00";"15";"Sem vítima";"370,000";"BR-101/SC";"Decrescente";"Saída de pista";1;0;0;0;0;0;0;0;0;0;1;0;0;0;0
"07/09/2024";"07:50:10";"29";"Sem vítima";"273,000";"BR-101/SC";"Crescente";"Capotamento";1;0;0;0;0;0;0;0;0;0;1;0;0;0;0
"07/09/2024";"08:05:26";"30";"Com vítima";"273,500";"BR-101/SC";"Crescente";"Colisão traseira";1;0;0;1;0;0;0;0;0;0;1;0;1;0;0
"07/09/2024";"12:18:00";"53";"Com vítima";"269,000";"BR-101/SC";"Crescente";"Queda de moto";0;0;0;1;0;0;0;0;0;0;0;2;0;0;0
"07/09/2024";"20:26:01";"98";"Com vítima";"404,000";"BR-101/SC";"Crescente";"Colisão traseira";1;0;0;1;0;0;0;0;0;0;4;0;0;1;0
"08/09/2024";"06:14:24";"14";"Sem vítima";"336,000";"BR-101/SC";"Crescente";"Choque";1;0;0;0;0;0;0;0;0;0;1;0;0;0;0
"08/09/2024";"08:36:02";"30";"Sem vítima";"435,000";"BR-101/SC";"Decrescente";"Colisão traseira";2;0;0;0;0;0;0;0;0;0;4;0;0;0;0
"08/09/2024";"15:05:36";"62";"Com vítima";"282,000";"BR-101/SC";"Crescente";"Colisão traseira";1;0;0;0;0;0;0;0;0;0;1;1;0;0;0
"08/09/2024";"16:18:14";"69";"Sem vítima";"281,000";"BR-101/SC";"Crescente";"Colisão traseira";1;0;0;0;0;0;0;0;0;0;2;0;0;0;0
"08/09/2024";"19:35:35";"94";"Com vítima";"404,000";"BR-101/SC";"Decrescente";"Saída de pista";1;0;0;0;0;0;0;0;0;0;0;1;0;0;0
"08/09/2024";"22:03:38";"101";"Com vítima";"289,000";"BR-101/SC";"Crescente";"Choque";1;0;0;1;1;0;0;0;0;0;8;1;0;0;0
"09/09/2024";"05:52:00";"9";"Sem vítima";"394,000";"BR-101/SC";"Decrescente";"Saída de pista";1;0;0;0;0;0;0;0;0;0;1;0;0;0;0
"09/09/2024";"05:57:00";"10";"Sem vítima";"280,000";"BR-101/SC";"Crescente";"Colisão traseira";2;0;0;0;0;0;0;0;0;0;2;0;0;0;0
"09/09/2024";"18:17:02";"98";"Com vítima";"339,000";"BR-101/SC";"Crescente";"Colisão frontal";1;0;0;1;0;0;0;0;0;0;1;0;0;1;0
"10/09/2024";"06:29:00";"21";"Com vítima";"378,000";"BR-101/SC";"Crescente";"Capotamento";1;0;0;0;0;0;0;0;0;0;0;1;0;0;0
"10/09/2024";"07:44:59";"56";"Com vítima";"330,000";"BR-101/SC";"Crescente";"Colisão lateral no mesmo sentido";1;0;0;1;0;0;0;0;0;0;1;0;1;0;0
"10/09/2024";"08:52:22";"72";"Sem vítima";"344,000";"BR-101/SC";"Crescente";"Colisão traseira";1;0;1;0;0;0;0;0;0;0;3;0;0;0;0
"10/09/2024";"11:03:04";"95";"Sem vítima";"313,000";"BR-101/SC";"Decrescente";"Colisão lateral no mesmo sentido";1;0;1;0;0;0;0;0;0;0;2;0;0;0;0
"10/09/2024";"13:15:00";"110";"Com vítima";"400,000";"BR-101/SC";"Crescente";"Capotamento";1;0;0;0;0;0;0;0;0;0;0;0;1;0;0
"10/09/2024";"14:34:00";"120";"Com vítima";"287,000";"BR-101/SC";"Decrescente";"Colisão traseira";0;0;1;1;0;0;0;0;0;0;1;0;1;0;0
"10/09/2024";"18:11:35";"144";"Sem vítima";"330,000";"BR-101/SC";"Decrescente";"Colisão traseira";1;0;1;0;0;0;0;0;0;0;4;0;0;0;0
"10/09/2024";"19:12:47";"154";"Com vítima";"278,000";"BR-101/SC";"Decrescente";"Saída de pista";1;0;0;0;0;0;0;0;0;0;0;1;0;0;0
"10/09/2024";"19:41:00";"155";"Sem vítima";"448,000";"BR-101/SC";"Decrescente";"Saída de pista";1;0;0;0;0;0;0;0;0;0;2;0;0;0;0
"10/09/2024";"20:23:09";"159";"Sem vítima";"334,000";"BR-101/SC";"Decrescente";"Saída de pista";1;0;0;0;0;0;0;0;0;0;3;0;0;0;0
"11/09/2024";"02:57:00";"3";"Sem vítima";"368,000";"BR-101/SC";"Crescente";"Colisão traseira";0;0;2;0;0;0;0;0;0;0;2;0;0;0;0
"11/09/2024";"10:45:41";"82";"Com vítima";"336,000";"BR-101/SC";"Decrescente";"Queda de moto";0;0;0;1;0;0;0;0;0;0;0;0;1;0;0
"11/09/2024";"12:19:25";"94";"Sem vítima";"405,000";"BR-101/SC";"Crescente";"Colisão traseira";2;0;0;0;0;0;0;0;0;0;4;0;0;0;0
"12/09/2024";"06:33:20";"18";"Com vítima";"327,000";"BR-101/SC";"Crescente";"Choque";1;0;0;0;0;0;0;0;0;0;2;0;3;0;0
"12/09/2024";"19:51:37";"133";"Com vítima";"280,000";"BR-101/SC";"Crescente";"Colisão lateral no mesmo sentido";2;0;0;0;0;0;0;0;0;0;0;0;4;0;0
"12/09/2024";"23:01:21";"144";"Sem vítima";"365,000";"BR-101/SC";"Decrescente";"Saída de pista";0;0;1;0;0;0;0;0;0;0;1;0;0;0;0
"12/09/2024";"23:43:07";"145";"Com vítima";"386,000";"BR-101/SC";"Crescente";"Colisão traseira";0;0;2;0;0;0;0;0;0;0;1;0;0;0;1
"13/09/2024";"06:14:00";"10";"Sem vítima";"360,000";"BR-101/SC";"Crescente";"Colisão traseira";0;0;2;0;0;0;0;0;0;0;2;0;0;0;0
"13/09/2024";"13:34:08";"72";"Sem vítima";"256,000";"BR-101/SC";"Decrescente";"Choque";1;0;0;0;0;0;0;0;0;0;2;0;0;0;0
"13/09/2024";"15:06:00";"81";"Sem vítima";"336,000";"BR-101/SC";"Crescente";"Choque";1;0;0;0;0;0;0;0;0;0;2;0;0;0;0
"13/09/2024";"15:43:00";"86";"Sem vítima";"335,000";"BR-101/SC";"Crescente";"Colisão traseira";2;0;0;0;0;0;0;0;0;0;2;0;0;0;0
"13/09/2024";"16:31:13";"90";"Com vítima";"394,000";"BR-101/SC";"Decrescente";"Choque";1;0;0;0;0;0;0;0;0;0;0;0;1;1;0
"13/09/2024";"18:18:00";"94";"Com vítima";"412,000";"BR-101/SC";"Decrescente";"Queda de moto";0;0;0;1;0;0;0;0;0;0;0;1;0;0;0
"13/09/2024";"19:03:08";"97";"Sem vítima";"312,000";"BR-101/SC";"Crescente";"Saída de pista";1;0;0;0;0;0;0;0;0;0;2;0;0;0;0
"14/09/2024";"00:27:00";"5";"Sem vítima";"365,000";"BR-101/SC";"Crescente";"Saída de pista";1;0;0;0;0;0;0;0;0;0;2;0;0;0;0
"14/09/2024";"00:33:53";"6";"Sem vítima";"330,000";"BR-101/SC";"Decrescente";"Saída de pista";1;0;0;0;0;0;0;0;0;0;1;0;0;0;0
"14/09/2024";"02:32:48";"13";"Sem vítima";"412,000";"BR-101/SC";"Decrescente";"Saída de pista";1;0;0;0;0;0;0;0;0;0;1;0;0;0;0
"14/09/2024";"04:47:34";"18";"Sem vítima";"348,000";"BR-101/SC";"Crescente";"Saída de pista";0;0;1;0;0;0;0;0;0;0;1;0;0;0;0
"14/09/2024";"07:33:25";"33";"Sem vítima";"289,000";"BR-101/SC";"Decrescente";"Choque";1;0;0;0;0;0;0;0;0;0;2;0;0;0;0
"14/09/2024";"11:02:00";"58";"Com vítima";"374,000";"BR-101/SC";"Crescente";"Saída de pista";1;0;0;0;0;0;0;0;0;0;0;1;0;0;0
"14/09/2024";"12:31:12";"68";"Sem vítima";"458,000";"BR-101/SC";"Decrescente";"Colisão traseira";1;0;0;1;0;0;0;0;0;0;4;0;0;0;0
"14/09/2024";"16:34:26";"87";"Com vítima";"256,000";"BR-101/SC";"Crescente";"Saída de pista";1;0;0;0;0;0;0;0;0;0;0;1;1;0;0
"14/09/2024";"17:19:23";"91";"Com vítima";"366,000";"BR-101/SC";"Crescente";"Colisão frontal";1;0;0;1;0;0;0;0;0;0;2;0;1;0;0