data;horario;n_da_ocorrencia;tipo_de_ocorrencia;km;trecho;sentido;tipo_de_acidente;automovel;bicicleta;caminhao;moto;onibus;outros;tracao_animal;transporte_de_cargas_especiais;trator_maquinas;utilitarios;ilesos;levemente_feridos;moderadamente_feridos;gravemente_feridos;mortos
"14/09/2024";"19:11:04";"101";"Com vítima";"382,000";"BR-101/SC";"Decrescente";"Acidentes de outra natureza";1;0;0;0;0;0;0;0;0;0;3;0;0;0;1
"15/09/2024";"02:51:21";"7";"Sem vítima";"447,000";"BR-101/SC";"Decrescente";"Saída de pista";1;0;0;0;0;0;0;0;0;0;1;0;0;0;0
"15/09/2024";"03:51:16";"8";"Sem vítima";"381,000";"BR-101/SC";"Decrescente";"Saída de pista";1;0;0;0;0;0;0;0;0;0;1;0;0;0;0
"15/09/2024";"14:34:00";"61";"Sem vítima";"449,000";"BR-101/SC";"Decrescente";"Capotamento";2;0;0;0;0;0;0;0;0;0;6;0;0;0;0
"15/09/2024";"18:53:08";"80";"Com vítima";"304,000";"BR-101/SC";"Crescente";"Colisão frontal";1;0;0;1;0;0;0;0;0;0;2;0;1;0;0
"16/09/2024";"00:36:00";"4";"Sem vítima";"304,000";"BR-101/SC";"Crescente";"Saída de pista";1;0;0;0;0;0;0;0;0;0;2;0;0;0;0
"16/09/2024";"00:57:01";"5";"Sem vítima";"393,000";"BR-101/SC";"Decrescente";"Saída de pista";1;0;0;0;0;0;0;0;0;0;1;0;0;0;0
"16/09/2024";"09:10:30";"60";"Sem vítima";"298,000";"BR-101/SC";"Decrescente";"Colisão traseira";0;0;2;0;0;0;0;0;0;0;2;0;0;0;0
"17/09/2024";"08:42:33";"56";"Sem vítima";"270,000";"BR-101/SC";"Crescente";"Atropelamento de pedestre";0;0;1;0;0;0;0;0;0;0;1;0;0;0;0
"17/09/2024";"11:21:51";"80";"Sem vítima";"335,000";"BR-101/SC";"Crescente";"Colisão traseira";2;0;0;0;0;0;0;0;0;0;6;0;0;0;0
"17/09/2024";"16:36:03";"119";"Com vítima";"278,000";"BR-101/SC";"Crescente";"Queda de moto";0;0;0;1;0;0;0;0;0;0;1;1;0;0;0
"17/09/2024";"17:18:00";"125";"Sem vítima";"334,000";"BR-101/SC";"Crescente";"Colisão lateral no mesmo sentido";1;0;1;0;0;0;0;0;0;0;3;0;0;0;0
"17/09/2024";"23:18:00";"147";"Sem vítima";"367,000";"BR-101/SC";"Crescente";"Queda de moto";0;0;0;1;0;0;0;0;0;0;1;0;0;0;0
"17/09/2024";"23:23:57";"148";"Sem vítima";"415,000";"BR-101/SC";"Decrescente";"Saída de pista";1;0;0;0;0;0;0;0;0;0;1;0;0;0;0
"18/09/2024";"05:08:16";"22";"Sem vítima";"406,900";"BR-101/SC";"Decrescente";"Choque";1;0;0;0;0;0;0;0;0;0;2;0;0;0;0
"18/09/2024";"07:53:06";"65";"Com vítima";"264,800";"BR-101/SC";"Crescente";"Choque";0;0;1;0;0;0;0;0;0;0;1;1;0;0;0
"18/09/2024";"08:13:04";"75";"Com vítima";"357,000";"BR-101/SC";"Crescente";"Tombamento";0;0;1;0;0;0;0;0;0;0;0;1;0;0;0
"18/09/2024";"17:45:49";"134";"Sem vítima";"438,000";"BR-101/SC";"Crescente";"Queda de moto";0;0;0;1;0;0;0;0;0;0;1;0;0;0;0
"18/09/2024";"17:53:30";"135";"Com vítima";"334,000";"BR-101/SC";"Decrescente";"Colisão lateral no mesmo sentido";1;0;0;1;0;0;0;0;0;0;1;1;0;0;0
"18/09/2024";"19:00:16";"141";"Com vítima";"266,000";"BR-101/SC";"Crescente";"Colisão transversal";2;0;0;0;0;0;0;0;0;0;1;0;1;0;0
"19/09/2024";"01:59:23";"8";"Sem vítima";"285,700";"BR-101/SC";"Decrescente";"Saída de pista";0;0;1;0;0;0;0;0;0;0;1;0;0;0;0
"19/09/2024";"11:52:00";"91";"Sem vítima";"360,000";"BR-101/SC";"Decrescente";"Engavetamento";3;0;0;0;0;0;0;0;0;0;4;0;0;0;0
"19/09/2024";"17:50:46";"122";"Sem vítima";"313,000";"BR-101/SC";"Decrescente";"Choque";1;0;1;0;0;0;0;0;0;0;3;0;0;0;0
"19/09/2024";"19:56:41";"131";"Sem vítima";"298,000";"BR-101/SC";"Crescente";"Colisão traseira";0;0;2;0;0;0;0;0;0;0;3;0;0;0;0
"19/09/2024";"21:09:00";"136";"Sem vítima";"360,800";"BR-101/SC";"Decrescente";"Saída de pista";1;0;0;0;0;0;0;0;0;0;1;0;0;0;0
"20/09/2024";"01:14:00";"7";"Sem vítima";"270,000";"BR-101/SC";"Decrescente";"Saída de pista";1;0;0;0;0;0;0;0;0;0;4;0;0;0;0
"20/09/2024";"01:23:00";"8";"Sem vítima";"351,000";"BR-101/SC";"Decrescente";"Colisão lateral no mesmo sentido";2;0;0;0;0;0;0;0;0;0;7;0;0;0;0
"20/09/2024";"08:06:29";"50";"Sem vítima";"336,000";"BR-101/SC";"Decrescente";"Choque";1;0;0;0;0;0;0;0;0;0;3;0;0;0;0
"20/09/2024";"09:25:27";"58";"Sem vítima";"428,850";"BR-101/SC";"Crescente";"Colisão lateral no mesmo sentido";1;0;0;0;0;0;0;0;0;0;3;0;0;0;0
"20/09/2024";"09:40:29";"59";"Sem vítima";"428,850";"BR-101/SC";"Crescente";"Colisão traseira";2;0;0;0;0;0;0;0;0;0;3;0;0;0;0
"20/09/2024";"10:07:48";"65";"Sem vítima";"338,000";"BR-101/SC";"Decrescente";"Saída de pista";1;0;0;0;0;0;0;0;0;0;5;0;0;0;0
"20/09/2024";"10:42:38";"70";"Sem vítima";"300,000";"BR-101/SC";"Decrescente";"Colisão traseira";2;0;0;0;0;0;0;0;0;0;3;0;0;0;0
"20/09/2024";"11:37:00";"76";"Sem vítima";"257,000";"BR-101/SC";"Decrescente";"Choque";1;0;0;0;0;0;0;0;0;0;1;0;0;0;0
"20/09/2024";"12:11:34";"79";"Com vítima";"336,000";"BR-101/SC";"Decrescente";"Saída de pista";1;0;0;0;0;0;0;0;0;0;0;1;0;0;0
"20/09/2024";"12:20:49";"80";"Com vítima";"423,000";"BR-101/SC";"Decrescente";"Colisão traseira";2;0;0;0;0;0;0;0;0;0;2;1;0;0;0
"20/09/2024";"12:22:02";"81";"Sem vítima";"298,000";"BR-101/SC";"Crescente";"Colisão traseira";2;0;0;0;0;0;0;0;0;0;2;0;0;0;0
"20/09/2024";"12:52:54";"84";"Sem vítima";"423,000";"BR-101/SC";"Decrescente";"Colisão traseira";2;0;0;0;0;0;0;0;0;0;2;0;0;0;0
"20/09/2024";"12:56:00";"85";"Sem vítima";"375,200";"BR-101/SC";"Decrescente";"Colisão traseira";2;0;0;0;0;0;0;0;0;0;7;0;0;0;0
"20/09/2024";"13:50:29";"87";"Sem vítima";"424,900";"BR-101/SC";"Decrescente";"Engavetamento";4;0;0;0;0;0;0;0;0;0;5;0;0;0;0
"20/09/2024";"16:40:00";"99";"Sem vítima";"263,000";"BR-101/SC";"Decrescente";"Saída de pista";1;0;0;0;0;0;0;0;0;0;1;0;0;0;0
"20/09/2024";"19:01:44";"110";"Com vítima";"275,000";"BR-101/SC";"Decrescente";"Colisão lateral no mesmo sentido";1;0;0;1;0;0;0;0;0;0;1;0;1;0;0
"20/09/2024";"19:54:22";"119";"Sem vítima";"403,000";"BR-101/SC";"Decrescente";"Atropelamento de pedestre";1;0;0;0;0;0;0;0;0;0;1;0;0;1;0
"20/09/2024";"19:58:00";"120";"Sem vítima";"331,000";"BR-101/SC";"Decrescente";"Saída de pista";1;0;0;0;0;0;0;0;0;0;3;0;0;0;0
"20/09/2024";"21:07:23";"131";"Sem vítima";"327,000";"BR-101/SC";"Decrescente";"Colisão traseira";2;0;0;0;0;0;0;0;0;0;2;0;0;0;0
"21/09/2024";"02:46:10";"13";"Sem vítima";"329,000";"BR-101/SC";"Crescente";"Atropelamento de animal";1;0;0;0;0;0;0;0;0;0;1;0;0;0;0
"21/09/2024";"07:02:51";"30";"Com vítima";"254,500";"BR-101/SC";"Decrescente";"Saída de pista";1;0;0;0;0;0;0;0;0;0;0;1;0;0;0
"21/09/2024";"10:49:40";"74";"Sem vítima";"260,000";"BR-101/SC";"Decrescente";"Saída de pista";0;0;0;0;0;0;0;0;0;1;2;0;0;0;0
"21/09/2024";"19:50:54";"120";"Sem vítima";"460,000";"BR-101/SC";"Decrescente";"Colisão traseira";1;0;0;0;0;0;0;0;0;0;2;0;0;0;0
"21/09/2024";"20:51:57";"125";"Sem vítima";"310,500";"BR-101/SC";"Decrescente";"Choque";1;0;0;0;0;0;0;0;0;0;1;0;0;0;0
"22/09/2024";"11:56:00";"61";"Sem vítima";"297,000";"BR-101/SC";"Crescente";"Colisão traseira";2;0;0;0;0;0;0;0;0;0;8;0;0;0;0
"22/09/2024";"12:55:02";"65";"Sem vítima";"331,800";"BR-101/SC";"Crescente";"Colisão traseira";2;0;0;0;0;0;0;0;0;0;3;0;0;0;0
"22/09/2024";"15:50:25";"91";"Sem vítima";"294,000";"BR-101/SC";"Crescente";"Colisão traseira";2;0;0;0;0;0;0;0;0;0;3;0;0;0;0
"22/09/2024";"16:23:02";"98";"Sem vítima";"343,000";"BR-101/SC";"Crescente";"Colisão traseira";2;0;0;0;0;0;0;0;0;0;7;0;0;0;0
"22/09/2024";"17:37:15";"110";"Sem vítima";"453,000";"BR-101/SC";"Crescente";"Colisão traseira";2;0;0;0;0;0;0;0;0;0;7;0;0;0;0
"22/09/2024";"18:09:00";"117";"Com vítima";"322,000";"BR-101/SC";"Crescente";"Colisão traseira";1;0;0;1;0;0;0;0;0;0;2;0;0;0;1
"22/09/2024";"18:27:48";"121";"Sem vítima";"329,000";"BR-101/SC";"Crescente";"Colisão traseira";2;0;0;0;0;0;0;0;0;0;3;0;0;0;0
"22/09/2024";"18:31:36";"120";"Com vítima";"457,000";"BR-101/SC";"Decrescente";"Queda de moto";0;0;0;1;0;0;0;0;0;0;0;1;0;0;0
"22/09/2024";"19:42:56";"124";"Com vítima";"360,000";"BR-101/SC";"Crescente";"Colisão transversal";1;0;0;1;0;0;0;0;0;0;5;1;0;0;0
"22/09/2024";"19:45:15";"125";"Sem vítima";"457,000";"BR-101/SC";"Decrescente";"Colisão traseira";2;0;0;0;0;0;0;0;0;0;6;0;0;0;0
"23/09/2024";"04:31:00";"13";"Sem vítima";"385,000";"BR-101/SC";"Crescente";"Tombamento";0;0;1;0;0;0;0;0;0;0;1;0;0;0;0
"23/09/2024";"14:43:36";"108";"Sem vítima";"383,000";"BR-101/SC";"Decrescente";"Saída de pista";1;0;0;0;0;0;0;0;0;0;2;0;0;0;0
"23/09/2024";"15:29:35";"111";"Sem vítima";"278,000";"BR-101/SC";"Crescente";"Colisão traseira";2;0;0;0;0;0;0;0;0;0;5;0;0;0;0
"24/09/2024";"01:46:15";"5";"Sem vítima";"389,000";"BR-101/SC";"Decrescente";"Choque";1;0;0;0;0;0;0;0;0;0;1;0;0;0;0
"24/09/2024";"14:21:56";"114";"Sem vítima";"362,000";"BR-101/SC";"Decrescente";"Saída de pista";1;0;0;0;0;0;0;0;0;0;2;0;0;0;0
"24/09/2024";"22:54:52";"162";"Com vítima";"401,300";"BR-101/SC";"Decrescente";"Colisão frontal";1;0;1;0;0;0;0;0;0;0;1;1;0;0;0
"25/09/2024";"06:37:42";"32";"Sem vítima";"283,000";"BR-101/SC";"Crescente";"Capotamento";1;0;0;0;0;0;0;0;0;0;1;0;0;0;0
"25/09/2024";"09:30:00";"92";"Sem vítima";"442,000";"BR-101/SC";"Crescente";"Saída de pista";1;0;0;0;0;0;0;0;0;0;1;0;0;0;0
"25/09/2024";"17:55:41";"162";"Sem vítima";"458,000";"BR-101/SC";"Decrescente";"Colisão traseira";0;0;2;0;0;0;0;0;0;0;3;0;0;0;0
"25/09/2024";"22:24:00";"187";"Sem vítima";"333,600";"BR-101/SC";"Crescente";"Colisão traseira";2;0;0;0;0;0;0;0;0;0;2;0;0;0;0
"26/09/2024";"02:23:40";"11";"Sem vítima";"275,000";"BR-101/SC";"Decrescente";"Saída de pista";1;0;0;0;0;0;0;0;0;0;1;0;0;0;0
"26/09/2024";"04:53:13";"19";"Com vítima";"309,100";"BR-101/SC";"Crescente";"Colisão traseira";1;0;1;0;0;0;0;0;0;0;1;0;0;1;0
"26/09/2024";"09:16:13";"70";"Sem vítima";"437,000";"BR-101/SC";"Crescente";"Saída de pista";0;0;0;1;0;0;0;0;0;0;1;0;0;0;0
"26/09/2024";"12:20:22";"90";"Sem vítima";"279,000";"BR-101/SC";"Crescente";"Colisão traseira";2;0;0;0;0;0;0;0;0;0;3;0;0;0;0
"26/09/2024";"15:52:41";"108";"Com vítima";"327,500";"BR-101/SC";"Crescente";"Colisão lateral no mesmo sentido";1;0;2;0;0;0;0;0;0;0;4;1;0;0;0
"26/09/2024";"16:45:06";"112";"Sem vítima";"312,000";"BR-101/SC";"Decrescente";"Colisão lateral no mesmo sentido";1;0;1;0;0;0;0;0;0;0;2;0;0;0;0
"26/09/2024";"20:35:59";"128";"Sem vítima";"278,000";"BR-101/SC";"Crescente";"Colisão lateral no mesmo sentido";0;0;2;0;0;0;0;0;0;0;2;0;0;0;0
"27/09/2024";"01:17:47";"3";"Sem vítima";"397,000";"BR-101/SC";"Crescente";"Atropelamento de animal";1;0;0;0;0;0;0;0;0;0;5;0;0;0;0
"27/09/2024";"04:24:28";"10";"Sem vítima";"423,000";"BR-101/SC";"Decrescente";"Atropelamento de animal";0;0;1;0;0;0;0;0;0;0;1;0;0;0;0
"27/09/2024";"05:00:16";"11";"Sem vítima";"425,000";"BR-101/SC";"Decrescente";"Saída de pista";0;0;1;0;0;0;0;0;0;0;1;0;0;0;0
"27/09/2024";"17:41:55";"129";"Sem vítima";"354,000";"BR-101/SC";"Decrescente";"Colisão traseira";2;0;0;0;0;0;0;0;0;0;1;0;0;0;0
"28/09/2024";"02:02:31";"14";"Sem vítima";"440,000";"BR-101/SC";"Crescente";"Saída de pista";1;0;0;0;0;0;0;0;0;0;3;0;0;0;0
"28/09/2024";"05:55:24";"26";"Com vítima";"309,000";"BR-101/SC";"Decrescente";"Queda de moto";0;0;0;1;0;0;0;0;0;0;0;1;0;0;0
"28/09/2024";"19:29:06";"127";"Com vítima";"330,000";"BR-101/SC";"Crescente";"Colisão traseira";1;0;0;1;0;0;0;0;0;0;2;0;1;0;0
"28/09/2024";"21:41:57";"134";"Com vítima";"248,700";"BR-101/SC";"Crescente";"Colisão traseira";1;0;1;0;0;0;0;0;0;0;1;0;1;0;0
"28/09/2024";"22:12:32";"136";"Com vítima";"448,000";"BR-101/SC";"Crescente";"Colisão lateral no mesmo sentido";2;0;0;0;0;0;0;0;0;0;1;0;2;0;0
"28/09/2024";"22:53:48";"138";"Sem vítima";"305,500";"BR-101/SC";"Crescente";"Saída de pista";0;0;1;0;0;0;0;0;0;0;1;0;0;0;0
"29/09/2024";"03:44:07";"18";"Sem vítima";"358,000";"BR-101/SC";"Crescente";"Saída de pista";1;0;0;0;0;0;0;0;0;0;1;0;0;0;0
"29/09/2024";"08:06:41";"43";"Sem vítima";"405,000";"BR-101/SC";"Decrescente";"Colisão traseira";2;0;0;0;0;0;0;0;0;0;4;0;0;0;0
"29/09/2024";"10:21:56";"52";"Com vítima";"306,000";"BR-101/SC";"Decrescente";"Colisão traseira";1;0;1;0;0;0;0;0;0;0;1;2;0;0;0
"29/09/2024";"14:07:48";"70";"Sem vítima";"405,000";"BR-101/SC";"Crescente";"Colisão traseira";2;0;0;0;0;0;0;0;0;0;3;0;0;0;0
"29/09/2024";"14:59:33";"77";"Sem vítima";"404,000";"BR-101/SC";"Crescente";"Choque";1;0;0;1;0;0;0;0;0;0;3;0;0;0;0
"29/09/2024";"16:24:15";"95";"Sem vítima";"317,000";"BR-101/SC";"Decrescente";"Choque";1;0;0;0;0;0;0;0;0;0;1;0;0;0;0
"29/09/2024";"17:49:33";"104";"Com vítima";"382,000";"BR-101/SC";"Crescente";"Queda de moto";0;0;0;1;0;0;0;0;0;0;1;0;1;0;0
"29/09/2024";"20:51:02";"116";"Sem vítima";"284,900";"BR-101/SC";"Decrescente";"Tombamento";1;0;1;0;0;0;0;0;0;0;2;0;0;0;0
"30/09/2024";"00:02:41";"1";"Sem vítima";"403,000";"BR-101/SC";"Crescente";"Colisão traseira";1;0;1;0;0;0;0;0;0;0;3;0;0;0;0
"30/09/2024";"02:21:42";"9";"Sem vítima";"346,000";"BR-101/SC";"Crescente";"Atropelamento de animal";1;0;0;0;0;0;0;0;0;0;1;0;0;0;0
"30/09/2024";"10:15:16";"94";"Sem vítima";"332,500";"BR-101/SC";"Crescente";"Colisão traseira";2;0;0;0;0;0;0;0;0;0;3;0;0;0;0
"30/09/2024";"11:06:49";"104";"Sem vítima";"331,000";"BR-101/SC";"Crescente";"Colisão traseira";1;0;0;0;0;0;0;0;0;0;1;0;0;0;0
"30/09/2024";"13:49:08";"124";"Sem vítima";"402,000";"BR-101/SC";"Crescente";"Colisão lateral no mesmo sentido";1;0;0;1;0;0;0;0;0;0;4;0;0;0;0
"30/09/2024";"19:20:21";"167";"Sem vítima";"311,000";"BR-101/SC";"Crescente";"Acidentes de outra natureza";1;0;0;0;0;0;0;0;0;0;1;0;0;0;0
"01/10/2024";"07:41:14";"65";"Com vítima";"325,000";"BR-101/SC";"Crescente";"Saída de pista";0;0;0;1;0;0;0;0;0;0;0;0;0;1;0
"01/10/2024";"08:18:33";"77";"Com vítima";"336,500";"BR-101/SC";"Crescente";"Colisão traseira";1;0;1;0;0;0;0;0;0;0;1;1;0;0;0
"01/10/2024";"09:19:13";"96";"Com vítima";"331,000";"BR-101/SC";"Crescente";"Colisão lateral no mesmo sentido";1;0;0;1;0;0;0;0;0;0;1;1;0;0;0
"01/10/2024";"10:22:31";"104";"Com vítima";"437,000";"BR-101/SC";"Decrescente";"Colisão traseira";1;0;1;0;0;0;0;0;0;0;1;1;0;0;0
"01/10/2024";"13:03:38";"127";"Sem vítima";"318,000";"BR-101/SC";"Decrescente";"Colisão traseira";1;0;1;0;0;0;0;0;0;0;5;0;0;0;0
"01/10/2024";"13:14:11";"128";"Sem vítima";"315,000";"BR-101/SC";"Crescente";"Colisão lateral no mesmo sentido";1;0;1;0;0;0;0;0;0;0;5;0;0;0;0
"01/10/2024";"16:38:48";"153";"Sem vítima";"458,000";"BR-101/SC";"Crescente";"Saída de pista";1;0;0;0;0;0;0;0;0;0;1;0;0;0;0
"01/10/2024";"19:17:29";"166";"Com vítima";"381,000";"BR-101/SC";"Decrescente";"Capotamento";1;0;0;0;0;0;0;0;0;0;2;0;1;0;0
"01/10/2024";"21:21:01";"173";"Sem vítima";"298,000";"BR-101/SC";"Decrescente";"Colisão traseira";0;0;2;0;0;0;0;0;0;0;3;0;0;0;0
"02/10/2024";"00:17:30";"1";"Sem vítima";"405,000";"BR-101/SC";"Decrescente";"Choque";1;0;0;0;0;0;0;0;0;0;1;0;0;0;0
"02/10/2024";"15:33:08";"65";"Sem vítima";"257,000";"BR-101/SC";"Decrescente";"Capotamento";1;0;0;0;0;0;0;0;0;0;5;0;0;0;0
"02/10/2024";"16:26:27";"69";"Sem vítima";"382,000";"BR-101/SC";"Decrescente";"Saída de pista";1;0;0;0;0;0;0;0;0;0;1;0;0;0;0
"03/10/2024";"12:04:12";"93";"Sem vítima";"331,100";"BR-101/SC";"Crescente";"Choque";1;0;0;0;0;0;0;0;0;0;1;0;0;0;0
"03/10/2024";"12:09:33";"94";"Com vítima";"382,100";"BR-101/SC";"Decrescente";"Colisão lateral no mesmo sentido";0;0;2;0;0;0;0;0;0;0;1;0;1;0;0
"03/10/2024";"15:37:43";"121";"Com vítima";"261,800";"BR-101/SC";"Crescente";"Saída de pista";0;0;1;0;0;0;0;0;0;0;0;1;1;0;0
"04/10/2024";"04:52:32";"23";"Sem vítima";"449,000";"BR-101/SC";"Crescente";"Saída de pista";1;0;0;0;0;0;0;0;0;0;1;0;0;0;0
"04/10/2024";"07:47:10";"68";"Com vítima";"437,000";"BR-101/SC";"Crescente";"Queda de moto";1;0;0;1;0;0;0;0;0;0;1;0;1;0;0
"04/10/2024";"11:59:57";"114";"Com vítima";"437,000";"BR-101/SC";"Crescente";"Saída de pista";1;0;0;0;0;0;0;0;0;0;0;0;1;0;0
"04/10/2024";"23:36:50";"177";"Com vítima";"427,000";"BR-101/SC";"Decrescente";"Colisão traseira";0;0;2;0;0;0;0;0;0;0;1;0;0;2;0
"05/10/2024";"00:27:00";"3";"Sem vítima";"423,000";"BR-101/SC";"Crescente";"Saída de pista";1;0;0;0;0;0;0;0;0;0;1;0;0;0;0
"05/10/2024";"01:17:58";"7";"Com vítima";"396,800";"BR-101/SC";"Decrescente";"Colisão lateral no mesmo sentido";2;0;0;0;0;0;0;0;0;0;3;1;0;0;0
"05/10/2024";"04:52:21";"19";"Sem vítima";"369,000";"BR-101/SC";"Decrescente";"Saída de pista";1;0;0;0;0;0;0;0;0;0;1;0;0;0;0
"05/10/2024";"05:08:10";"20";"Sem vítima";"351,000";"BR-101/SC";"Decrescente";"Saída de pista";1;0;0;0;0;0;0;0;0;0;2;0;0;0;0
"05/10/2024";"15:28:00";"91";"Com vítima";"326,800";"BR-101/SC";"Decrescente";"Queda de moto";0;0;0;1;0;0;0;0;0;0;0;1;1;0;0
"05/10/2024";"17:46:08";"107";"Com vítima";"423,000";"BR-101/SC";"Decrescente";"Colisão transversal";1;0;0;1;0;0;0;0;0;0;2;0;1;0;0
"05/10/2024";"18:19:30";"110";"Com vítima";"332,500";"BR-101/SC";"Crescente";"Saída de pista";1;0;0;0;0;0;0;0;0;0;0;1;0;0;0
"05/10/2024";"18:58:23";"115";"Com vítima";"364,000";"BR-101/SC";"Decrescente";"Saída de pista";1;0;0;0;0;0;0;0;0;0;0;2;0;0;0
"06/10/2024";"02:27:35";"14";"Sem vítima";"388,000";"BR-101/SC";"Crescente";"Saída de pista";1;0;0;0;0;0;0;0;0;0;1;0;0;0;0
"06/10/2024";"04:48:25";"24";"Com vítima";"367,350";"BR-101/SC";"Decrescente";"Colisão frontal";2;0;0;0;0;0;0;0;0;0;0;4;0;0;0
"06/10/2024";"05:08:39";"25";"Com vítima";"293,000";"BR-101/SC";"Decrescente";"Saída de pista";1;0;0;0;0;0;0;0;0;0;0;0;2;0;0
"06/10/2024";"09:20:30";"37";"Com vítima";"337,000";"BR-101/SC";"Crescente";"Colisão lateral no mesmo sentido";0;0;1;1;0;0;0;0;0;0;1;1;0;0;0
"06/10/2024";"10:54:26";"41";"Com vítima";"405,000";"BR-101/SC";"Decrescente";"Colisão lateral no mesmo sentido";2;0;0;0;0;0;0;0;0;0;3;3;0;0;0
"06/10/2024";"15:36:31";"58";"Com vítima";"433,000";"BR-101/SC";"Crescente";"Colisão traseira";2;0;0;0;0;0;0;0;0;0;1;0;2;0;0
"06/10/2024";"18:50:16";"73";"Com vítima";"358,000";"BR-101/SC";"Decrescente";"Capotamento";1;0;0;0;0;0;0;0;0;0;0;2;0;0;0
"06/10/2024";"19:11:48";"74";"Sem vítima";"344,000";"BR-101/SC";"Crescente";"Saída de pista";1;0;0;0;0;0;0;0;0;0;4;0;0;0;0
"07/10/2024";"06:09:50";"16";"Com vítima";"358,000";"BR-101/SC";"Decrescente";"Queda de moto";0;0;1;1;0;0;0;0;0;0;1;0;1;0;0
"07/10/2024";"07:09:27";"32";"Sem vítima";"390,000";"BR-101/SC";"Decrescente";"Colisão traseira";1;0;1;0;0;0;0;0;0;0;2;0;0;0;0
"07/10/2024";"08:52:19";"64";"Sem vítima";"407,000";"BR-101/SC";"Decrescente";"Saída de pista";0;0;1;0;0;0;0;0;0;0;1;0;0;0;0
"07/10/2024";"13:56:26";"91";"Com vítima";"344,000";"BR-101/SC";"Crescente";"Colisão traseira";1;0;0;1;0;0;0;0;0;0;1;0;1;0;0
"07/10/2024";"20:13:56";"128";"Sem vítima";"417,000";"BR-101/SC";"Crescente";"Colisão traseira";1;0;1;0;0;0;0;0;0;0;2;0;0;0;0
"07/10/2024";"21:57:14";"135";"Sem vítima";"282,000";"BR-101/SC";"Crescente";"Saída de pista";1;0;0;0;0;0;0;0;0;0;1;0;0;0;0
"07/10/2024";"22:02:30";"136";"Sem vítima";"354,000";"BR-101/SC";"Decrescente";"Saída de pista";1;0;0;0;0;0;0;0;0;0;1;0;0;0;0
"08/10/2024";"09:31:20";"51";"Sem vítima";"283,000";"BR-101/SC";"Decrescente";"Colisão traseira";1;0;1;0;0;0;0;0;0;0;3;0;0;0;0
"08/10/2024";"15:09:44";"73";"Com vítima";"418,000";"BR-101/SC";"Crescente";"Engavetamento";4;0;0;0;0;0;0;0;0;0;4;0;1;0;0
"08/10/2024";"15:24:47";"76";"Sem vítima";"418,000";"BR-101/SC";"Crescente";"Colisão traseira";2;0;0;0;0;0;0;0;0;0;7;0;0;0;0
"08/10/2024";"15:37:30";"77";"Sem vítima";"379,000";"BR-101/SC";"Decrescente";"Saída de pista";1;0;0;0;0;0;0;0;0;0;1;0;0;0;0
"08/10/2024";"20:47:03";"101";"Sem vítima";"304,000";"BR-101/SC";"Crescente";"Colisão traseira";1;0;1;0;0;0;0;0;0;0;2;0;0;0;0
"08/10/2024";"21:40:20";"105";"Com vítima";"372,000";"BR-101/SC";"Crescente";"Tombamento";0;0;1;0;0;0;0;0;0;0;0;1;0;0;0
"09/10/2024";"00:38:27";"2";"Sem vítima";"367,000";"BR-101/SC";"Crescente";"Saída de pista";1;0;0;0;0;0;0;0;0;0;5;0;0;0;0
"09/10/2024";"04:35:29";"9";"Sem vítima";"372,000";"BR-101/SC";"Crescente";"Saída de pista";1;0;0;0;0;0;0;0;0;0;1;0;0;0;0
"09/10/2024";"08:51:14";"44";"Sem vítima";"374,000";"BR-101/SC";"Crescente";"Saída de pista";1;0;0;0;0;0;0;0;0;0;1;0;0;0;0
"09/10/2024";"14:36:07";"76";"Sem vítima";"255,000";"BR-101/SC";"Decrescente";"Saída de pista";1;0;0;0;0;0;0;0;0;0;2;0;0;0;0
"09/10/2024";"15:06:17";"80";"Sem vítima";"264,000";"BR-101/SC";"Crescente";"Saída de pista";1;0;0;0;0;0;0;0;0;0;3;0;0;0;0
"09/10/2024";"15:27:16";"83";"Sem vítima";"336,000";"BR-101/SC";"Crescente";"Choque";0;0;1;0;0;0;0;0;0;0;1;0;0;0;0
"09/10/2024";"15:50:02";"85";"Com vítima";"257,000";"BR-101/SC";"Decrescente";"Choque";1;0;0;0;0;0;0;0;0;0;0;2;0;0;0
"09/10/2024";"18:00:16";"97";"Sem vítima";"380,000";"BR-101/SC";"Decrescente";"Colisão traseira";2;0;0;0;0;0;0;0;0;0;1;0;0;0;0