data;horario;n_da_ocorrencia;tipo_de_ocorrencia;km;trecho;sentido;tipo_de_acidente;automovel;bicicleta;caminhao;moto;onibus;outros;tracao_animal;transporte_de_cargas_especiais;trator_maquinas;utilitarios;ilesos;levemente_feridos;moderadamente_feridos;gravemente_feridos;mortos
"09/10/2024";"23:56:01";"117";"Sem vítima";"339,000";"BR-101/SC";"Crescente";"Saída de pista";1;0;0;0;0;0;0;0;0;0;1;0;0;0;0
"10/10/2024";"00:35:12";"3";"Sem vítima";"399,000";"BR-101/SC";"Crescente";"Queda de moto";0;0;0;1;0;0;0;0;0;0;1;0;0;0;0
"10/10/2024";"07:05:32";"19";"Sem vítima";"323,000";"BR-101/SC";"Decrescente";"Saída de pista";1;0;0;0;0;0;0;0;0;0;1;0;0;0;0
"10/10/2024";"08:48:45";"43";"Sem vítima";"337,000";"BR-101/SC";"Crescente";"Saída de pista";1;0;0;0;0;0;0;0;0;0;1;0;0;0;0
"10/10/2024";"10:11:06";"49";"Sem vítima";"326,000";"BR-101/SC";"Decrescente";"Colisão lateral no mesmo sentido";1;0;1;0;0;0;0;0;0;0;2;0;0;0;0
"10/10/2024";"10:43:04";"52";"Sem vítima";"442,200";"BR-101/SC";"Decrescente";"Colisão lateral no mesmo sentido";1;0;1;0;0;0;0;0;0;0;3;0;0;0;0
"10/10/2024";"13:28:53";"71";"Sem vítima";"306,000";"BR-101/SC";"Decrescente";"Colisão lateral no mesmo sentido";1;0;1;0;0;0;0;0;0;0;2;0;0;0;0
"10/10/2024";"15:44:07";"81";"Sem vítima";"376,050";"BR-101/SC";"Decrescente";"Saída de pista";1;0;0;0;0;0;0;0;0;0;2;0;0;0;0
"10/10/2024";"19:04:30";"101";"Sem vítima";"280,400";"BR-101/SC";"Crescente";"Saída de pista";0;0;1;0;0;0;0;0;0;0;1;0;0;0;0
"10/10/2024";"19:17:24";"102";"Com vítima";"245,000";"BR-101/SC";"Crescente";"Colisão lateral no mesmo sentido";1;0;0;0;0;0;0;0;0;0;0;1;0;1;0
"11/10/2024";"02:36:59";"8";"Sem vítima";"351,000";"BR-101/SC";"Decrescente";"Colisão traseira";1;0;1;0;0;0;0;0;0;0;4;0;0;0;0
"11/10/2024";"03:41:51";"14";"Sem vítima";"405,800";"BR-101/SC";"Decrescente";"Tombamento";0;0;1;0;0;0;0;0;0;0;1;0;0;0;0
"11/10/2024";"12:12:25";"63";"Sem vítima";"406,000";"BR-101/SC";"Decrescente";"Colisão traseira";1;0;1;0;0;0;0;0;0;0;2;0;0;0;0
"11/10/2024";"20:20:27";"113";"Sem vítima";"354,000";"BR-101/SC";"Decrescente";"Saída de pista";1;0;0;0;0;0;0;0;0;0;2;0;0;0;0
"11/10/2024";"20:53:49";"117";"Sem vítima";"362,000";"BR-101/SC";"Crescente";"Choque";1;0;0;0;0;0;0;0;0;0;1;0;0;0;0
"11/10/2024";"21:53:04";"121";"Sem vítima";"390,000";"BR-101/SC";"Decrescente";"Saída de pista";1;0;0;0;0;0;0;0;0;0;2;0;0;0;0
"12/10/2024";"02:02:12";"11";"Com vítima";"328,000";"BR-101/SC";"Decrescente";"Choque";1;0;0;0;0;0;0;0;0;0;0;0;1;0;0
"12/10/2024";"05:57:09";"18";"Sem vítima";"331,000";"BR-101/SC";"Crescente";"Saída de pista";0;0;1;0;0;0;0;0;0;0;1;0;0;0;0
"12/10/2024";"10:42:21";"56";"Sem vítima";"354,000";"BR-101/SC";"Decrescente";"Colisão traseira";1;0;1;0;0;0;0;0;0;0;3;0;0;0;0
"12/10/2024";"10:52:21";"58";"Sem vítima";"442,000";"BR-101/SC";"Decrescente";"Choque";1;0;0;0;0;0;0;0;0;0;4;0;0;0;0
"12/10/2024";"12:53:32";"75";"Com vítima";"376,000";"BR-101/SC";"Decrescente";"Colisão traseira";1;0;1;0;0;0;0;0;0;0;1;3;0;0;0
"12/10/2024";"16:34:13";"86";"Sem vítima";"403,000";"BR-101/SC";"Decrescente";"Saída de pista";1;0;0;0;0;0;0;0;0;0;2;0;0;0;0
"12/10/2024";"16:47:36";"88";"Sem vítima";"334,000";"BR-101/SC";"Decrescente";"Colisão lateral no mesmo sentido";0;0;1;0;0;0;0;0;0;0;1;0;0;0;0
"12/10/2024";"16:53:43";"90";"Sem vítima";"374,000";"BR-101/SC";"Decrescente";"Saída de pista";1;0;0;0;0;0;0;0;0;0;2;0;0;0;0
"12/10/2024";"20:12:49";"108";"Com vítima";"324,000";"BR-101/SC";"Crescente";"Colisão traseira";0;0;0;1;0;0;0;0;0;0;0;1;1;0;0
"12/10/2024";"22:47:36";"115";"Com vítima";"345,000";"BR-101/SC";"Decrescente";"Colisão lateral no mesmo sentido";1;0;0;1;0;0;0;0;0;0;1;0;0;1;0
"12/10/2024";"22:57:09";"116";"Sem vítima";"334,000";"BR-101/SC";"Crescente";"Choque";1;0;0;0;0;0;0;0;0;0;1;0;0;0;0
"13/10/2024";"17:17:10";"76";"Com vítima";"407,000";"BR-101/SC";"Decrescente";"Saída de pista";2;0;0;0;0;0;0;0;0;0;2;1;0;0;0
"13/10/2024";"23:41:20";"98";"Sem vítima";"441,000";"BR-101/SC";"Crescente";"Colisão traseira";2;0;0;0;0;0;0;0;0;0;3;0;0;0;0
"14/10/2024";"15:14:46";"120";"Com vítima";"292,700";"BR-101/SC";"Decrescente";"Colisão lateral no mesmo sentido";1;0;0;1;0;0;0;0;0;0;1;1;0;0;0
"14/10/2024";"16:40:25";"127";"Com vítima";"295,000";"BR-101/SC";"Crescente";"Saída de pista";0;0;0;1;0;0;0;0;0;0;0;0;1;0;0
"14/10/2024";"20:58:26";"150";"Sem vítima";"289,000";"BR-101/SC";"Decrescente";"Choque";1;0;0;0;0;0;0;0;0;0;1;0;0;0;0
"15/10/2024";"10:33:20";"100";"Com vítima";"308,000";"BR-101/SC";"Crescente";"Engavetamento";4;0;0;0;0;0;0;0;0;0;8;0;1;0;0
"15/10/2024";"19:02:54";"150";"Com vítima";"432,500";"BR-101/SC";"Crescente";"Colisão traseira";2;0;0;0;0;0;0;0;0;0;1;1;0;0;0
"15/10/2024";"19:45:22";"157";"Sem vítima";"357,000";"BR-101/SC";"Decrescente";"Choque";1;0;0;0;0;0;0;0;0;0;1;0;0;0;0
"15/10/2024";"22:25:38";"166";"Com vítima";"280,000";"BR-101/SC";"Crescente";"Colisão transversal";1;0;0;1;0;0;0;0;0;0;1;1;0;0;0
"16/10/2024";"00:11:44";"4";"Sem vítima";"387,000";"BR-101/SC";"Decrescente";"Acidentes de outra natureza";1;0;0;0;0;0;0;0;0;0;1;0;0;0;0
"16/10/2024";"11:25:19";"111";"Sem vítima";"323,000";"BR-101/SC";"Crescente";"Colisão traseira";1;0;1;0;0;0;0;0;0;0;2;0;0;0;0
"16/10/2024";"18:35:40";"147";"Sem vítima";"381,000";"BR-101/SC";"Crescente";"Colisão traseira";2;0;1;0;0;0;0;0;0;0;2;0;0;0;0
"17/10/2024";"04:34:47";"17";"Sem vítima";"453,000";"BR-101/SC";"Crescente";"Colisão traseira";0;0;2;0;0;0;0;0;0;0;2;0;0;0;0
"17/10/2024";"11:26:40";"93";"Sem vítima";"333,000";"BR-101/SC";"Crescente";"Colisão traseira";0;0;2;0;0;0;0;0;0;0;2;0;0;0;0
"17/10/2024";"15:13:40";"110";"Com vítima";"341,000";"BR-101/SC";"Crescente";"Queda de moto";0;0;0;1;0;0;0;0;0;0;0;0;1;0;0
"17/10/2024";"18:18:25";"121";"Com vítima";"290,900";"BR-101/SC";"Crescente";"Queda de moto";0;0;0;1;0;0;0;0;0;0;0;1;1;0;0
"17/10/2024";"20:01:57";"127";"Com vítima";"368,000";"BR-101/SC";"Decrescente";"Capotamento";1;0;0;0;0;0;0;0;0;0;2;0;0;1;0
"18/10/2024";"00:17:13";"1";"Com vítima";"320,000";"BR-101/SC";"Decrescente";"Queda de moto";0;0;0;1;0;0;0;0;0;0;0;0;2;0;0
"18/10/2024";"15:17:12";"124";"Com vítima";"384,000";"BR-101/SC";"Decrescente";"Saída de pista";0;0;1;0;0;0;0;0;0;0;0;1;0;0;0
"18/10/2024";"16:48:16";"135";"Sem vítima";"444,000";"BR-101/SC";"Decrescente";"Colisão traseira";2;0;0;0;0;0;0;0;0;0;2;0;0;0;0
"18/10/2024";"20:05:40";"154";"Com vítima";"367,000";"BR-101/SC";"Crescente";"Colisão traseira";0;0;2;0;0;0;0;0;0;0;1;1;0;0;0
"19/10/2024";"01:08:40";"7";"Sem vítima";"405,000";"BR-101/SC";"Decrescente";"Colisão traseira";2;0;0;0;0;0;0;0;0;0;5;0;0;0;0
"19/10/2024";"02:13:57";"12";"Com vítima";"435,000";"BR-101/SC";"Crescente";"Capotamento";2;0;0;0;0;0;0;0;0;0;1;0;1;0;0
"19/10/2024";"02:48:20";"13";"Sem vítima";"367,000";"BR-101/SC";"Crescente";"Saída de pista";1;0;0;0;0;0;0;0;0;0;4;0;0;0;0
"19/10/2024";"04:13:32";"16";"Sem vítima";"393,000";"BR-101/SC";"Crescente";"Saída de pista";1;0;0;0;0;0;0;0;0;0;2;0;0;0;0
"19/10/2024";"14:03:05";"78";"Sem vítima";"368,000";"BR-101/SC";"Crescente";"Choque";1;0;0;0;0;0;0;0;0;0;1;0;0;0;0
"19/10/2024";"18:08:26";"104";"Sem vítima";"451,000";"BR-101/SC";"Decrescente";"Choque";1;0;0;0;0;0;0;0;0;0;1;0;0;0;0
"19/10/2024";"19:20:01";"107";"Sem vítima";"448,000";"BR-101/SC";"Crescente";"Saída de pista";1;0;0;0;0;0;0;0;0;0;2;0;0;0;0
"20/10/2024";"03:03:47";"10";"Sem vítima";"388,000";"BR-101/SC";"Decrescente";"Saída de pista";1;0;0;0;0;0;0;0;0;0;3;0;0;0;0
"20/10/2024";"03:53:20";"11";"Com vítima";"316,000";"BR-101/SC";"Decrescente";"Choque";1;0;0;1;0;0;0;0;0;0;1;2;0;0;1
"20/10/2024";"05:48:51";"14";"Sem vítima";"355,000";"BR-101/SC";"Crescente";"Choque";1;0;0;0;0;0;0;0;0;0;3;0;0;0;0
"20/10/2024";"15:14:50";"80";"Sem vítima";"331,000";"BR-101/SC";"Crescente";"Colisão lateral no mesmo sentido";2;0;0;0;0;0;0;0;0;0;4;0;0;0;0
"20/10/2024";"15:27:28";"82";"Com vítima";"458,000";"BR-101/SC";"Decrescente";"Colisão traseira";1;0;0;1;0;0;0;0;0;0;5;0;1;0;0
"20/10/2024";"20:53:48";"114";"Com vítima";"273,500";"BR-101/SC";"Crescente";"Acidentes de outra natureza";1;0;0;0;0;0;0;0;0;0;4;0;0;0;1
"21/10/2024";"01:03:51";"1";"Sem vítima";"300,000";"BR-101/SC";"Decrescente";"Choque";1;0;0;0;0;0;0;0;0;0;3;0;0;0;0
"21/10/2024";"06:17:57";"11";"Sem vítima";"349,000";"BR-101/SC";"Decrescente";"Capotamento";1;0;0;0;0;0;0;0;0;0;1;0;0;0;0
"21/10/2024";"07:51:45";"39";"Sem vítima";"256,000";"BR-101/SC";"Decrescente";"Saída de pista";1;0;0;0;0;0;0;0;0;0;2;0;0;0;0
"22/10/2024";"05:19:45";"14";"Sem vítima";"310,000";"BR-101/SC";"Crescente";"Colisão traseira";1;0;2;0;0;0;0;0;0;0;5;0;0;0;0
"22/10/2024";"05:47:13";"16";"Sem vítima";"390,000";"BR-101/SC";"Decrescente";"Queda de carga";0;0;1;0;0;0;0;0;0;0;1;0;0;0;0
"22/10/2024";"06:44:33";"28";"Sem vítima";"351,000";"BR-101/SC";"Decrescente";"Colisão traseira";2;0;0;0;0;0;0;0;0;0;12;0;0;0;0
"22/10/2024";"12:41:03";"89";"Com vítima";"329,000";"BR-101/SC";"Crescente";"Colisão traseira";2;0;0;0;0;0;0;0;0;0;2;1;0;0;0
"23/10/2024";"02:28:43";"6";"Sem vítima";"350,000";"BR-101/SC";"Crescente";"Colisão traseira";2;0;0;0;0;0;0;0;0;0;5;0;0;0;0
"23/10/2024";"09:42:37";"76";"Com vítima";"338,000";"BR-101/SC";"Decrescente";"Saída de pista";0;0;0;1;0;0;0;0;0;0;0;0;1;0;0
"23/10/2024";"10:51:56";"96";"Sem vítima";"405,000";"BR-101/SC";"Decrescente";"Colisão traseira";1;0;1;0;0;0;0;0;0;0;4;0;0;0;0
"23/10/2024";"10:57:19";"98";"Com vítima";"374,000";"BR-101/SC";"Crescente";"Saída de pista";1;0;0;0;0;0;0;0;0;0;0;2;0;0;0
"23/10/2024";"17:52:55";"146";"Sem vítima";"445,000";"BR-101/SC";"Crescente";"Choque";1;0;0;0;0;0;0;0;0;0;1;0;0;0;0
"24/10/2024";"00:08:09";"1";"Com vítima";"419,000";"BR-101/SC";"Decrescente";"Atropelamento de pedestre";1;0;0;0;0;0;0;0;0;0;1;0;0;0;1
"24/10/2024";"11:14:27";"81";"Com vítima";"330,000";"BR-101/SC";"Crescente";"Colisão traseira";1;0;1;0;0;0;0;0;0;0;1;1;0;0;0
"24/10/2024";"16:57:14";"130";"Com vítima";"275,000";"BR-101/SC";"Crescente";"Queda de moto";0;0;0;1;0;0;0;0;0;0;0;0;0;1;0
"24/10/2024";"20:12:41";"148";"Com vítima";"282,000";"BR-101/SC";"Crescente";"Colisão lateral no mesmo sentido";0;0;1;1;0;0;0;0;0;0;1;2;0;0;0
"24/10/2024";"20:58:06";"154";"Com vítima";"417,600";"BR-101/SC";"Decrescente";"Choque";0;0;0;0;0;0;0;0;0;0;0;0;0;0;1
"25/10/2024";"01:19:53";"8";"Sem vítima";"374,000";"BR-101/SC";"Crescente";"Saída de pista";0;0;1;0;0;0;0;0;0;0;1;0;0;0;0
"25/10/2024";"13:48:21";"106";"Com vítima";"275,500";"BR-101/SC";"Crescente";"Choque";1;0;0;0;0;0;0;0;0;0;0;0;1;0;0
"25/10/2024";"14:59:03";"109";"Sem vítima";"355,000";"BR-101/SC";"Decrescente";"Saída de pista";1;0;0;0;0;0;0;0;0;0;2;0;0;0;0
"25/10/2024";"15:40:33";"111";"Sem vítima";"251,000";"BR-101/SC";"Decrescente";"Colisão traseira";2;0;0;0;0;0;0;0;0;0;6;0;0;0;0
"25/10/2024";"23:37:06";"149";"Com vítima";"350,000";"BR-101/SC";"Decrescente";"Saída de pista";1;0;0;0;0;0;0;0;0;0;0;1;0;0;0
"26/10/2024";"04:03:44";"15";"Sem vítima";"353,000";"BR-101/SC";"Decrescente";"Saída de pista";1;0;0;0;0;0;0;0;0;0;1;0;0;0;0
"26/10/2024";"05:47:59";"19";"Com vítima";"369,300";"BR-101/SC";"Decrescente";"Saída de pista";0;0;1;0;0;0;0;0;0;0;0;0;1;0;0
"26/10/2024";"13:50:54";"91";"Com vítima";"337,000";"BR-101/SC";"Decrescente";"Colisão lateral no mesmo sentido";0;0;0;1;0;0;0;0;0;0;0;1;0;0;0
"26/10/2024";"22:59:41";"134";"Sem vítima";"325,000";"BR-101/SC";"Crescente";"Acidentes de outra natureza";1;0;0;0;0;0;0;0;0;0;2;0;0;0;0
"27/10/2024";"01:35:50";"4";"Com vítima";"328,000";"BR-101/SC";"Decrescente";"Saída de pista";1;0;0;0;0;0;0;0;0;0;0;1;2;0;0
"27/10/2024";"15:18:18";"54";"Sem vítima";"464,000";"BR-101/SC";"Decrescente";"Choque";0;0;1;0;0;0;0;0;0;0;1;0;0;0;0
"27/10/2024";"16:16:48";"60";"Sem vítima";"433,000";"BR-101/SC";"Crescente";"Colisão traseira";1;0;0;1;0;0;0;0;0;0;3;0;0;0;0
"27/10/2024";"19:11:49";"74";"Com vítima";"404,000";"BR-101/SC";"Crescente";"Colisão traseira";2;0;0;0;0;0;0;0;0;0;7;1;0;0;0
"27/10/2024";"21:12:22";"82";"Com vítima";"420,000";"BR-101/SC";"Decrescente";"Colisão frontal";2;0;0;0;0;0;0;0;0;0;1;3;1;0;0
"27/10/2024";"22:50:16";"92";"Sem vítima";"272,000";"BR-101/SC";"Decrescente";"Colisão lateral no mesmo sentido";1;0;1;0;0;0;0;0;0;0;2;0;0;0;0
"28/10/2024";"15:28:13";"124";"Com vítima";"381,000";"BR-101/SC";"Decrescente";"Saída de pista";1;0;0;0;0;0;0;0;0;0;0;1;0;0;0
"28/10/2024";"18:21:56";"138";"Sem vítima";"346,000";"BR-101/SC";"Decrescente";"Colisão traseira";1;0;1;0;0;0;0;0;0;0;3;0;0;0;0
"29/10/2024";"14:49:32";"141";"Com vítima";"420,000";"BR-101/SC";"Crescente";"Colisão lateral no mesmo sentido";2;0;1;0;0;0;0;0;0;0;5;1;0;0;0
"29/10/2024";"15:14:31";"146";"Sem vítima";"316,000";"BR-101/SC";"Crescente";"Colisão lateral no mesmo sentido";1;0;0;0;0;0;0;0;0;0;1;0;0;0;0
"29/10/2024";"15:24:10";"149";"Sem vítima";"344,000";"BR-101/SC";"Crescente";"Engavetamento";2;0;1;0;0;0;0;0;0;0;3;0;0;0;0
"29/10/2024";"15:48:47";"150";"Com vítima";"331,000";"BR-101/SC";"Decrescente";"Choque";1;0;0;0;0;0;0;0;0;0;0;1;1;0;0
"30/10/2024";"04:53:23";"7";"Sem vítima";"282,000";"BR-101/SC";"Decrescente";"Colisão traseira";1;0;0;0;0;0;0;0;0;0;1;0;0;0;0
"30/10/2024";"08:55:48";"62";"Sem vítima";"334,080";"BR-101/SC";"Decrescente";"Colisão lateral no mesmo sentido";0;0;0;1;0;0;0;0;0;0;1;0;0;0;0
"30/10/2024";"10:46:51";"77";"Sem vítima";"289,000";"BR-101/SC";"Crescente";"Saída de pista";1;0;0;0;0;0;0;0;0;0;1;0;0;0;0
"30/10/2024";"20:26:10";"114";"Sem vítima";"272,000";"BR-101/SC";"Crescente";"Tombamento";0;0;1;0;0;0;0;0;0;0;1;0;0;0;0
"31/10/2024";"11:23:24";"87";"Com vítima";"443,000";"BR-101/SC";"Crescente";"Colisão traseira";2;0;0;0;0;0;0;0;0;0;2;1;0;0;0
"31/10/2024";"17:24:43";"134";"Com vítima";"277,000";"BR-101/SC";"Crescente";"Queda de moto";0;0;0;1;0;0;0;0;0;0;0;0;1;0;0
"31/10/2024";"17:27:28";"135";"Sem vítima";"313,000";"BR-101/SC";"Crescente";"Colisão traseira";1;0;1;0;0;0;0;0;0;0;2;0;0;0;0
"01/11/2024";"01:56:25";"9";"Com vítima";"372,000";"BR-101/SC";"Decrescente";"Capotamento";1;0;0;0;0;0;0;0;0;0;0;1;3;0;0
"01/11/2024";"02:18:07";"13";"Sem vítima";"407,000";"BR-101/SC";"Decrescente";"Choque";1;0;0;0;0;0;0;0;0;0;1;0;0;0;0
"01/11/2024";"03:23:18";"16";"Sem vítima";"346,600";"BR-101/SC";"Decrescente";"Saída de pista";1;0;0;0;0;0;0;0;0;0;1;0;0;0;0
"01/11/2024";"19:29:32";"192";"Com vítima";"443,000";"BR-101/SC";"Decrescente";"Choque";1;1;0;0;0;0;0;0;0;0;2;0;0;0;0
"01/11/2024";"19:31:18";"193";"Sem vítima";"342,000";"BR-101/SC";"Decrescente";"Choque";0;0;0;0;1;0;0;0;0;0;5;0;0;0;0
"01/11/2024";"22:44:01";"218";"Sem vítima";"443,000";"BR-101/SC";"Crescente";"Saída de pista";1;0;0;0;0;0;0;0;0;0;1;0;0;0;0
"02/11/2024";"16:14:46";"96";"Sem vítima";"375,000";"BR-101/SC";"Crescente";"Saída de pista";1;0;0;0;0;0;0;0;0;0;1;0;0;0;0
"02/11/2024";"23:07:29";"150";"Sem vítima";"350,000";"BR-101/SC";"Crescente";"Choque";1;0;0;0;0;0;0;0;0;0;1;0;0;0;0
"02/11/2024";"23:53:57";"152";"Com vítima";"273,200";"BR-101/SC";"Crescente";"Saída de pista";1;0;0;0;0;0;0;0;0;0;0;0;2;0;0
"03/11/2024";"19:57:30";"90";"Sem vítima";"447,000";"BR-101/SC";"Crescente";"Colisão traseira";1;0;0;0;0;0;0;0;0;0;1;0;0;0;0
"03/11/2024";"21:54:26";"99";"Com vítima";"334,000";"BR-101/SC";"Decrescente";"Colisão lateral no mesmo sentido";1;0;0;1;0;0;0;0;0;0;2;1;0;0;0
"03/11/2024";"23:07:49";"104";"Sem vítima";"388,000";"BR-101/SC";"Crescente";"Choque";1;0;0;0;0;0;0;0;0;0;5;0;0;0;0
"04/11/2024";"01:32:33";"9";"Sem vítima";"430,000";"BR-101/SC";"Decrescente";"Colisão lateral no mesmo sentido";1;0;0;0;1;0;0;0;0;0;57;0;0;0;0
"04/11/2024";"05:10:56";"14";"Com vítima";"253,000";"BR-101/SC";"Decrescente";"Choque";2;0;0;0;0;0;0;0;0;0;0;1;1;1;0
"04/11/2024";"05:27:46";"15";"Sem vítima";"385,000";"BR-101/SC";"Crescente";"Capotamento";1;0;0;0;0;0;0;0;0;0;1;0;0;0;0
"04/11/2024";"20:25:58";"135";"Sem vítima";"441,000";"BR-101/SC";"Decrescente";"Saída de pista";0;0;0;1;0;0;0;0;0;0;1;0;0;0;0
"05/11/2024";"00:06:51";"1";"Sem vítima";"259,500";"BR-101/SC";"Decrescente";"Saída de pista";1;0;0;0;0;0;0;0;0;0;2;0;0;0;0
"06/11/2024";"02:40:26";"11";"Sem vítima";"382,600";"BR-101/SC";"Decrescente";"Saída de pista";1;0;0;0;0;0;0;0;0;0;1;0;0;0;0
"06/11/2024";"08:54:50";"80";"Sem vítima";"320,000";"BR-101/SC";"Decrescente";"Colisão lateral no mesmo sentido";1;0;1;0;0;0;0;0;0;0;3;0;0;0;0
"06/11/2024";"14:23:44";"121";"Com vítima";"420,000";"BR-101/SC";"Crescente";"Saída de pista";1;0;0;0;0;0;0;0;0;0;0;1;0;0;0
"06/11/2024";"18:42:28";"149";"Sem vítima";"334,000";"BR-101/SC";"Crescente";"Acidentes de outra natureza";1;0;0;0;0;0;0;0;0;0;1;0;0;0;0
"06/11/2024";"21:00:01";"158";"Sem vítima";"452,000";"BR-101/SC";"Decrescente";"Saída de pista";1;0;0;0;0;0;0;0;0;0;1;0;0;0;0
"07/11/2024";"05:48:19";"19";"Sem vítima";"366,000";"BR-101/SC";"Crescente";"Colisão lateral no mesmo sentido";0;0;1;0;0;0;0;0;0;0;1;0;0;0;0
"07/11/2024";"11:22:51";"90";"Sem vítima";"326,000";"BR-101/SC";"Decrescente";"Engavetamento";2;0;1;0;0;0;0;0;0;0;4;0;0;0;0
"07/11/2024";"11:53:19";"93";"Sem vítima";"336,000";"BR-101/SC";"Crescente";"Saída de pista";0;0;1;0;0;0;0;0;0;0;1;0;0;0;0
"07/11/2024";"21:13:45";"148";"Com vítima";"344,000";"BR-101/SC";"Decrescente";"Capotamento";1;0;0;0;0;0;0;0;0;0;2;1;0;0;0
"08/11/2024";"02:24:48";"8";"Sem vítima";"328,000";"BR-101/SC";"Decrescente";"Choque";1;0;0;0;0;0;0;0;0;0;2;0;0;0;0
"08/11/2024";"19:29:30";"155";"Com vítima";"399,000";"BR-101/SC";"Decrescente";"Choque";0;0;0;1;0;0;0;0;0;0;0;0;1;0;0
"09/11/2024";"03:18:44";"8";"Com vítima";"412,000";"BR-101/SC";"Decrescente";"Capotamento";1;0;0;0;0;0;0;0;0;0;2;0;0;1;0
"09/11/2024";"05:11:28";"14";"Sem vítima";"359,000";"BR-101/SC";"Crescente";"Saída de pista";1;0;0;0;0;0;0;0;0;0;3;0;0;0;0
"09/11/2024";"05:29:35";"15";"Sem vítima";"311,000";"BR-101/SC";"Decrescente";"Capotamento";1;0;0;0;0;0;0;0;0;0;1;0;0;0;0
"09/11/2024";"07:12:13";"42";"Sem vítima";"261,000";"BR-101/SC";"Decrescente";"Saída de pista";1;0;0;0;0;0;0;0;0;0;1;0;0;0;0
"09/11/2024";"10:36:58";"78";"Sem vítima";"352,000";"BR-101/SC";"Decrescente";"Saída de pista";0;0;1;0;0;0;0;0;0;0;3;0;0;0;0
"09/11/2024";"17:07:44";"115";"Com vítima";"368,000";"BR-101/SC";"Decrescente";"Colisão lateral no mesmo sentido";1;0;0;1;0;0;0;0;0;0;3;1;0;0;0
"10/11/2024";"04:49:33";"31";"Sem vítima";"287,000";"BR-101/SC";"Crescente";"Choque";1;0;0;0;0;0;0;0;0;0;1;0;0;0;0
"10/11/2024";"14:20:21";"87";"Sem vítima";"282,200";"BR-101/SC";"Decrescente";"Colisão lateral no mesmo sentido";1;0;0;1;0;0;0;0;0;0;4;0;0;0;0
"10/11/2024";"20:24:58";"121";"Sem vítima";"404,000";"BR-101/SC";"Decrescente";"Saída de pista";1;0;0;0;0;0;0;0;0;0;3;0;0;0;0
"10/11/2024";"20:56:48";"124";"Sem vítima";"309,000";"BR-101/SC";"Decrescente";"Saída de pista";1;0;0;0;0;0;0;0;0;0;2;0;0;0;0
"10/11/2024";"21:39:11";"131";"Sem vítima";"270,000";"BR-101/SC";"Decrescente";"Saída de pista";1;0;0;0;0;0;0;0;0;0;1;0;0;0;0
"11/11/2024";"06:17:44";"41";"Com vítima";"421,000";"BR-101/SC";"Decrescente";"Choque";0;0;0;1;0;0;0;0;0;0;0;0;0;0;1
"11/11/2024";"07:18:30";"68";"Sem vítima";"403,000";"BR-101/SC";"Decrescente";"Colisão lateral no mesmo sentido";1;0;1;0;0;0;0;0;0;0;2;0;0;0;0
"11/11/2024";"15:34:30";"169";"Sem vítima";"452,000";"BR-101/SC";"Crescente";"Saída de pista";1;0;0;0;0;0;0;0;0;0;1;0;0;0;0
"11/11/2024";"19:35:44";"199";"Com vítima";"271,000";"BR-101/SC";"Crescente";"Choque";1;0;1;1;0;0;0;0;0;0;3;0;1;0;0
"11/11/2024";"22:49:41";"217";"Sem vítima";"424,800";"BR-101/SC";"Decrescente";"Colisão transversal";1;0;1;0;0;0;0;0;0;0;2;0;0;0;0
"12/11/2024";"08:13:26";"70";"Sem vítima";"275,000";"BR-101/SC";"Crescente";"Colisão lateral no mesmo sentido";2;0;0;0;0;0;0;0;0;0;3;0;0;0;0
"12/11/2024";"11:55:36";"101";"Sem vítima";"443,000";"BR-101/SC";"Decrescente";"Saída de pista";1;0;0;0;0;0;0;0;0;0;1;0;0;0;0
"12/11/2024";"14:33:04";"113";"Sem vítima";"334,000";"BR-101/SC";"Decrescente";"Colisão traseira";1;0;1;0;0;0;0;0;0;0;4;0;0;0;0
"12/11/2024";"18:48:57";"133";"Com vítima";"340,000";"BR-101/SC";"Crescente";"Colisão traseira";3;0;0;0;0;0;0;0;0;0;5;0;1;0;0
"12/11/2024";"18:54:32";"134";"Sem vítima";"370,000";"BR-101/SC";"Crescente";"Colisão lateral no mesmo sentido";1;0;0;0;0;0;0;0;0;0;1;0;0;0;0
"12/11/2024";"23:15:31";"147";"Com vítima";"332,000";"BR-101/SC";"Decrescente";"Colisão traseira";2;0;1;0;0;0;0;0;0;0;3;0;1;0;0
"13/11/2024";"10:50:08";"89";"Sem vítima";"380,000";"BR-101/SC";"Crescente";"Colisão traseira";1;0;2;0;0;0;0;0;0;0;4;0;0;0;0