data;horario;n_da_ocorrencia;tipo_de_ocorrencia;km;trecho;sentido;tipo_de_acidente;automovel;bicicleta;caminhao;moto;onibus;outros;tracao_animal;transporte_de_cargas_especiais;trator_maquinas;utilitarios;ilesos;levemente_feridos;moderadamente_feridos;gravemente_feridos;mortos
"13/11/2024";"12:42:48";"101";"Com vítima";"349,000";"BR-101/SC";"Crescente";"Choque";1;0;0;0;0;0;0;0;0;0;0;2;0;0;0
"13/11/2024";"15:32:39";"123";"Sem vítima";"317,000";"BR-101/SC";"Crescente";"Colisão lateral no mesmo sentido";1;0;1;0;0;0;0;0;0;0;3;0;0;0;0
"13/11/2024";"17:02:27";"127";"Com vítima";"341,000";"BR-101/SC";"Crescente";"Queda de moto";0;0;0;1;0;0;0;0;0;0;0;2;0;0;0
"13/11/2024";"17:04:06";"128";"Sem vítima";"330,000";"BR-101/SC";"Decrescente";"Colisão traseira";2;0;0;0;0;0;0;0;0;0;4;0;0;0;0
"14/11/2024";"04:10:10";"9";"Sem vítima";"344,000";"BR-101/SC";"Decrescente";"Saída de pista";1;0;0;0;0;0;0;0;0;0;1;0;0;0;0
"14/11/2024";"06:53:01";"35";"Sem vítima";"282,000";"BR-101/SC";"Crescente";"Colisão lateral no mesmo sentido";2;0;0;0;0;0;0;0;0;0;2;0;0;0;0
"14/11/2024";"08:04:26";"54";"Com vítima";"331,540";"BR-101/SC";"Decrescente";"Colisão lateral no mesmo sentido";1;0;0;1;0;0;0;0;0;0;1;1;0;0;0
"14/11/2024";"12:43:26";"96";"Sem vítima";"330,000";"BR-101/SC";"Decrescente";"Engavetamento";3;0;0;0;0;0;0;0;0;0;6;0;0;0;0
"14/11/2024";"17:30:14";"133";"Sem vítima";"338,000";"BR-101/SC";"Decrescente";"Colisão traseira";2;0;0;0;0;0;0;0;0;0;7;0;0;0;0
"14/11/2024";"19:43:08";"144";"Sem vítima";"402,000";"BR-101/SC";"Decrescente";"Atropelamento de animal";1;0;0;0;0;0;0;0;0;0;3;0;0;0;0
"14/11/2024";"22:14:46";"159";"Sem vítima";"417,000";"BR-101/SC";"Crescente";"Choque";1;0;0;0;0;0;0;0;0;0;1;0;0;0;0
"15/11/2024";"03:31:12";"10";"Com vítima";"371,000";"BR-101/SC";"Crescente";"Saída de pista";1;0;0;0;0;0;0;0;0;0;1;3;0;0;0
"15/11/2024";"06:59:57";"26";"Com vítima";"375,500";"BR-101/SC";"Crescente";"Capotamento";1;0;0;0;0;0;0;0;0;0;1;2;0;0;0
"15/11/2024";"07:31:51";"36";"Sem vítima";"353,300";"BR-101/SC";"Crescente";"Colisão lateral no mesmo sentido";1;0;1;0;0;0;0;0;0;0;5;0;0;0;0
"15/11/2024";"09:00:22";"53";"Sem vítima";"354,000";"BR-101/SC";"Crescente";"Saída de pista";1;0;0;0;0;0;0;0;0;0;3;0;0;0;0
"15/11/2024";"09:20:38";"58";"Sem vítima";"344,000";"BR-101/SC";"Decrescente";"Colisão traseira";1;0;1;0;0;0;0;0;0;0;2;0;0;0;0
"15/11/2024";"10:12:21";"64";"Com vítima";"375,000";"BR-101/SC";"Decrescente";"Saída de pista";1;0;0;0;0;0;0;0;0;0;1;1;0;0;0
"15/11/2024";"11:14:33";"73";"Com vítima";"359,000";"BR-101/SC";"Decrescente";"Queda de moto";0;0;0;1;0;0;0;0;0;0;0;2;0;0;0
"15/11/2024";"11:54:17";"77";"Sem vítima";"362,000";"BR-101/SC";"Decrescente";"Engavetamento";3;0;0;0;0;0;0;0;0;0;7;0;0;0;0
"15/11/2024";"12:22:57";"81";"Sem vítima";"404,600";"BR-101/SC";"Decrescente";"Colisão lateral no mesmo sentido";1;0;1;0;0;0;0;0;0;0;3;0;0;0;0
"15/11/2024";"19:28:34";"116";"Sem vítima";"272,000";"BR-101/SC";"Decrescente";"Colisão traseira";2;0;0;0;0;0;0;0;0;0;4;0;0;0;0
"16/11/2024";"02:23:33";"6";"Sem vítima";"417,000";"BR-101/SC";"Crescente";"Saída de pista";1;0;0;0;0;0;0;0;0;0;2;0;0;0;0
"16/11/2024";"04:30:27";"8";"Sem vítima";"429,000";"BR-101/SC";"Crescente";"Saída de pista";1;0;0;0;0;0;0;0;0;0;1;0;0;0;0
"16/11/2024";"05:20:31";"11";"Com vítima";"283,000";"BR-101/SC";"Crescente";"Colisão traseira";1;0;0;0;0;0;0;0;0;0;1;0;1;0;0
"16/11/2024";"07:19:56";"25";"Com vítima";"389,180";"BR-101/SC";"Crescente";"Tombamento";1;0;0;0;0;0;0;0;0;0;0;1;0;0;0
"16/11/2024";"11:38:08";"39";"Sem vítima";"383,000";"BR-101/SC";"Decrescente";"Colisão lateral no mesmo sentido";1;0;1;0;0;0;0;0;0;0;2;0;0;0;0
"16/11/2024";"20:53:32";"72";"Sem vítima";"251,000";"BR-101/SC";"Decrescente";"Atropelamento de animal";1;0;0;0;0;0;0;0;0;0;1;0;0;0;0
"17/11/2024";"05:04:07";"10";"Sem vítima";"368,000";"BR-101/SC";"Crescente";"Saída de pista";1;0;0;0;0;0;0;0;0;0;2;0;0;0;0
"17/11/2024";"05:13:59";"12";"Sem vítima";"353,000";"BR-101/SC";"Crescente";"Saída de pista";1;0;0;0;0;0;0;0;0;0;1;0;0;0;0
"17/11/2024";"09:25:41";"26";"Sem vítima";"413,000";"BR-101/SC";"Decrescente";"Saída de pista";1;0;0;0;0;0;0;0;0;0;1;0;0;0;0
"17/11/2024";"11:22:55";"46";"Sem vítima";"335,000";"BR-101/SC";"Crescente";"Colisão traseira";2;0;0;0;0;0;0;0;0;0;2;0;0;0;0
"17/11/2024";"12:27:50";"52";"Sem vítima";"336,000";"BR-101/SC";"Crescente";"Colisão lateral no mesmo sentido";1;0;0;1;0;0;0;0;0;0;2;0;0;0;0
"17/11/2024";"16:27:34";"83";"Sem vítima";"313,000";"BR-101/SC";"Decrescente";"Engavetamento";3;0;0;0;0;0;0;0;0;0;6;0;0;0;0
"17/11/2024";"17:50:36";"90";"Sem vítima";"405,000";"BR-101/SC";"Decrescente";"Saída de pista";1;0;0;0;0;0;0;0;0;0;1;0;0;0;0
"17/11/2024";"18:43:20";"104";"Sem vítima";"282,000";"BR-101/SC";"Crescente";"Colisão traseira";1;0;0;0;0;0;0;0;0;0;2;0;0;0;0
"17/11/2024";"19:37:18";"112";"Sem vítima";"361,700";"BR-101/SC";"Decrescente";"Colisão traseira";1;0;0;0;0;0;0;0;0;0;1;0;0;0;0
"18/11/2024";"00:10:17";"1";"Com vítima";"378,000";"BR-101/SC";"Decrescente";"Saída de pista";1;0;0;0;0;0;0;0;0;0;0;0;0;3;0
"18/11/2024";"01:39:57";"6";"Sem vítima";"333,000";"BR-101/SC";"Decrescente";"Saída de pista";1;0;0;0;0;0;0;0;0;0;1;0;0;0;0
"18/11/2024";"17:48:26";"116";"Sem vítima";"457,000";"BR-101/SC";"Decrescente";"Colisão traseira";2;0;0;0;0;0;0;0;0;0;3;0;0;0;0
"19/11/2024";"04:55:36";"11";"Sem vítima";"257,300";"BR-101/SC";"Decrescente";"Saída de pista";1;0;0;0;0;0;0;0;0;0;1;0;0;0;0
"19/11/2024";"14:37:34";"98";"Sem vítima";"312,000";"BR-101/SC";"Crescente";"Colisão traseira";2;0;0;0;0;0;0;0;0;0;4;0;0;0;0
"19/11/2024";"16:29:16";"109";"Com vítima";"280,000";"BR-101/SC";"Crescente";"Saída de pista";1;0;0;0;0;0;0;0;0;0;0;1;0;0;0
"19/11/2024";"18:29:12";"117";"Sem vítima";"361,000";"BR-101/SC";"Crescente";"Choque";1;0;0;0;0;0;0;0;0;0;2;0;0;0;0
"19/11/2024";"18:32:31";"118";"Com vítima";"331,000";"BR-101/SC";"Decrescente";"Colisão lateral no mesmo sentido";2;0;0;0;0;0;0;0;0;0;1;1;0;0;0
"19/11/2024";"21:07:40";"129";"Sem vítima";"336,000";"BR-101/SC";"Crescente";"Colisão traseira";3;0;0;0;0;0;0;0;0;0;4;0;0;0;0
"19/11/2024";"23:42:03";"135";"Sem vítima";"339,000";"BR-101/SC";"Decrescente";"Saída de pista";1;0;0;0;0;0;0;0;0;0;2;0;0;0;0
"20/11/2024";"08:56:59";"17";"Sem vítima";"337,000";"BR-101/SC";"Crescente";"Choque";1;0;0;0;0;0;0;0;0;0;1;0;0;0;0
"20/11/2024";"11:14:34";"26";"Sem vítima";"380,000";"BR-101/SC";"Decrescente";"Choque";1;0;0;0;0;0;0;0;0;0;1;0;0;0;0
"20/11/2024";"12:05:40";"30";"Sem vítima";"258,200";"BR-101/SC";"Crescente";"Choque";1;0;0;0;0;0;0;0;0;0;1;0;0;0;0
"20/11/2024";"19:02:12";"49";"Sem vítima";"401,900";"BR-101/SC";"Decrescente";"Colisão traseira";1;0;0;0;0;0;0;0;0;0;2;0;0;0;0
"20/11/2024";"22:50:31";"68";"Sem vítima";"345,000";"BR-101/SC";"Decrescente";"Atropelamento de animal";1;0;0;0;0;0;0;0;0;0;1;0;0;0;0
"21/11/2024";"14:38:50";"97";"Sem vítima";"292,000";"BR-101/SC";"Crescente";"Saída de pista";1;0;0;0;0;0;0;0;0;0;2;0;0;0;0
"21/11/2024";"15:03:04";"99";"Sem vítima";"389,000";"BR-101/SC";"Crescente";"Colisão frontal";2;0;0;0;0;0;0;0;0;0;3;0;0;0;0
"22/11/2024";"00:53:06";"5";"Com vítima";"280,500";"BR-101/SC";"Decrescente";"Colisão traseira";0;0;2;0;0;0;0;0;0;0;1;1;0;0;0
"22/11/2024";"01:48:39";"7";"Sem vítima";"343,000";"BR-101/SC";"Crescente";"Saída de pista";1;0;0;0;0;0;0;0;0;0;5;0;0;0;0
"22/11/2024";"06:07:05";"12";"Com vítima";"312,000";"BR-101/SC";"Decrescente";"Capotamento";1;0;0;0;0;0;0;0;0;0;0;1;0;0;0
"22/11/2024";"10:11:43";"63";"Sem vítima";"290,000";"BR-101/SC";"Crescente";"Colisão lateral no mesmo sentido";0;0;2;0;0;0;0;0;0;0;2;0;0;0;0
"22/11/2024";"10:18:18";"65";"Sem vítima";"297,000";"BR-101/SC";"Decrescente";"Acidentes de outra natureza";1;0;0;0;0;0;0;0;0;0;3;0;0;1;0
"22/11/2024";"11:18:00";"73";"Sem vítima";"273,000";"BR-101/SC";"Decrescente";"Engavetamento";3;0;0;0;0;0;0;0;0;0;3;0;0;0;0
"22/11/2024";"12:14:02";"77";"Com vítima";"390,000";"BR-101/SC";"Crescente";"Queda de moto";0;0;0;1;0;0;0;0;0;0;0;0;1;0;0
"22/11/2024";"12:37:29";"79";"Sem vítima";"388,000";"BR-101/SC";"Crescente";"Choque";1;0;0;0;0;0;0;0;0;0;1;0;0;0;0
"22/11/2024";"13:12:08";"83";"Sem vítima";"351,200";"BR-101/SC";"Crescente";"Colisão traseira";0;0;2;0;0;0;0;0;0;0;2;0;0;0;0
"22/11/2024";"13:36:26";"85";"Sem vítima";"344,000";"BR-101/SC";"Crescente";"Colisão traseira";1;0;1;0;0;0;0;0;0;0;5;0;0;0;0
"22/11/2024";"14:47:46";"86";"Sem vítima";"404,000";"BR-101/SC";"Decrescente";"Colisão traseira";1;0;0;0;0;0;0;0;0;0;1;0;0;0;0
"22/11/2024";"14:48:22";"87";"Sem vítima";"328,000";"BR-101/SC";"Decrescente";"Choque";1;0;0;0;0;0;0;0;0;0;1;0;0;0;0
"22/11/2024";"16:52:49";"100";"Sem vítima";"328,000";"BR-101/SC";"Crescente";"Saída de pista";1;0;0;0;0;0;0;0;0;0;1;0;0;0;0
"22/11/2024";"17:42:42";"104";"Com vítima";"417,000";"BR-101/SC";"Decrescente";"Colisão traseira";2;0;0;0;0;0;0;0;0;0;1;1;1;0;0
"22/11/2024";"19:03:52";"110";"Sem vítima";"340,000";"BR-101/SC";"Decrescente";"Saída de pista";1;0;0;0;0;0;0;0;0;0;1;0;0;0;0
"22/11/2024";"20:30:05";"122";"Com vítima";"376,000";"BR-101/SC";"Decrescente";"Colisão lateral no mesmo sentido";1;0;1;0;0;0;0;0;0;0;4;0;1;0;0
"22/11/2024";"22:37:30";"125";"Sem vítima";"277,000";"BR-101/SC";"Decrescente";"Colisão frontal";1;0;0;1;0;0;0;0;0;0;2;0;0;0;0
"23/11/2024";"05:43:12";"13";"Sem vítima";"269,000";"BR-101/SC";"Decrescente";"Saída de pista";0;0;1;0;0;0;0;0;0;0;1;0;0;0;0
"23/11/2024";"22:10:21";"109";"Com vítima";"333,400";"BR-101/SC";"Decrescente";"Acidentes de outra natureza";1;0;1;0;0;0;0;0;0;0;3;1;0;0;0
"24/11/2024";"12:09:04";"74";"Sem vítima";"423,000";"BR-101/SC";"Decrescente";"Queda de moto";0;0;0;1;0;0;0;0;0;0;2;0;0;0;0
"24/11/2024";"14:56:27";"84";"Com vítima";"427,000";"BR-101/SC";"Decrescente";"Colisão frontal";1;0;0;1;0;0;0;0;0;0;1;0;2;0;0
"24/11/2024";"16:33:30";"87";"Com vítima";"357,000";"BR-101/SC";"Decrescente";"Colisão traseira";2;0;0;0;0;0;0;0;0;0;3;0;1;0;0
"24/11/2024";"19:40:51";"108";"Sem vítima";"463,100";"BR-101/SC";"Crescente";"Capotamento";1;0;0;0;0;0;0;0;0;0;4;0;0;0;0
"24/11/2024";"20:09:18";"114";"Sem vítima";"403,000";"BR-101/SC";"Decrescente";"Saída de pista";1;0;0;0;0;0;0;0;0;0;2;0;0;0;0
"25/11/2024";"01:14:05";"8";"Sem vítima";"328,000";"BR-101/SC";"Decrescente";"Atropelamento de animal";1;0;0;0;0;0;0;0;0;0;1;0;0;0;0
"25/11/2024";"02:00:42";"15";"Sem vítima";"437,000";"BR-101/SC";"Decrescente";"Choque";2;0;0;0;0;0;0;0;0;0;2;0;0;0;0
"25/11/2024";"04:54:36";"20";"Sem vítima";"253,600";"BR-101/SC";"Crescente";"Tombamento";0;0;1;0;0;0;0;0;0;0;1;0;0;0;0
"25/11/2024";"09:31:34";"86";"Sem vítima";"371,000";"BR-101/SC";"Decrescente";"Saída de pista";1;0;0;0;0;0;0;0;0;0;1;0;0;0;0
"25/11/2024";"10:58:54";"100";"Com vítima";"381,000";"BR-101/SC";"Crescente";"Colisão traseira";1;0;1;0;0;0;0;0;0;0;1;1;0;0;0
"25/11/2024";"13:14:28";"114";"Sem vítima";"457,000";"BR-101/SC";"Crescente";"Colisão traseira";2;0;0;0;0;0;0;0;0;0;6;0;0;0;0
"26/11/2024";"02:36:24";"36";"Sem vítima";"339,000";"BR-101/SC";"Decrescente";"Saída de pista";1;0;0;0;0;0;0;0;0;0;2;0;0;0;0
"26/11/2024";"09:35:09";"100";"Sem vítima";"336,000";"BR-101/SC";"Decrescente";"Colisão lateral no mesmo sentido";1;0;1;0;0;0;0;0;0;0;2;0;0;0;0
"27/11/2024";"01:10:17";"4";"Com vítima";"248,750";"BR-101/SC";"Crescente";"Colisão traseira";0;0;0;1;0;0;0;0;0;0;0;0;0;0;1
"27/11/2024";"10:06:00";"73";"Sem vítima";"406,200";"BR-101/SC";"Decrescente";"Engavetamento";3;0;0;0;0;0;0;0;0;0;10;0;0;0;0
"27/11/2024";"15:27:09";"108";"Com vítima";"440,000";"BR-101/SC";"Decrescente";"Colisão traseira";0;0;2;0;0;0;0;0;0;0;1;0;1;0;0
"27/11/2024";"17:04:54";"118";"Com vítima";"339,500";"BR-101/SC";"Crescente";"Tombamento";0;0;1;0;0;0;0;0;0;0;0;0;1;0;0
"27/11/2024";"17:44:54";"121";"Sem vítima";"339,000";"BR-101/SC";"Crescente";"Colisão lateral no mesmo sentido";1;0;1;0;0;0;0;0;0;0;2;0;0;0;0
"28/11/2024";"04:04:41";"19";"Sem vítima";"459,000";"BR-101/SC";"Decrescente";"Colisão lateral no mesmo sentido";0;0;1;0;0;0;0;0;0;0;1;0;0;0;0
"28/11/2024";"08:19:54";"73";"Sem vítima";"294,000";"BR-101/SC";"Crescente";"Choque";1;0;0;0;0;0;0;0;0;0;1;0;0;0;0
"28/11/2024";"15:17:04";"144";"Sem vítima";"405,000";"BR-101/SC";"Decrescente";"Saída de pista";0;0;1;0;0;0;0;0;0;0;5;0;0;0;0
"28/11/2024";"16:16:17";"147";"Sem vítima";"457,000";"BR-101/SC";"Decrescente";"Choque";1;0;1;0;0;0;0;0;0;0;3;0;0;0;0
"28/11/2024";"16:28:16";"149";"Sem vítima";"279,000";"BR-101/SC";"Decrescente";"Queda de moto";0;0;0;1;0;0;0;0;0;0;2;0;0;0;0
"28/11/2024";"19:41:44";"172";"Com vítima";"402,000";"BR-101/SC";"Decrescente";"Queda de moto";0;0;0;1;0;0;0;0;0;0;0;0;1;0;0
"29/11/2024";"01:11:39";"4";"Com vítima";"278,000";"BR-101/SC";"Crescente";"Queda de moto";1;0;1;1;0;0;0;0;0;0;3;0;0;1;1
"29/11/2024";"04:43:52";"8";"Sem vítima";"407,000";"BR-101/SC";"Decrescente";"Saída de pista";0;0;1;0;0;0;0;0;0;0;1;0;0;0;0
"29/11/2024";"09:41:57";"69";"Sem vítima";"337,400";"BR-101/SC";"Crescente";"Colisão lateral no mesmo sentido";2;0;0;0;0;0;0;0;0;0;4;0;0;0;0
"29/11/2024";"15:20:25";"112";"Com vítima";"276,000";"BR-101/SC";"Decrescente";"Colisão lateral no mesmo sentido";1;0;0;1;0;0;0;0;0;0;1;1;0;0;0
"29/11/2024";"16:23:41";"118";"Sem vítima";"330,000";"BR-101/SC";"Decrescente";"Colisão lateral no mesmo sentido";1;0;1;0;0;0;0;0;0;0;5;0;0;0;0
"29/11/2024";"17:01:31";"125";"Com vítima";"421,000";"BR-101/SC";"Decrescente";"Colisão frontal";2;0;0;0;0;0;0;0;0;0;3;1;0;0;0
"29/11/2024";"18:20:01";"134";"Sem vítima";"408,000";"BR-101/SC";"Decrescente";"Queda de moto";0;0;0;1;0;0;0;0;0;0;1;0;0;0;0
"30/11/2024";"07:49:28";"34";"Sem vítima";"377,390";"BR-101/SC";"Decrescente";"Capotamento";1;0;0;0;0;0;0;0;0;0;2;0;0;0;0
"30/11/2024";"07:50:29";"35";"Sem vítima";"419,000";"BR-101/SC";"Decrescente";"Colisão traseira";1;0;1;0;0;0;0;0;0;0;3;0;0;0;0
"30/11/2024";"09:18:45";"42";"Sem vítima";"279,000";"BR-101/SC";"Decrescente";"Tombamento";0;0;1;0;0;0;0;0;0;0;2;0;0;0;0
"30/11/2024";"11:17:07";"56";"Sem vítima";"283,000";"BR-101/SC";"Crescente";"Saída de pista";1;0;0;0;0;0;0;0;0;0;1;0;0;0;0
"30/11/2024";"15:19:17";"65";"Com vítima";"382,000";"BR-101/SC";"Crescente";"Choque";1;0;0;0;0;0;0;0;0;0;0;1;0;0;0
"30/11/2024";"18:11:08";"81";"Com vítima";"442,000";"BR-101/SC";"Crescente";"Capotamento";1;0;0;0;0;0;0;0;0;0;0;0;1;0;0
"30/11/2024";"18:39:38";"82";"Com vítima";"381,000";"BR-101/SC";"Decrescente";"Queda de moto";0;0;0;1;0;0;0;0;0;0;0;1;1;0;0
"30/11/2024";"19:24:23";"87";"Sem vítima";"381,000";"BR-101/SC";"Decrescente";"Colisão traseira";2;0;0;0;0;0;0;0;0;0;2;0;0;0;0
"01/12/2024";"13:35:59";"49";"Sem vítima";"292,000";"BR-101/SC";"Decrescente";"Colisão traseira";1;0;0;1;0;0;0;0;0;0;2;0;0;0;0
"01/12/2024";"15:46:08";"57";"Com vítima";"296,000";"BR-101/SC";"Crescente";"Colisão traseira";2;0;0;0;0;0;0;0;0;0;2;0;1;0;0
"01/12/2024";"16:33:23";"59";"Sem vítima";"397,000";"BR-101/SC";"Crescente";"Saída de pista";1;0;0;0;0;0;0;0;0;0;1;0;0;0;0
"01/12/2024";"17:12:47";"61";"Com vítima";"397,000";"BR-101/SC";"Decrescente";"Colisão traseira";0;0;0;1;0;0;0;0;0;0;0;1;1;0;0
"01/12/2024";"21:07:46";"90";"Sem vítima";"330,000";"BR-101/SC";"Crescente";"Queda de moto";0;0;0;1;0;0;0;0;0;0;2;0;0;0;0
"02/12/2024";"03:56:51";"7";"Sem vítima";"358,000";"BR-101/SC";"Crescente";"Saída de pista";1;0;0;0;0;0;0;0;0;0;3;0;0;0;0
"02/12/2024";"14:02:40";"84";"Sem vítima";"382,000";"BR-101/SC";"Decrescente";"Colisão traseira";1;0;1;0;0;0;0;0;0;0;2;0;0;0;0
"02/12/2024";"15:24:08";"90";"Sem vítima";"371,000";"BR-101/SC";"Crescente";"Saída de pista";1;0;0;0;0;0;0;0;0;0;1;0;0;0;0
"03/12/2024";"02:16:52";"5";"Com vítima";"248,000";"BR-101/SC";"Decrescente";"Saída de pista";1;0;0;0;0;0;0;0;0;0;0;2;0;0;0
"03/12/2024";"07:44:22";"38";"Com vítima";"337,500";"BR-101/SC";"Decrescente";"Queda de moto";0;0;0;1;0;0;0;0;0;0;0;1;0;0;0
"03/12/2024";"08:37:04";"64";"Sem vítima";"331,000";"BR-101/SC";"Crescente";"Colisão traseira";2;0;0;0;0;0;0;0;0;0;2;0;0;0;0
"03/12/2024";"09:37:29";"74";"Sem vítima";"285,000";"BR-101/SC";"Crescente";"Colisão lateral no mesmo sentido";1;0;0;0;0;0;0;0;0;0;1;0;0;0;0
"03/12/2024";"11:15:26";"88";"Sem vítima";"337,000";"BR-101/SC";"Decrescente";"Colisão traseira";1;0;0;1;0;0;0;0;0;0;2;0;0;0;0
"04/12/2024";"02:16:56";"12";"Com vítima";"377,800";"BR-101/SC";"Crescente";"Colisão lateral no mesmo sentido";2;0;0;0;0;0;0;0;0;0;1;1;0;0;0
"04/12/2024";"14:03:08";"118";"Com vítima";"280,000";"BR-101/SC";"Crescente";"Colisão traseira";1;0;1;0;0;0;0;0;0;0;1;3;0;0;0
"04/12/2024";"17:07:24";"144";"Sem vítima";"462,000";"BR-101/SC";"Decrescente";"Choque";1;0;0;0;0;0;0;0;0;0;2;0;0;0;0
"04/12/2024";"23:18:29";"165";"Sem vítima";"317,200";"BR-101/SC";"Crescente";"Tombamento";0;0;1;0;0;0;0;0;0;0;1;0;0;0;0
"05/12/2024";"07:49:02";"58";"Com vítima";"335,000";"BR-101/SC";"Decrescente";"Colisão lateral no mesmo sentido";1;0;0;1;0;0;0;0;0;0;1;1;0;0;0
"05/12/2024";"08:44:43";"75";"Sem vítima";"404,000";"BR-101/SC";"Crescente";"Colisão lateral no mesmo sentido";1;0;1;0;0;0;0;0;0;0;2;0;0;0;0
"05/12/2024";"10:19:57";"94";"Sem vítima";"360,000";"BR-101/SC";"Decrescente";"Tombamento";0;0;1;0;0;0;0;0;0;0;1;0;0;0;0
"05/12/2024";"14:51:37";"115";"Sem vítima";"383,000";"BR-101/SC";"Decrescente";"Colisão traseira";2;0;0;0;0;0;0;0;0;0;2;0;0;0;0
"05/12/2024";"15:21:26";"116";"Sem vítima";"382,600";"BR-101/SC";"Decrescente";"Colisão traseira";2;0;0;0;0;0;0;0;0;0;3;0;0;0;0
"05/12/2024";"15:26:52";"117";"Sem vítima";"327,000";"BR-101/SC";"Crescente";"Choque";2;0;1;0;0;0;0;0;0;0;4;0;0;0;0
"05/12/2024";"16:16:23";"120";"Sem vítima";"379,000";"BR-101/SC";"Crescente";"Saída de pista";1;0;0;0;0;0;0;0;0;0;4;0;0;0;0
"05/12/2024";"17:19:04";"131";"Sem vítima";"317,000";"BR-101/SC";"Crescente";"Colisão traseira";1;0;1;0;0;0;0;0;0;0;4;0;0;0;0
"05/12/2024";"17:44:11";"133";"Sem vítima";"317,000";"BR-101/SC";"Crescente";"Colisão traseira";2;0;0;0;0;0;0;0;0;0;3;0;0;0;0
"05/12/2024";"18:42:00";"142";"Sem vítima";"286,000";"BR-101/SC";"Crescente";"Choque";1;0;0;0;0;0;0;0;0;0;3;0;0;0;0
"06/12/2024";"03:15:29";"7";"Com vítima";"327,000";"BR-101/SC";"Crescente";"Queda de moto";0;0;0;1;0;0;0;0;0;0;0;1;0;0;0
"06/12/2024";"07:12:43";"36";"Sem vítima";"277,000";"BR-101/SC";"Crescente";"Saída de pista";1;0;0;1;0;0;0;0;0;0;2;0;0;0;0
"06/12/2024";"08:13:20";"57";"Com vítima";"414,000";"BR-101/SC";"Crescente";"Colisão traseira";1;0;1;0;0;0;0;0;0;0;1;0;1;0;0
"06/12/2024";"10:53:27";"89";"Sem vítima";"464,000";"BR-101/SC";"Decrescente";"Saída de pista";1;0;0;0;0;0;0;0;0;0;4;0;0;0;0
"06/12/2024";"12:23:26";"99";"Sem vítima";"311,000";"BR-101/SC";"Crescente";"Saída de pista";1;0;0;0;0;0;0;0;0;0;2;0;0;0;0
"07/12/2024";"07:21:25";"19";"Sem vítima";"264,000";"BR-101/SC";"Crescente";"Saída de pista";0;0;1;0;0;0;0;0;0;0;1;0;0;0;0
"07/12/2024";"12:26:24";"60";"Com vítima";"381,000";"BR-101/SC";"Crescente";"Colisão transversal";1;0;0;1;0;0;0;0;0;0;4;0;2;0;0
"07/12/2024";"14:55:15";"74";"Sem vítima";"457,000";"BR-101/SC";"Decrescente";"Colisão traseira";1;0;1;0;0;0;0;0;0;0;3;0;0;0;0
"07/12/2024";"20:16:56";"96";"Sem vítima";"344,000";"BR-101/SC";"Crescente";"Colisão traseira";1;0;1;0;0;0;0;0;0;0;4;0;0;0;0
"08/12/2024";"08:56:39";"40";"Sem vítima";"338,000";"BR-101/SC";"Decrescente";"Saída de pista";1;0;0;0;0;0;0;0;0;0;1;0;0;0;0
"08/12/2024";"10:08:40";"47";"Sem vítima";"307,000";"BR-101/SC";"Decrescente";"Saída de pista";1;0;0;0;0;0;0;0;0;0;2;0;0;0;0
"09/12/2024";"01:25:38";"6";"Com vítima";"442,000";"BR-101/SC";"Crescente";"Tombamento";0;0;1;0;0;0;0;0;0;0;0;0;1;0;0
"09/12/2024";"15:44:34";"122";"Sem vítima";"457,000";"BR-101/SC";"Crescente";"Saída de pista";1;0;0;0;0;0;0;0;0;0;1;0;0;0;0
"09/12/2024";"20:46:37";"142";"Com vítima";"297,000";"BR-101/SC";"Crescente";"Colisão frontal";2;0;0;0;0;0;0;0;0;0;0;0;2;1;1
"09/12/2024";"21:15:03";"146";"Sem vítima";"297,000";"BR-101/SC";"Crescente";"Engavetamento";5;0;1;0;0;0;0;0;0;0;15;0;0;0;0
"09/12/2024";"23:16:48";"152";"Com vítima";"416,000";"BR-101/SC";"Crescente";"Colisão frontal";1;0;0;1;0;0;0;0;0;0;2;1;0;0;0
"10/12/2024";"07:18:10";"20";"Com vítima";"361,000";"BR-101/SC";"Crescente";"Colisão frontal";1;0;0;1;0;0;0;0;0;0;1;0;1;0;0
"11/12/2024";"00:05:28";"2";"Com vítima";"354,000";"BR-101/SC";"Decrescente";"Colisão traseira";1;0;1;0;0;0;0;0;0;0;2;3;0;0;0