data;horario;n_da_ocorrencia;tipo_de_ocorrencia;km;trecho;sentido;tipo_de_acidente;automovel;bicicleta;caminhao;moto;onibus;outros;tracao_animal;transporte_de_cargas_especiais;trator_maquinas;utilitarios;ilesos;levemente_feridos;moderadamente_feridos;gravemente_feridos;mortos
"11/12/2024";"18:16:32";"121";"Sem vítima";"266,000";"BR-101/SC";"Crescente";"Colisão traseira";1;0;1;0;0;0;0;0;0;0;5;0;0;0;0
"11/12/2024";"21:15:17";"141";"Com vítima";"294,600";"BR-101/SC";"Crescente";"Colisão frontal";1;0;0;1;0;0;0;0;0;0;2;2;0;0;0
"11/12/2024";"22:59:55";"147";"Sem vítima";"412,200";"BR-101/SC";"Crescente";"Colisão traseira";1;0;0;0;0;0;0;0;0;0;2;0;0;0;0
"12/12/2024";"05:21:23";"15";"Sem vítima";"357,600";"BR-101/SC";"Crescente";"Saída de pista";1;0;0;0;0;0;0;0;0;0;1;0;0;0;0
"12/12/2024";"06:06:11";"17";"Sem vítima";"463,000";"BR-101/SC";"Crescente";"Saída de pista";1;0;0;0;0;0;0;0;0;0;2;0;0;0;0
"12/12/2024";"06:26:34";"25";"Sem vítima";"377,000";"BR-101/SC";"Crescente";"Saída de pista";1;0;0;0;0;0;0;0;0;0;1;0;0;0;0
"12/12/2024";"07:32:59";"52";"Com vítima";"360,000";"BR-101/SC";"Decrescente";"Colisão frontal";1;0;0;1;0;0;0;0;0;0;1;1;0;0;0
"12/12/2024";"13:21:22";"95";"Com vítima";"334,000";"BR-101/SC";"Crescente";"Queda de moto";0;0;0;1;0;0;0;0;0;0;0;0;1;0;0
"12/12/2024";"16:51:11";"117";"Com vítima";"462,000";"BR-101/SC";"Decrescente";"Acidentes de outra natureza";1;0;0;0;0;0;0;0;0;0;1;1;0;0;0
"12/12/2024";"23:19:32";"140";"Sem vítima";"349,000";"BR-101/SC";"Decrescente";"Tombamento";0;0;1;0;0;0;0;0;0;0;1;0;0;0;0
"13/12/2024";"08:34:07";"75";"Com vítima";"451,000";"BR-101/SC";"Crescente";"Colisão lateral no mesmo sentido";1;0;1;0;0;0;0;0;0;0;3;2;0;0;0
"13/12/2024";"14:50:18";"139";"Com vítima";"350,000";"BR-101/SC";"Crescente";"Colisão lateral no mesmo sentido";0;0;1;1;0;0;0;0;0;0;1;1;0;0;0
"13/12/2024";"21:48:20";"181";"Com vítima";"427,350";"BR-101/SC";"Decrescente";"Queda de moto";0;0;0;1;0;0;0;0;0;0;1;0;1;0;0
"13/12/2024";"22:39:23";"188";"Sem vítima";"382,000";"BR-101/SC";"Crescente";"Acidentes de outra natureza";1;0;0;0;0;0;0;0;0;0;1;0;0;1;0
"13/12/2024";"23:30:08";"192";"Com vítima";"434,000";"BR-101/SC";"Crescente";"Choque";1;0;0;0;0;0;0;0;0;0;0;0;1;0;0
"14/12/2024";"00:25:58";"3";"Sem vítima";"275,000";"BR-101/SC";"Decrescente";"Choque";1;0;0;0;0;0;0;0;0;0;2;0;0;0;0
"14/12/2024";"01:13:55";"4";"Com vítima";"389,000";"BR-101/SC";"Decrescente";"Capotamento";1;0;0;0;0;0;0;0;0;0;0;1;0;1;0
"14/12/2024";"07:53:27";"35";"Sem vítima";"350,000";"BR-101/SC";"Crescente";"Saída de pista";1;0;0;0;0;0;0;0;0;0;2;0;0;0;0
"14/12/2024";"07:57:21";"36";"Sem vítima";"331,000";"BR-101/SC";"Decrescente";"Choque";1;0;0;0;0;0;0;0;0;0;1;0;0;0;0
"14/12/2024";"08:16:04";"40";"Sem vítima";"361,000";"BR-101/SC";"Decrescente";"Colisão traseira";1;0;0;0;1;0;0;0;0;0;3;0;0;0;0
"14/12/2024";"23:30:47";"122";"Com vítima";"376,000";"BR-101/SC";"Crescente";"Capotamento";1;0;0;0;0;0;0;0;0;0;0;0;0;1;0
"15/12/2024";"06:56:31";"26";"Sem vítima";"332,600";"BR-101/SC";"Crescente";"Saída de pista";1;0;0;0;0;0;0;0;0;0;1;0;0;0;0
"15/12/2024";"15:24:19";"77";"Sem vítima";"323,000";"BR-101/SC";"Crescente";"Engavetamento";1;0;0;0;0;0;0;0;0;0;1;0;0;0;0
"15/12/2024";"21:05:21";"115";"Sem vítima";"364,000";"BR-101/SC";"Crescente";"Choque";1;0;0;0;0;0;0;0;0;0;1;0;0;0;0
"15/12/2024";"22:01:23";"123";"Sem vítima";"429,000";"BR-101/SC";"Decrescente";"Saída de pista";1;0;0;0;0;0;0;0;0;0;1;0;0;0;0
"16/12/2024";"03:25:59";"5";"Com vítima";"368,000";"BR-101/SC";"Decrescente";"Choque";1;0;0;0;0;0;0;0;0;0;4;0;1;0;0
"16/12/2024";"07:40:54";"43";"Com vítima";"305,400";"BR-101/SC";"Decrescente";"Saída de pista";1;0;0;0;0;0;0;0;0;0;2;1;0;0;0
"16/12/2024";"17:13:12";"104";"Com vítima";"274,000";"BR-101/SC";"Crescente";"Choque";0;0;1;0;0;0;0;0;0;0;0;1;0;0;0
"16/12/2024";"17:27:10";"107";"Sem vítima";"416,000";"BR-101/SC";"Decrescente";"Colisão traseira";1;0;0;0;0;0;0;0;0;0;1;0;0;0;0
"17/12/2024";"03:41:13";"6";"Sem vítima";"339,500";"BR-101/SC";"Crescente";"Queda de moto";0;0;0;1;0;0;0;0;0;0;1;0;0;0;0
"17/12/2024";"11:12:18";"81";"Com vítima";"372,950";"BR-101/SC";"Decrescente";"Choque";1;0;0;0;0;0;0;0;0;0;1;1;0;0;0
"17/12/2024";"13:19:36";"96";"Com vítima";"257,000";"BR-101/SC";"Crescente";"Queda de moto";0;0;0;1;0;0;0;0;0;0;1;1;0;0;0
"18/12/2024";"09:18:18";"79";"Sem vítima";"449,000";"BR-101/SC";"Decrescente";"Saída de pista";1;0;0;0;0;0;0;0;0;0;1;0;0;0;0
"18/12/2024";"12:21:04";"110";"Sem vítima";"446,000";"BR-101/SC";"Decrescente";"Choque";2;0;0;0;0;0;0;0;0;0;2;0;0;0;0
"18/12/2024";"15:57:33";"133";"Sem vítima";"327,000";"BR-101/SC";"Crescente";"Colisão traseira";1;0;0;0;0;0;0;0;0;0;1;0;0;0;0
"18/12/2024";"23:54:58";"166";"Sem vítima";"247,000";"BR-101/SC";"Crescente";"Colisão lateral no mesmo sentido";0;0;1;0;0;0;0;0;0;0;1;0;0;0;0
"19/12/2024";"03:59:15";"11";"Com vítima";"251,000";"BR-101/SC";"Crescente";"Choque";1;0;0;0;0;0;0;0;0;0;0;0;1;0;0
"19/12/2024";"06:22:50";"25";"Com vítima";"272,000";"BR-101/SC";"Crescente";"Capotamento";1;0;0;0;0;0;0;0;0;0;1;0;1;0;0
"19/12/2024";"08:12:01";"64";"Com vítima";"316,000";"BR-101/SC";"Crescente";"Queda de moto";0;0;0;1;0;0;0;0;0;0;0;1;0;0;0
"19/12/2024";"08:12:48";"65";"Com vítima";"333,000";"BR-101/SC";"Crescente";"Colisão lateral no mesmo sentido";0;1;0;0;0;0;0;0;0;0;0;0;0;0;0
"19/12/2024";"15:13:39";"125";"Sem vítima";"286,000";"BR-101/SC";"Decrescente";"Colisão lateral no mesmo sentido";0;0;1;0;0;0;0;0;0;0;1;0;0;0;0
"19/12/2024";"19:05:59";"155";"Com vítima";"400,000";"BR-101/SC";"Decrescente";"Choque";1;0;0;0;0;0;0;0;0;0;0;1;0;0;0
"19/12/2024";"20:08:03";"161";"Sem vítima";"345,000";"BR-101/SC";"Decrescente";"Saída de pista";1;0;0;0;0;0;0;0;0;0;1;0;0;0;0
"20/12/2024";"04:40:37";"8";"Sem vítima";"417,000";"BR-101/SC";"Crescente";"Saída de pista";1;0;0;0;0;0;0;0;0;0;1;0;0;0;0
"20/12/2024";"05:44:26";"14";"Com vítima";"401,000";"BR-101/SC";"Decrescente";"Colisão traseira";0;0;1;1;0;0;0;0;0;0;1;1;0;0;0
"20/12/2024";"06:31:28";"19";"Com vítima";"353,000";"BR-101/SC";"Crescente";"Colisão lateral no mesmo sentido";0;0;0;1;0;0;0;0;0;0;0;1;0;0;0
"20/12/2024";"08:18:21";"63";"Sem vítima";"310,000";"BR-101/SC";"Crescente";"Engavetamento";1;0;0;0;0;0;0;0;0;0;1;0;0;0;0
"20/12/2024";"09:55:03";"80";"Com vítima";"292,000";"BR-101/SC";"Crescente";"Colisão traseira";1;0;0;0;0;0;0;0;0;0;0;1;0;0;0
"20/12/2024";"11:00:49";"85";"Sem vítima";"346,000";"BR-101/SC";"Decrescente";"Colisão traseira";2;0;0;0;0;0;0;0;0;0;6;0;0;0;0
"20/12/2024";"11:04:22";"86";"Sem vítima";"281,000";"BR-101/SC";"Crescente";"Colisão traseira";1;0;0;0;0;0;0;0;0;0;1;0;0;0;0
"20/12/2024";"13:17:05";"95";"Sem vítima";"345,000";"BR-101/SC";"Crescente";"Colisão lateral no mesmo sentido";0;0;1;0;0;0;0;0;0;0;1;0;0;0;0
"20/12/2024";"14:26:34";"108";"Com vítima";"423,000";"BR-101/SC";"Crescente";"Colisão lateral no mesmo sentido";0;0;0;1;0;0;0;0;0;0;0;0;1;0;0
"20/12/2024";"16:40:12";"120";"Sem vítima";"272,000";"BR-101/SC";"Decrescente";"Choque";1;0;0;0;0;0;0;0;0;0;1;0;0;0;0
"20/12/2024";"21:39:20";"145";"Sem vítima";"404,000";"BR-101/SC";"Crescente";"Colisão lateral no mesmo sentido";1;0;0;0;0;0;0;0;0;0;1;0;0;0;0
"20/12/2024";"21:41:19";"146";"Sem vítima";"282,000";"BR-101/SC";"Decrescente";"Saída de pista";0;0;1;0;0;0;0;0;0;0;1;0;0;0;0
"20/12/2024";"22:33:09";"150";"Sem vítima";"344,000";"BR-101/SC";"Crescente";"Saída de pista";1;0;0;0;0;0;0;0;0;0;1;0;0;0;0
"20/12/2024";"23:42:50";"156";"Sem vítima";"295,000";"BR-101/SC";"Decrescente";"Colisão traseira";0;0;0;1;0;0;0;0;0;0;1;0;0;0;0
"21/12/2024";"00:59:25";"5";"Sem vítima";"359,000";"BR-101/SC";"Crescente";"Choque";1;0;0;0;0;0;0;0;0;0;2;0;0;0;0
"21/12/2024";"01:10:44";"6";"Sem vítima";"360,000";"BR-101/SC";"Decrescente";"Saída de pista";1;0;0;0;0;0;0;0;0;0;1;0;0;0;0
"21/12/2024";"07:54:51";"36";"Com vítima";"282,000";"BR-101/SC";"Crescente";"Acidentes de outra natureza";1;0;0;0;0;0;0;0;0;0;1;0;1;0;0
"21/12/2024";"09:26:49";"45";"Sem vítima";"458,000";"BR-101/SC";"Decrescente";"Colisão traseira";1;0;0;0;0;0;0;0;0;0;1;0;0;0;0
"21/12/2024";"09:58:50";"46";"Sem vítima";"298,000";"BR-101/SC";"Decrescente";"Colisão traseira";2;0;0;0;0;0;0;0;0;0;5;0;0;0;0
"21/12/2024";"10:10:50";"48";"Sem vítima";"337,000";"BR-101/SC";"Decrescente";"Colisão traseira";1;0;0;0;0;0;0;0;0;0;1;0;0;0;0
"21/12/2024";"11:45:56";"61";"Sem vítima";"406,000";"BR-101/SC";"Decrescente";"Saída de pista";0;0;1;0;0;0;0;0;0;0;1;0;0;0;0
"21/12/2024";"14:51:32";"80";"Sem vítima";"317,000";"BR-101/SC";"Crescente";"Colisão transversal";1;0;0;0;0;0;0;0;0;0;1;0;0;0;0
"21/12/2024";"16:04:03";"84";"Sem vítima";"379,000";"BR-101/SC";"Decrescente";"Colisão traseira";1;0;0;0;0;0;0;0;0;0;1;0;0;0;0
"22/12/2024";"01:41:16";"8";"Sem vítima";"464,000";"BR-101/SC";"Decrescente";"Saída de pista";1;0;0;0;0;0;0;0;0;0;1;0;0;0;0
"22/12/2024";"05:36:27";"18";"Sem vítima";"377,000";"BR-101/SC";"Decrescente";"Choque";1;0;0;0;0;0;0;0;0;0;1;0;0;0;0
"22/12/2024";"10:15:26";"45";"Sem vítima";"390,000";"BR-101/SC";"Decrescente";"Saída de pista";1;0;0;0;0;0;0;0;0;0;1;0;0;0;0
"22/12/2024";"11:18:55";"51";"Sem vítima";"451,000";"BR-101/SC";"Crescente";"Colisão traseira";1;0;0;0;0;0;0;0;0;0;1;0;0;0;0
"22/12/2024";"15:59:25";"79";"Sem vítima";"260,000";"BR-101/SC";"Crescente";"Saída de pista";1;0;0;0;0;0;0;0;0;0;1;0;0;0;0
"22/12/2024";"16:24:36";"82";"Sem vítima";"257,000";"BR-101/SC";"Crescente";"Saída de pista";1;0;0;0;0;0;0;0;0;0;1;0;0;0;0
"22/12/2024";"16:42:09";"85";"Sem vítima";"258,000";"BR-101/SC";"Decrescente";"Capotamento";1;0;0;0;0;0;0;0;0;0;1;0;0;0;0
"22/12/2024";"16:48:33";"86";"Com vítima";"264,000";"BR-101/SC";"Decrescente";"Choque";1;0;0;0;0;0;0;0;0;0;0;0;1;0;0
"23/12/2024";"10:42:26";"77";"Sem vítima";"298,000";"BR-101/SC";"Decrescente";"Colisão traseira";2;0;0;0;0;0;0;0;0;0;2;0;0;0;0
"23/12/2024";"22:05:24";"138";"Sem vítima";"282,000";"BR-101/SC";"Crescente";"Saída de pista";1;0;0;0;0;0;0;0;0;0;1;0;0;0;0
"23/12/2024";"22:35:58";"144";"Com vítima";"445,000";"BR-101/SC";"Crescente";"Colisão frontal";1;0;0;1;0;0;0;0;0;0;1;0;2;0;0
"24/12/2024";"11:49:21";"43";"Sem vítima";"398,000";"BR-101/SC";"Crescente";"Capotamento";1;0;0;0;0;0;0;0;0;0;1;0;0;0;0
"24/12/2024";"18:44:49";"62";"Sem vítima";"328,600";"BR-101/SC";"Crescente";"Choque";1;0;0;0;0;0;0;0;0;0;1;0;0;0;0
"24/12/2024";"21:27:36";"67";"Sem vítima";"255,000";"BR-101/SC";"Crescente";"Atropelamento de animal";1;0;0;0;0;0;0;0;0;0;1;0;0;0;0
"25/12/2024";"06:30:30";"9";"Com vítima";"276,000";"BR-101/SC";"Crescente";"Choque";0;0;0;1;0;0;0;0;0;0;0;0;1;0;0
"25/12/2024";"10:12:39";"22";"Sem vítima";"458,000";"BR-101/SC";"Decrescente";"Colisão traseira";0;0;1;0;0;0;0;0;0;0;1;0;0;0;0
"25/12/2024";"11:47:21";"35";"Sem vítima";"382,000";"BR-101/SC";"Crescente";"Saída de pista";1;0;0;0;0;0;0;0;0;0;1;0;0;0;0
"25/12/2024";"20:40:24";"74";"Sem vítima";"381,900";"BR-101/SC";"Decrescente";"Colisão traseira";1;0;0;0;0;0;0;0;0;0;1;0;0;0;0
"25/12/2024";"21:08:57";"77";"Com vítima";"416,200";"BR-101/SC";"Decrescente";"Colisão frontal";1;0;0;1;0;0;0;0;0;0;2;0;0;1;0
"26/12/2024";"02:03:00";"8";"Com vítima";"382,100";"BR-101/SC";"Decrescente";"Capotamento";1;0;0;0;0;0;0;0;0;0;0;2;0;1;0
"26/12/2024";"10:06:34";"73";"Sem vítima";"312,000";"BR-101/SC";"Decrescente";"Choque";1;0;0;0;0;0;0;0;0;0;1;0;0;0;0
"26/12/2024";"10:36:00";"75";"Sem vítima";"349,000";"BR-101/SC";"Crescente";"Choque";1;0;0;0;0;0;0;0;0;0;1;0;0;0;0
"26/12/2024";"11:36:00";"86";"Sem vítima";"457,000";"BR-101/SC";"Crescente";"Engavetamento";1;0;0;0;0;0;0;0;0;0;1;0;0;0;0
"26/12/2024";"11:47:34";"89";"Com vítima";"326,000";"BR-101/SC";"Crescente";"Colisão lateral no mesmo sentido";1;0;0;1;0;0;0;0;0;0;1;1;0;0;0
"26/12/2024";"11:50:38";"90";"Com vítima";"299,400";"BR-101/SC";"Decrescente";"Queda de carga";0;0;0;1;0;0;0;0;0;0;0;1;0;0;0
"26/12/2024";"15:19:59";"114";"Com vítima";"458,000";"BR-101/SC";"Decrescente";"Colisão traseira";2;0;0;0;0;0;0;0;0;0;5;1;0;0;0
"26/12/2024";"16:11:37";"120";"Sem vítima";"321,000";"BR-101/SC";"Decrescente";"Colisão traseira";1;0;0;0;0;0;0;0;0;0;1;0;0;0;0
"26/12/2024";"16:24:04";"122";"Sem vítima";"330,000";"BR-101/SC";"Decrescente";"Colisão traseira";1;0;0;0;0;0;0;0;0;0;1;0;0;0;0
"26/12/2024";"17:09:03";"127";"Sem vítima";"405,000";"BR-101/SC";"Decrescente";"Colisão lateral no mesmo sentido";1;0;0;0;0;0;0;0;0;0;1;0;0;0;0
"26/12/2024";"17:28:17";"129";"Com vítima";"332,000";"BR-101/SC";"Decrescente";"Engavetamento";3;0;0;1;0;0;0;0;0;0;3;1;0;0;0
"27/12/2024";"04:47:51";"23";"Sem vítima";"344,000";"BR-101/SC";"Decrescente";"Choque";1;0;0;0;0;0;0;0;0;0;2;0;0;0;0
"27/12/2024";"08:38:39";"74";"Com vítima";"246,000";"BR-101/SC";"Decrescente";"Tombamento";0;0;1;0;0;0;0;0;0;0;0;0;1;0;0
"27/12/2024";"11:07:48";"101";"Sem vítima";"298,000";"BR-101/SC";"Decrescente";"Colisão traseira";1;0;0;0;0;0;0;0;0;0;1;0;0;0;0
"27/12/2024";"11:14:03";"103";"Sem vítima";"315,000";"BR-101/SC";"Decrescente";"Engavetamento";2;0;0;0;0;0;0;0;0;0;2;0;0;0;0
"27/12/2024";"11:30:41";"107";"Sem vítima";"372,000";"BR-101/SC";"Crescente";"Tombamento";0;0;1;0;0;0;0;0;0;0;1;0;0;0;0
"27/12/2024";"11:58:03";"112";"Com vítima";"331,000";"BR-101/SC";"Decrescente";"Colisão traseira";2;0;0;0;0;0;0;0;0;0;4;1;0;0;0
"27/12/2024";"12:19:14";"115";"Sem vítima";"334,000";"BR-101/SC";"Decrescente";"Engavetamento";4;0;0;0;0;0;0;0;0;0;4;0;0;0;0
"27/12/2024";"14:43:29";"135";"Sem vítima";"311,000";"BR-101/SC";"Crescente";"Colisão traseira";1;0;0;0;0;0;0;0;0;0;1;0;0;0;0
"27/12/2024";"15:45:32";"144";"Sem vítima";"302,000";"BR-101/SC";"Decrescente";"Colisão traseira";1;0;0;0;0;0;0;0;0;0;3;0;0;0;0
"27/12/2024";"23:37:29";"184";"Com vítima";"272,000";"BR-101/SC";"Decrescente";"Atropelamento de animal";1;0;0;1;0;0;0;0;0;0;2;0;0;0;1
"28/12/2024";"01:40:14";"7";"Sem vítima";"377,000";"BR-101/SC";"Crescente";"Atropelamento de animal";1;0;0;0;0;0;0;0;0;0;1;0;0;0;0
"28/12/2024";"05:37:49";"27";"Sem vítima";"248,000";"BR-101/SC";"Crescente";"Colisão traseira";1;0;0;0;0;0;0;0;0;0;1;0;0;0;0
"28/12/2024";"07:19:16";"41";"Com vítima";"431,000";"BR-101/SC";"Decrescente";"Capotamento";1;0;0;0;0;0;0;0;0;0;1;1;0;0;0
"28/12/2024";"09:39:22";"62";"Sem vítima";"373,800";"BR-101/SC";"Decrescente";"Colisão traseira";1;0;0;0;0;0;0;0;0;0;1;0;0;0;0
"28/12/2024";"11:58:15";"79";"Com vítima";"320,000";"BR-101/SC";"Decrescente";"Colisão traseira";1;0;0;1;0;0;0;0;0;0;4;0;1;1;0
"29/12/2024";"02:48:38";"5";"Sem vítima";"293,000";"BR-101/SC";"Decrescente";"Choque";1;0;0;0;0;0;0;0;0;0;2;0;0;0;0
"29/12/2024";"10:51:41";"39";"Sem vítima";"250,000";"BR-101/SC";"Decrescente";"Colisão traseira";1;0;0;0;0;0;0;0;0;0;1;0;0;0;0
"29/12/2024";"13:44:23";"54";"Com vítima";"319,000";"BR-101/SC";"Decrescente";"Choque";1;0;0;0;0;0;0;0;0;0;0;1;0;0;0
"29/12/2024";"17:06:14";"69";"Sem vítima";"295,000";"BR-101/SC";"Decrescente";"Colisão lateral no mesmo sentido";1;0;0;0;0;0;0;0;0;0;1;0;0;0;0
"30/12/2024";"08:42:48";"25";"Com vítima";"358,000";"BR-101/SC";"Crescente";"Colisão lateral no mesmo sentido";2;0;0;0;0;0;0;0;0;0;2;0;1;0;0
"30/12/2024";"17:43:48";"84";"Sem vítima";"446,000";"BR-101/SC";"Decrescente";"Colisão lateral no mesmo sentido";2;0;0;0;0;0;0;0;0;0;6;0;0;0;0
"31/12/2024";"19:10:58";"102";"Sem vítima";"374,000";"BR-101/SC";"Decrescente";"Saída de pista";1;0;0;0;0;0;0;0;0;0;1;0;0;0;0
"01/01/2025";"03:27:47";"11";"Com vítima";"447,000";"BR-101/SC";"Decrescente";"Colisão traseira";1;0;0;1;0;0;0;0;0;0;2;1;1;0;0
"01/01/2025";"05:23:39";"19";"Sem vítima";"248,000";"BR-101/SC";"Crescente";"Colisão traseira";2;0;0;0;0;0;0;0;0;0;2;0;0;0;0
"01/01/2025";"08:42:10";"29";"Sem vítima";"270,000";"BR-101/SC";"Crescente";"Saída de pista";1;0;0;0;0;0;0;0;0;0;1;0;0;0;0
"01/01/2025";"09:50:40";"39";"Com vítima";"368,000";"BR-101/SC";"Decrescente";"Saída de pista";1;0;0;0;0;0;0;0;0;0;0;0;2;0;0
"01/01/2025";"10:11:30";"44";"Sem vítima";"324,000";"BR-101/SC";"Crescente";"Choque";1;0;1;0;0;0;0;0;0;0;2;0;0;0;0
"01/01/2025";"12:07:52";"54";"Sem vítima";"434,000";"BR-101/SC";"Crescente";"Colisão transversal";2;0;0;0;0;0;0;0;0;0;3;0;0;0;0
"01/01/2025";"16:10:54";"76";"Sem vítima";"371,000";"BR-101/SC";"Crescente";"Saída de pista";1;0;0;0;0;0;0;0;0;0;2;0;0;0;0
"01/01/2025";"16:52:06";"81";"Sem vítima";"405,000";"BR-101/SC";"Decrescente";"Colisão traseira";2;0;0;0;0;0;0;0;0;0;7;0;0;0;0
"01/01/2025";"20:26:51";"107";"Sem vítima";"327,000";"BR-101/SC";"Decrescente";"Colisão traseira";1;0;1;0;0;0;0;0;0;0;2;0;0;0;0
"01/01/2025";"21:33:03";"115";"Sem vítima";"464,000";"BR-101/SC";"Decrescente";"Saída de pista";1;0;0;0;0;0;0;0;0;0;2;0;0;0;0
"01/01/2025";"21:36:41";"116";"Sem vítima";"258,000";"BR-101/SC";"Crescente";"Colisão lateral no mesmo sentido";2;0;0;0;0;0;0;0;0;0;2;0;0;0;0
"02/01/2025";"09:31:01";"49";"Sem vítima";"456,200";"BR-101/SC";"Decrescente";"Colisão traseira";2;0;0;0;0;0;0;0;0;0;3;0;0;0;0
"02/01/2025";"09:57:08";"53";"Sem vítima";"457,000";"BR-101/SC";"Decrescente";"Choque";1;0;0;0;0;0;0;0;0;0;4;0;0;0;0
"02/01/2025";"10:02:42";"54";"Sem vítima";"327,000";"BR-101/SC";"Crescente";"Colisão traseira";1;0;0;0;0;0;0;0;0;0;2;0;0;0;0
"02/01/2025";"10:57:32";"65";"Sem vítima";"326,000";"BR-101/SC";"Crescente";"Engavetamento";3;0;0;0;0;0;0;0;0;0;8;0;0;0;0
"02/01/2025";"11:24:40";"68";"Sem vítima";"324,000";"BR-101/SC";"Crescente";"Colisão traseira";2;0;0;0;0;0;0;0;0;0;6;0;0;0;0
"02/01/2025";"12:46:13";"79";"Sem vítima";"457,000";"BR-101/SC";"Decrescente";"Colisão lateral no mesmo sentido";2;0;0;0;0;0;0;0;0;0;4;0;0;0;0
"02/01/2025";"14:08:15";"84";"Sem vítima";"329,000";"BR-101/SC";"Crescente";"Atropelamento de animal";1;0;0;0;0;0;0;0;0;0;5;0;0;0;0
"02/01/2025";"14:59:20";"93";"Com vítima";"350,000";"BR-101/SC";"Crescente";"Queda de moto";0;0;0;1;0;0;0;0;0;0;0;1;0;0;0
"02/01/2025";"15:56:44";"99";"Com vítima";"295,000";"BR-101/SC";"Crescente";"Colisão traseira";1;0;0;1;0;0;0;0;0;0;1;1;0;0;0
"02/01/2025";"16:47:04";"110";"Com vítima";"457,000";"BR-101/SC";"Crescente";"Queda de moto";0;0;0;1;0;0;0;0;0;0;1;0;1;0;0
"02/01/2025";"18:46:35";"123";"Sem vítima";"358,000";"BR-101/SC";"Crescente";"Capotamento";1;0;0;0;0;0;0;0;0;0;1;0;0;0;0
"03/01/2025";"04:27:43";"17";"Sem vítima";"411,000";"BR-101/SC";"Crescente";"Saída de pista";0;0;0;0;1;0;0;0;0;0;40;0;0;0;0
"03/01/2025";"04:41:38";"18";"Sem vítima";"349,000";"BR-101/SC";"Crescente";"Tombamento";0;0;1;0;0;0;0;0;0;0;2;0;0;0;0
"03/01/2025";"08:26:43";"48";"Com vítima";"333,000";"BR-101/SC";"Crescente";"Saída de pista";2;0;0;0;0;0;0;0;0;0;3;2;0;0;0
"03/01/2025";"09:59:56";"62";"Sem vítima";"336,000";"BR-101/SC";"Crescente";"Colisão traseira";1;0;0;0;0;0;0;0;0;0;4;0;0;0;0
"03/01/2025";"12:04:47";"77";"Sem vítima";"355,000";"BR-101/SC";"Decrescente";"Saída de pista";2;0;0;0;0;0;0;0;0;0;3;0;0;0;0
"03/01/2025";"14:10:26";"91";"Sem vítima";"299,000";"BR-101/SC";"Decrescente";"Colisão lateral no mesmo sentido";2;0;0;0;0;0;0;0;0;0;6;0;0;0;0
"03/01/2025";"14:56:44";"94";"Com vítima";"288,000";"BR-101/SC";"Decrescente";"Colisão transversal";1;0;0;1;0;0;0;0;0;0;1;2;0;0;0
"03/01/2025";"17:15:49";"103";"Sem vítima";"299,000";"BR-101/SC";"Decrescente";"Engavetamento";1;0;0;0;0;0;0;0;0;0;1;0;0;0;0
"03/01/2025";"22:45:46";"138";"Sem vítima";"316,000";"BR-101/SC";"Crescente";"Choque";2;0;0;0;0;0;0;0;0;0;2;0;0;0;0
"04/01/2025";"07:51:38";"21";"Sem vítima";"407,000";"BR-101/SC";"Decrescente";"Choque";1;0;0;0;0;0;0;0;0;0;3;0;0;0;0
"04/01/2025";"11:29:34";"52";"Sem vítima";"405,400";"BR-101/SC";"Decrescente";"Colisão traseira";2;0;0;0;0;0;0;0;0;0;6;0;0;0;0
"04/01/2025";"12:15:29";"54";"Sem vítima";"353,000";"BR-101/SC";"Crescente";"Capotamento";1;0;0;0;0;0;0;0;0;0;1;0;0;0;0
"04/01/2025";"12:58:01";"58";"Com vítima";"457,000";"BR-101/SC";"Decrescente";"Colisão traseira";1;0;0;1;0;0;0;0;0;0;2;0;1;0;0
"04/01/2025";"13:10:35";"129";"Sem vítima";"457,000";"BR-101/SC";"Crescente";"Colisão lateral no mesmo sentido";0;0;1;0;0;0;0;0;0;1;4;0;0;0;0
"04/01/2025";"17:43:01";"93";"Com vítima";"327,000";"BR-101/SC";"Crescente";"Colisão frontal";1;0;0;1;0;0;0;0;0;0;3;2;0;0;0
"04/01/2025";"20:34:20";"111";"Sem vítima";"393,000";"BR-101/SC";"Crescente";"Choque";1;0;0;0;0;0;0;0;0;0;1;0;0;0;0
"05/01/2025";"08:28:20";"26";"Sem vítima";"268,000";"BR-101/SC";"Crescente";"Saída de pista";1;0;0;0;0;0;0;0;0;0;4;0;0;0;0
"05/01/2025";"10:41:19";"42";"Sem vítima";"404,000";"BR-101/SC";"Crescente";"Engavetamento";3;0;0;0;0;0;0;0;0;0;8;0;0;0;0