data;horario;n_da_ocorrencia;tipo_de_ocorrencia;km;trecho;sentido;tipo_de_acidente;automovel;bicicleta;caminhao;moto;onibus;outros;tracao_animal;transporte_de_cargas_especiais;trator_maquinas;utilitarios;ilesos;levemente_feridos;moderadamente_feridos;gravemente_feridos;mortos
"05/01/2025";"11:08:51";"47";"Sem vítima";"439,000";"BR-101/SC";"Decrescente";"Colisão traseira";2;0;0;0;0;0;0;0;0;0;6;0;0;0;0
"05/01/2025";"16:13:32";"89";"Sem vítima";"343,000";"BR-101/SC";"Crescente";"Colisão traseira";2;0;0;0;0;0;0;0;0;0;5;0;0;0;0
"05/01/2025";"19:19:11";"105";"Com vítima";"282,000";"BR-101/SC";"Decrescente";"Capotamento";1;0;0;0;0;0;0;0;0;0;2;1;0;1;0
"06/01/2025";"08:54:26";"47";"Sem vítima";"383,000";"BR-101/SC";"Crescente";"Colisão traseira";1;0;1;0;0;0;0;0;0;0;4;0;0;0;0
"06/01/2025";"09:47:05";"59";"Sem vítima";"384,000";"BR-101/SC";"Crescente";"Colisão traseira";2;0;0;0;0;0;0;0;0;0;9;0;0;0;0
"06/01/2025";"10:16:03";"64";"Sem vítima";"383,000";"BR-101/SC";"Decrescente";"Colisão traseira";2;0;0;0;0;0;0;0;0;0;5;0;0;0;0
"06/01/2025";"10:40:57";"68";"Sem vítima";"299,000";"BR-101/SC";"Decrescente";"Colisão traseira";2;0;0;0;0;0;0;0;0;0;4;0;0;0;0
"06/01/2025";"12:10:28";"82";"Sem vítima";"384,000";"BR-101/SC";"Crescente";"Colisão lateral no mesmo sentido";1;0;0;0;0;0;0;0;0;0;4;0;0;0;0
"06/01/2025";"14:07:06";"93";"Sem vítima";"403,000";"BR-101/SC";"Crescente";"Colisão lateral no mesmo sentido";1;0;1;0;0;0;0;0;0;0;3;0;0;0;0
"06/01/2025";"14:25:51";"98";"Sem vítima";"382,000";"BR-101/SC";"Crescente";"Engavetamento";3;0;0;0;0;0;0;0;0;0;7;0;0;0;0
"06/01/2025";"16:12:08";"116";"Com vítima";"415,000";"BR-101/SC";"Decrescente";"Colisão traseira";1;0;0;1;0;0;0;0;0;0;2;0;1;0;0
"06/01/2025";"18:01:00";"131";"Com vítima";"376,000";"BR-101/SC";"Crescente";"Colisão traseira";1;0;1;0;0;0;0;0;0;0;1;1;0;0;0
"07/01/2025";"07:51:16";"35";"Com vítima";"280,000";"BR-101/SC";"Crescente";"Colisão traseira";2;0;0;0;0;0;0;0;0;0;3;0;1;0;0
"07/01/2025";"10:23:50";"70";"Com vítima";"349,000";"BR-101/SC";"Crescente";"Colisão lateral no mesmo sentido";2;0;0;0;0;0;0;0;0;0;3;1;0;0;0
"07/01/2025";"10:39:13";"72";"Sem vítima";"347,000";"BR-101/SC";"Crescente";"Colisão traseira";2;0;0;0;0;0;0;0;0;0;4;0;0;0;0
"07/01/2025";"10:50:40";"74";"Sem vítima";"323,000";"BR-101/SC";"Decrescente";"Engavetamento";3;0;0;0;0;0;0;0;0;0;7;0;0;0;0
"07/01/2025";"14:03:28";"96";"Sem vítima";"402,100";"BR-101/SC";"Decrescente";"Colisão lateral no mesmo sentido";1;0;1;0;0;0;0;0;0;0;3;0;0;0;0
"07/01/2025";"18:26:14";"119";"Sem vítima";"404,000";"BR-101/SC";"Crescente";"Colisão traseira";1;0;1;0;0;0;0;0;0;0;2;0;0;0;0
"08/01/2025";"23:40:13";"115";"Com vítima";"427,000";"BR-101/SC";"Decrescente";"Atropelamento de pedestre";0;0;1;0;0;0;0;0;0;0;1;0;0;0;1
"09/01/2025";"06:07:42";"33";"Sem vítima";"457,000";"BR-101/SC";"Crescente";"Colisão traseira";2;0;0;0;0;0;0;0;0;0;5;0;0;0;0
"09/01/2025";"09:19:33";"83";"Sem vítima";"338,000";"BR-101/SC";"Decrescente";"Capotamento";1;0;0;0;0;0;0;0;0;0;4;0;0;0;0
"09/01/2025";"19:43:38";"162";"Com vítima";"357,000";"BR-101/SC";"Crescente";"Queda de moto";0;0;0;1;0;0;0;0;0;0;0;1;0;0;0
"09/01/2025";"21:53:01";"165";"Sem vítima";"307,500";"BR-101/SC";"Decrescente";"Choque";1;0;0;0;0;0;0;0;0;0;2;0;0;0;0
"10/01/2025";"04:22:23";"10";"Sem vítima";"360,000";"BR-101/SC";"Crescente";"Saída de pista";1;0;0;0;0;0;0;0;0;0;1;0;0;0;0
"10/01/2025";"04:43:39";"12";"Sem vítima";"368,000";"BR-101/SC";"Crescente";"Atropelamento de animal";0;0;0;0;0;0;0;0;0;1;1;0;0;0;0
"10/01/2025";"08:03:37";"48";"Com vítima";"404,600";"BR-101/SC";"Decrescente";"Queda de moto";0;0;0;1;0;0;0;0;0;0;0;1;0;0;0
"10/01/2025";"11:04:21";"82";"Sem vítima";"405,000";"BR-101/SC";"Crescente";"Colisão lateral no mesmo sentido";1;0;1;0;0;0;0;0;0;0;6;0;0;0;0
"10/01/2025";"15:57:56";"113";"Sem vítima";"354,000";"BR-101/SC";"Decrescente";"Saída de pista";1;0;0;0;0;0;0;0;0;0;3;0;0;0;0
"10/01/2025";"16:05:44";"114";"Sem vítima";"457,000";"BR-101/SC";"Decrescente";"Colisão traseira";1;0;0;0;0;0;0;0;0;0;2;0;0;0;0
"10/01/2025";"17:28:55";"122";"Sem vítima";"417,000";"BR-101/SC";"Decrescente";"Colisão traseira";0;0;1;0;0;0;0;0;0;0;1;0;0;0;0
"11/01/2025";"05:15:56";"46";"Sem vítima";"344,000";"BR-101/SC";"Decrescente";"Choque";0;0;1;0;0;0;0;0;0;0;1;0;0;0;0
"11/01/2025";"08:19:19";"73";"Sem vítima";"405,000";"BR-101/SC";"Decrescente";"Colisão traseira";1;0;1;0;0;0;0;0;0;0;6;0;0;0;0
"11/01/2025";"19:37:28";"122";"Com vítima";"317,000";"BR-101/SC";"Decrescente";"Atropelamento de animal";3;0;0;0;0;0;0;0;0;0;5;0;1;0;0
"11/01/2025";"23:04:47";"130";"Sem vítima";"404,000";"BR-101/SC";"Decrescente";"Choque";1;0;0;0;0;0;0;0;0;0;1;0;0;0;0
"12/01/2025";"05:24:16";"18";"Sem vítima";"317,000";"BR-101/SC";"Decrescente";"Capotamento";1;0;0;0;0;0;0;0;0;0;2;0;0;0;0
"12/01/2025";"09:55:18";"40";"Sem vítima";"311,000";"BR-101/SC";"Decrescente";"Colisão traseira";2;0;0;0;0;0;0;0;0;0;4;0;0;0;0
"13/01/2025";"08:10:51";"44";"Com vítima";"321,000";"BR-101/SC";"Crescente";"Colisão traseira";1;0;0;1;0;0;0;0;0;0;3;1;0;0;0
"13/01/2025";"08:57:44";"58";"Sem vítima";"297,000";"BR-101/SC";"Decrescente";"Engavetamento";3;0;1;0;0;0;0;0;0;0;9;0;0;0;0
"13/01/2025";"10:42:27";"72";"Sem vítima";"288,000";"BR-101/SC";"Crescente";"Colisão traseira";1;0;0;0;0;0;0;0;0;0;1;0;0;0;0
"13/01/2025";"11:46:52";"79";"Sem vítima";"342,000";"BR-101/SC";"Crescente";"Colisão traseira";2;0;0;0;0;0;0;0;0;0;5;0;0;0;0
"13/01/2025";"13:05:17";"86";"Com vítima";"332,000";"BR-101/SC";"Crescente";"Choque";1;0;0;0;0;0;0;0;0;0;0;1;0;0;0
"13/01/2025";"16:06:44";"105";"Sem vítima";"344,000";"BR-101/SC";"Crescente";"Colisão lateral no mesmo sentido";2;0;0;0;0;0;0;0;0;0;3;0;0;0;0
"14/01/2025";"10:19:54";"84";"Sem vítima";"333,800";"BR-101/SC";"Crescente";"Colisão traseira";2;0;0;0;0;0;0;0;0;0;4;0;0;0;0
"14/01/2025";"11:31:15";"94";"Sem vítima";"298,000";"BR-101/SC";"Decrescente";"Colisão transversal";1;0;1;0;0;0;0;0;0;0;3;0;0;0;0
"14/01/2025";"11:39:00";"96";"Sem vítima";"347,000";"BR-101/SC";"Crescente";"Colisão lateral no mesmo sentido";1;0;1;0;0;0;0;0;0;0;28;0;0;0;0
"14/01/2025";"11:55:50";"98";"Sem vítima";"315,000";"BR-101/SC";"Decrescente";"Colisão lateral no mesmo sentido";2;0;0;0;0;0;0;0;0;0;4;0;0;0;0
"14/01/2025";"12:02:14";"99";"Com vítima";"367,000";"BR-101/SC";"Decrescente";"Colisão traseira";2;0;0;0;0;0;0;0;0;0;5;1;0;0;0
"14/01/2025";"12:19:00";"101";"Sem vítima";"395,000";"BR-101/SC";"Decrescente";"Engavetamento";2;0;0;0;0;0;0;0;0;0;2;0;0;0;0
"14/01/2025";"12:25:59";"102";"Sem vítima";"316,000";"BR-101/SC";"Decrescente";"Colisão lateral no mesmo sentido";1;0;1;0;0;0;0;0;0;0;2;0;0;0;0
"14/01/2025";"13:00:19";"107";"Com vítima";"333,700";"BR-101/SC";"Crescente";"Colisão lateral no mesmo sentido";2;0;0;0;0;0;0;0;0;0;2;1;0;0;0
"15/01/2025";"10:33:31";"85";"Sem vítima";"447,420";"BR-101/SC";"Crescente";"Colisão traseira";3;0;0;0;0;0;0;0;0;0;4;0;0;0;0
"15/01/2025";"11:48:01";"92";"Sem vítima";"329,000";"BR-101/SC";"Decrescente";"Colisão lateral no mesmo sentido";1;0;1;0;0;0;0;0;0;0;3;0;0;0;0
"15/01/2025";"15:00:18";"113";"Com vítima";"282,000";"BR-101/SC";"Crescente";"Queda de moto";0;0;0;1;0;0;0;0;0;0;0;1;0;0;0
"15/01/2025";"15:46:10";"120";"Sem vítima";"334,000";"BR-101/SC";"Crescente";"Colisão traseira";0;0;2;0;0;0;0;0;0;0;2;0;0;0;0
"15/01/2025";"17:36:22";"132";"Com vítima";"334,000";"BR-101/SC";"Crescente";"Colisão traseira";1;0;0;1;0;0;0;0;0;0;1;0;1;0;0
"17/01/2025";"00:33:41";"1";"Sem vítima";"257,000";"BR-101/SC";"Crescente";"Choque";1;0;0;0;0;0;0;0;0;0;2;0;0;0;0
"17/01/2025";"09:32:49";"64";"Sem vítima";"436,000";"BR-101/SC";"Decrescente";"Colisão traseira";2;0;0;0;0;0;0;0;0;0;2;0;0;0;0
"17/01/2025";"10:54:36";"76";"Sem vítima";"338,000";"BR-101/SC";"Decrescente";"Colisão traseira";2;0;0;0;0;0;0;0;0;0;5;0;0;0;0
"17/01/2025";"11:18:50";"82";"Sem vítima";"339,000";"BR-101/SC";"Decrescente";"Colisão traseira";2;0;0;0;0;0;0;0;0;0;5;0;0;0;0
"17/01/2025";"18:04:59";"116";"Com vítima";"332,000";"BR-101/SC";"Decrescente";"Colisão lateral no mesmo sentido";1;0;1;0;0;0;0;0;0;0;1;1;0;0;0
"18/01/2025";"02:09:59";"11";"Sem vítima";"349,800";"BR-101/SC";"Decrescente";"Choque";1;0;0;0;0;0;0;0;0;0;1;0;0;0;0
"18/01/2025";"08:15:01";"38";"Com vítima";"457,000";"BR-101/SC";"Crescente";"Queda de moto";0;0;0;1;0;0;0;0;0;0;0;1;0;0;0
"18/01/2025";"11:37:19";"74";"Sem vítima";"367,000";"BR-101/SC";"Crescente";"Saída de pista";1;0;0;0;0;0;0;0;0;0;4;0;0;0;0
"18/01/2025";"13:08:08";"99";"Sem vítima";"380,000";"BR-101/SC";"Crescente";"Engavetamento";4;0;0;0;0;0;0;0;0;0;6;0;0;0;0
"18/01/2025";"16:44:21";"120";"Com vítima";"315,000";"BR-101/SC";"Crescente";"Colisão transversal";2;0;0;0;0;0;0;0;0;0;0;0;1;0;0
"18/01/2025";"18:41:40";"133";"Sem vítima";"305,000";"BR-101/SC";"Crescente";"Choque";1;0;0;0;0;0;0;0;0;0;1;0;0;0;0
"18/01/2025";"20:40:40";"143";"Com vítima";"274,150";"BR-101/SC";"Decrescente";"Atropelamento de pedestre";1;0;0;0;0;0;0;0;0;0;2;0;0;0;1
"19/01/2025";"05:57:32";"26";"Sem vítima";"252,000";"BR-101/SC";"Crescente";"Saída de pista";1;0;0;0;0;0;0;0;0;0;1;0;0;0;0
"19/01/2025";"18:33:02";"83";"Sem vítima";"256,000";"BR-101/SC";"Decrescente";"Colisão traseira";1;0;0;0;0;0;0;0;0;0;3;0;0;0;0
"19/01/2025";"20:31:59";"92";"Sem vítima";"442,000";"BR-101/SC";"Crescente";"Acidentes de outra natureza";1;0;0;0;0;0;0;0;0;0;1;0;0;1;0
"20/01/2025";"02:00:25";"7";"Sem vítima";"365,000";"BR-101/SC";"Decrescente";"Saída de pista";1;0;0;0;0;0;0;0;0;0;1;0;0;0;0
"20/01/2025";"10:33:12";"89";"Sem vítima";"282,000";"BR-101/SC";"Crescente";"Colisão traseira";2;0;0;0;0;0;0;0;0;0;3;0;0;0;0
"20/01/2025";"10:34:39";"90";"Sem vítima";"368,000";"BR-101/SC";"Crescente";"Colisão traseira";2;0;0;0;0;0;0;0;0;0;3;0;0;0;0
"20/01/2025";"11:35:10";"106";"Sem vítima";"363,000";"BR-101/SC";"Crescente";"Colisão traseira";2;0;0;0;0;0;0;0;0;0;2;0;0;0;0
"20/01/2025";"11:47:31";"111";"Com vítima";"302,000";"BR-101/SC";"Crescente";"Engavetamento";3;0;0;0;0;0;0;0;0;0;6;0;1;0;0
"20/01/2025";"13:10:33";"122";"Sem vítima";"355,000";"BR-101/SC";"Decrescente";"Colisão traseira";2;0;0;0;0;0;0;0;0;0;6;0;0;0;0
"20/01/2025";"15:28:56";"144";"Sem vítima";"337,800";"BR-101/SC";"Decrescente";"Colisão traseira";2;0;0;0;0;0;0;0;0;0;4;0;0;0;0
"20/01/2025";"17:39:46";"155";"Sem vítima";"336,000";"BR-101/SC";"Decrescente";"Engavetamento";3;0;0;0;0;0;0;0;0;0;3;0;0;0;0
"20/01/2025";"18:18:12";"157";"Sem vítima";"307,000";"BR-101/SC";"Decrescente";"Choque";1;0;0;0;0;0;0;0;0;0;4;0;0;0;0
"20/01/2025";"22:53:57";"178";"Sem vítima";"344,000";"BR-101/SC";"Decrescente";"Queda de moto";0;0;0;1;0;0;0;0;0;0;1;0;0;0;0
"21/01/2025";"04:11:03";"8";"Sem vítima";"378,000";"BR-101/SC";"Crescente";"Saída de pista";1;0;0;0;0;0;0;0;0;0;3;0;0;0;0
"21/01/2025";"07:22:50";"36";"Com vítima";"347,000";"BR-101/SC";"Crescente";"Colisão lateral no mesmo sentido";1;0;0;1;0;0;0;0;0;0;2;0;1;0;0
"21/01/2025";"09:42:54";"72";"Sem vítima";"350,000";"BR-101/SC";"Crescente";"Colisão traseira";2;0;0;0;0;0;0;0;0;0;5;0;0;0;0
"21/01/2025";"15:54:59";"104";"Sem vítima";"334,000";"BR-101/SC";"Crescente";"Capotamento";1;0;0;0;0;0;0;0;0;0;2;0;0;0;0
"21/01/2025";"19:42:37";"127";"Sem vítima";"449,000";"BR-101/SC";"Crescente";"Saída de pista";1;0;0;0;0;0;0;0;0;0;1;0;0;0;0
"22/01/2025";"07:42:41";"39";"Sem vítima";"442,000";"BR-101/SC";"Crescente";"Saída de pista";1;0;0;0;0;0;0;0;0;0;4;0;0;0;0
"22/01/2025";"09:06:10";"58";"Sem vítima";"300,000";"BR-101/SC";"Crescente";"Colisão lateral no mesmo sentido";2;0;0;0;0;0;0;0;0;0;7;0;0;0;0
"22/01/2025";"09:17:08";"59";"Sem vítima";"392,000";"BR-101/SC";"Crescente";"Engavetamento";4;0;0;0;0;0;0;0;0;0;5;0;0;0;0
"22/01/2025";"11:41:29";"77";"Com vítima";"389,000";"BR-101/SC";"Crescente";"Colisão traseira";0;0;2;0;0;0;0;0;0;0;1;0;1;0;0
"22/01/2025";"12:40:10";"80";"Sem vítima";"332,000";"BR-101/SC";"Crescente";"Colisão traseira";0;0;2;0;0;0;0;0;0;0;2;0;0;0;0
"22/01/2025";"14:20:07";"98";"Sem vítima";"325,000";"BR-101/SC";"Crescente";"Colisão traseira";2;0;0;0;0;0;0;0;0;0;4;0;0;0;0
"22/01/2025";"14:47:20";"102";"Com vítima";"283,000";"BR-101/SC";"Crescente";"Capotamento";2;0;0;0;0;0;0;0;0;0;0;1;1;0;0
"22/01/2025";"17:20:19";"119";"Com vítima";"326,000";"BR-101/SC";"Decrescente";"Colisão lateral no mesmo sentido";0;0;0;1;0;0;0;0;0;0;0;0;1;0;0
"23/01/2025";"16:23:38";"144";"Sem vítima";"301,000";"BR-101/SC";"Crescente";"Colisão lateral no mesmo sentido";1;0;0;0;0;0;0;0;0;0;6;0;0;0;0
"24/01/2025";"02:18:38";"12";"Sem vítima";"253,400";"BR-101/SC";"Crescente";"Colisão traseira";0;0;1;0;0;0;0;0;0;0;1;0;0;0;0
"24/01/2025";"10:57:56";"101";"Sem vítima";"379,900";"BR-101/SC";"Crescente";"Colisão traseira";1;0;0;0;0;0;0;0;0;0;1;0;0;0;0
"24/01/2025";"12:03:54";"110";"Com vítima";"333,000";"BR-101/SC";"Crescente";"Colisão lateral no mesmo sentido";1;0;0;1;0;0;0;0;0;0;1;1;0;0;0
"24/01/2025";"12:15:24";"112";"Sem vítima";"337,000";"BR-101/SC";"Decrescente";"Colisão lateral no mesmo sentido";1;0;1;0;0;0;0;0;0;0;2;0;0;0;0
"24/01/2025";"17:43:22";"139";"Com vítima";"372,000";"BR-101/SC";"Decrescente";"Saída de pista";1;0;0;0;0;0;0;0;0;0;1;1;0;0;0
"24/01/2025";"18:21:00";"144";"Sem vítima";"265,000";"BR-101/SC";"Crescente";"Choque";0;0;1;0;0;0;0;0;0;0;1;0;0;0;0
"24/01/2025";"18:42:25";"146";"Com vítima";"415,150";"BR-101/SC";"Decrescente";"Choque";1;0;0;0;0;0;0;0;0;0;0;1;0;0;0
"24/01/2025";"19:12:19";"149";"Sem vítima";"463,000";"BR-101/SC";"Crescente";"Saída de pista";1;0;0;0;0;0;0;0;0;0;3;0;0;0;0
"24/01/2025";"20:38:40";"155";"Sem vítima";"327,000";"BR-101/SC";"Crescente";"Colisão frontal";1;0;1;0;0;0;0;0;0;0;3;0;0;0;0
"24/01/2025";"23:12:23";"167";"Sem vítima";"394,000";"BR-101/SC";"Decrescente";"Saída de pista";1;0;0;0;0;0;0;0;0;0;1;0;0;0;0
"25/01/2025";"06:51:23";"30";"Sem vítima";"260,100";"BR-101/SC";"Crescente";"Tombamento";0;0;1;0;0;0;0;0;0;0;1;0;0;0;0
"25/01/2025";"18:09:20";"90";"Sem vítima";"449,000";"BR-101/SC";"Decrescente";"Queda de moto";0;0;0;1;0;0;0;0;0;0;1;0;0;0;0
"25/01/2025";"21:03:01";"104";"Com vítima";"417,000";"BR-101/SC";"Decrescente";"Choque";0;0;0;2;0;0;0;0;0;0;2;1;0;0;0
"26/01/2025";"09:16:24";"21";"Com vítima";"298,000";"BR-101/SC";"Decrescente";"Choque";0;0;1;0;0;0;0;0;0;0;1;0;1;0;0
"26/01/2025";"12:51:09";"38";"Com vítima";"262,800";"BR-101/SC";"Crescente";"Saída de pista";1;0;0;0;0;0;0;0;0;0;0;0;0;0;1
"26/01/2025";"15:35:48";"42";"Sem vítima";"314,000";"BR-101/SC";"Decrescente";"Engavetamento";2;0;0;0;0;0;0;0;0;0;7;0;0;0;0
"26/01/2025";"17:53:04";"50";"Sem vítima";"420,000";"BR-101/SC";"Decrescente";"Colisão lateral no mesmo sentido";0;0;2;0;0;0;0;0;0;0;3;0;0;0;0
"26/01/2025";"20:21:25";"61";"Com vítima";"427,000";"BR-101/SC";"Decrescente";"Queda de moto";0;0;0;1;0;0;0;0;0;0;0;0;1;0;0
"27/01/2025";"07:43:58";"50";"Sem vítima";"380,300";"BR-101/SC";"Decrescente";"Choque";1;0;0;0;0;0;0;0;0;0;1;0;0;0;0
"27/01/2025";"07:54:27";"52";"Sem vítima";"314,000";"BR-101/SC";"Decrescente";"Saída de pista";1;0;0;0;0;0;0;0;0;0;1;0;0;0;0
"27/01/2025";"08:38:45";"65";"Sem vítima";"336,000";"BR-101/SC";"Crescente";"Colisão traseira";2;0;0;0;0;0;0;0;0;0;8;0;0;0;0
"27/01/2025";"09:24:13";"71";"Sem vítima";"336,000";"BR-101/SC";"Crescente";"Colisão traseira";2;0;0;0;0;0;0;0;0;0;6;0;0;0;0
"27/01/2025";"09:29:16";"74";"Sem vítima";"335,000";"BR-101/SC";"Crescente";"Queda de moto";1;0;0;1;0;0;0;0;0;0;2;0;0;0;0
"27/01/2025";"11:09:16";"93";"Sem vítima";"381,000";"BR-101/SC";"Crescente";"Colisão traseira";2;0;0;0;0;0;0;0;0;0;4;0;0;0;0
"27/01/2025";"12:33:27";"109";"Com vítima";"325,000";"BR-101/SC";"Decrescente";"Colisão traseira";1;0;0;1;0;0;0;0;0;0;1;1;0;0;0
"27/01/2025";"18:51:43";"142";"Sem vítima";"255,000";"BR-101/SC";"Decrescente";"Colisão lateral no mesmo sentido";2;0;0;0;0;0;0;0;0;0;5;0;0;0;0
"27/01/2025";"19:43:31";"150";"Sem vítima";"384,000";"BR-101/SC";"Crescente";"Saída de pista";1;0;0;0;0;0;0;0;0;0;5;0;0;0;0
"28/01/2025";"05:20:14";"25";"Sem vítima";"344,000";"BR-101/SC";"Crescente";"Saída de pista";1;0;0;0;0;0;0;0;0;0;4;0;0;0;0
"28/01/2025";"07:59:31";"75";"Com vítima";"282,000";"BR-101/SC";"Crescente";"Colisão lateral no mesmo sentido";0;0;0;2;0;0;0;0;0;0;1;1;0;0;0
"28/01/2025";"10:12:34";"108";"Sem vítima";"397,000";"BR-101/SC";"Crescente";"Colisão traseira";2;0;0;0;0;0;0;0;0;0;5;0;0;0;0
"28/01/2025";"10:33:45";"115";"Sem vítima";"397,000";"BR-101/SC";"Crescente";"Engavetamento";3;0;0;0;0;0;0;0;0;0;6;0;0;0;0
"28/01/2025";"11:19:27";"120";"Sem vítima";"268,200";"BR-101/SC";"Crescente";"Saída de pista";1;0;0;0;0;0;0;0;0;0;4;0;0;0;0
"29/01/2025";"07:02:54";"48";"Sem vítima";"334,000";"BR-101/SC";"Decrescente";"Choque";1;0;0;0;0;0;0;0;0;0;1;0;0;0;0
"29/01/2025";"09:24:01";"84";"Com vítima";"458,000";"BR-101/SC";"Crescente";"Engavetamento";4;0;0;0;0;0;0;0;0;0;8;1;0;0;0
"29/01/2025";"10:41:11";"101";"Sem vítima";"432,000";"BR-101/SC";"Crescente";"Capotamento";1;0;0;0;0;0;0;0;0;0;1;0;0;0;0
"29/01/2025";"16:25:54";"127";"Com vítima";"277,000";"BR-101/SC";"Decrescente";"Tombamento";0;0;1;0;0;0;0;0;0;0;0;1;0;0;0
"29/01/2025";"20:26:16";"149";"Sem vítima";"309,000";"BR-101/SC";"Decrescente";"Saída de pista";1;0;0;0;0;0;0;0;0;0;1;0;0;0;0
"30/01/2025";"04:23:14";"11";"Sem vítima";"357,000";"BR-101/SC";"Decrescente";"Tombamento";0;0;1;0;0;0;0;0;0;0;1;0;0;0;0
"30/01/2025";"09:43:13";"73";"Sem vítima";"401,000";"BR-101/SC";"Crescente";"Engavetamento";3;0;0;0;0;0;0;0;0;0;8;0;0;0;0
"30/01/2025";"10:32:59";"79";"Sem vítima";"399,000";"BR-101/SC";"Crescente";"Colisão traseira";2;0;0;0;0;0;0;0;0;0;6;0;0;0;0
"30/01/2025";"14:27:31";"101";"Com vítima";"436,700";"BR-101/SC";"Decrescente";"Queda de moto";1;0;0;1;0;0;0;0;0;0;1;1;0;0;0
"30/01/2025";"22:36:07";"140";"Sem vítima";"368,000";"BR-101/SC";"Crescente";"Colisão traseira";2;0;0;0;0;0;0;0;0;0;4;0;0;0;0
"31/01/2025";"07:50:03";"50";"Com vítima";"329,000";"BR-101/SC";"Crescente";"Colisão transversal";1;0;0;1;0;0;0;0;0;0;2;0;1;0;0
"31/01/2025";"11:00:48";"83";"Sem vítima";"323,000";"BR-101/SC";"Decrescente";"Engavetamento";4;0;0;0;0;0;0;0;0;0;8;0;0;0;0
"31/01/2025";"11:46:35";"87";"Sem vítima";"350,000";"BR-101/SC";"Crescente";"Engavetamento";3;0;0;0;0;0;0;0;0;0;7;0;0;0;0
"01/02/2025";"05:00:08";"26";"Sem vítima";"376,000";"BR-101/SC";"Crescente";"Saída de pista";1;0;0;0;0;0;0;0;0;0;1;0;0;0;0
"01/02/2025";"07:56:48";"56";"Sem vítima";"464,000";"BR-101/SC";"Decrescente";"Saída de pista";1;0;0;0;0;0;0;0;0;0;2;0;0;0;0
"01/02/2025";"08:09:03";"58";"Sem vítima";"376,000";"BR-101/SC";"Decrescente";"Colisão traseira";2;0;0;0;0;0;0;0;0;0;6;0;0;0;0
"01/02/2025";"10:21:27";"72";"Sem vítima";"459,000";"BR-101/SC";"Decrescente";"Colisão traseira";2;0;0;0;0;0;0;0;0;0;5;0;0;0;0
"01/02/2025";"10:35:15";"73";"Sem vítima";"403,000";"BR-101/SC";"Crescente";"Colisão traseira";1;0;0;0;0;0;0;0;0;0;2;0;0;0;0
"01/02/2025";"11:03:01";"77";"Sem vítima";"331,000";"BR-101/SC";"Decrescente";"Colisão lateral no mesmo sentido";2;0;0;0;0;0;0;0;0;0;2;0;0;0;0
"01/02/2025";"12:21:39";"81";"Sem vítima";"347,000";"BR-101/SC";"Decrescente";"Colisão traseira";1;0;0;0;0;0;0;0;0;0;4;0;0;0;0
"01/02/2025";"12:24:31";"82";"Sem vítima";"346,000";"BR-101/SC";"Decrescente";"Colisão traseira";1;0;0;0;0;0;0;0;0;0;3;0;0;0;0
"01/02/2025";"20:24:29";"121";"Sem vítima";"299,000";"BR-101/SC";"Decrescente";"Saída de pista";1;0;0;0;0;0;0;0;0;0;3;0;0;0;0
"01/02/2025";"20:43:07";"125";"Sem vítima";"298,000";"BR-101/SC";"Decrescente";"Atropelamento de animal";1;0;0;0;0;0;0;0;0;0;2;0;0;0;0
"01/02/2025";"22:36:04";"130";"Sem vítima";"379,000";"BR-101/SC";"Crescente";"Saída de pista";1;0;0;0;0;0;0;0;0;0;5;0;0;0;0
"02/02/2025";"10:22:57";"66";"Sem vítima";"454,000";"BR-101/SC";"Crescente";"Tombamento";0;0;1;0;0;0;0;0;0;0;1;0;0;0;0
"02/02/2025";"12:16:21";"76";"Sem vítima";"451,000";"BR-101/SC";"Crescente";"Engavetamento";3;0;0;0;0;0;0;0;0;0;4;0;0;0;0
"02/02/2025";"12:48:20";"80";"Com vítima";"349,000";"BR-101/SC";"Decrescente";"Capotamento";1;0;0;0;0;0;0;0;0;0;0;1;0;0;0
"02/02/2025";"17:04:52";"107";"Sem vítima";"344,000";"BR-101/SC";"Decrescente";"Colisão traseira";1;0;0;0;0;0;0;0;0;0;2;0;0;0;0
"02/02/2025";"17:18:47";"111";"Sem vítima";"349,000";"BR-101/SC";"Decrescente";"Colisão traseira";2;0;0;0;0;0;0;0;0;0;4;0;0;0;0
"03/02/2025";"09:08:20";"91";"Sem vítima";"341,000";"BR-101/SC";"Decrescente";"Saída de pista";0;0;1;0;0;0;0;0;0;0;1;0;0;0;0