data;horario;n_da_ocorrencia;tipo_de_ocorrencia;km;trecho;sentido;tipo_de_acidente;automovel;bicicleta;caminhao;moto;onibus;outros;tracao_animal;transporte_de_cargas_especiais;trator_maquinas;utilitarios;ilesos;levemente_feridos;moderadamente_feridos;gravemente_feridos;mortos
"03/02/2025";"10:28:23";"104";"Sem vítima";"359,000";"BR-101/SC";"Crescente";"Colisão traseira";2;0;0;0;0;0;0;0;0;0;3;0;0;0;0
"03/02/2025";"12:08:57";"124";"Com vítima";"464,000";"BR-101/SC";"Decrescente";"Saída de pista";1;0;0;0;0;0;0;0;0;0;1;2;0;0;0
"03/02/2025";"13:07:45";"134";"Sem vítima";"356,000";"BR-101/SC";"Decrescente";"Colisão traseira";2;0;0;0;0;0;0;0;0;0;4;0;0;0;0
"03/02/2025";"13:17:05";"136";"Sem vítima";"406,000";"BR-101/SC";"Decrescente";"Colisão traseira";2;0;0;0;0;0;0;0;0;0;6;0;0;0;0
"03/02/2025";"13:35:41";"139";"Sem vítima";"348,000";"BR-101/SC";"Decrescente";"Colisão traseira";2;0;0;0;0;0;0;0;0;0;3;0;0;0;0
"03/02/2025";"14:12:50";"148";"Sem vítima";"334,000";"BR-101/SC";"Decrescente";"Colisão lateral no mesmo sentido";1;0;0;1;0;0;0;0;0;0;2;0;0;0;0
"03/02/2025";"16:31:01";"168";"Com vítima";"277,000";"BR-101/SC";"Decrescente";"Colisão lateral no mesmo sentido";1;0;1;0;0;0;0;0;0;0;2;3;0;0;0
"03/02/2025";"20:14:52";"185";"Com vítima";"247,100";"BR-101/SC";"Crescente";"Colisão traseira";2;0;0;0;0;0;0;0;0;0;0;2;0;0;0
"04/02/2025";"00:06:40";"1";"Sem vítima";"253,000";"BR-101/SC";"Decrescente";"Queda de moto";0;0;0;1;0;0;0;0;0;0;1;0;0;0;0
"04/02/2025";"10:34:50";"101";"Com vítima";"322,000";"BR-101/SC";"Crescente";"Engavetamento";4;0;0;0;0;0;0;0;0;0;8;2;0;0;0
"04/02/2025";"11:36:40";"110";"Com vítima";"331,000";"BR-101/SC";"Decrescente";"Colisão traseira";1;0;0;1;0;0;0;0;0;0;2;1;0;0;0
"04/02/2025";"18:43:22";"145";"Sem vítima";"404,000";"BR-101/SC";"Crescente";"Colisão traseira";2;0;0;0;0;0;0;0;0;0;3;0;0;0;0
"04/02/2025";"19:34:28";"148";"Com vítima";"315,000";"BR-101/SC";"Decrescente";"Queda de moto";0;0;0;1;0;0;0;0;0;0;0;0;2;0;0
"05/02/2025";"02:48:14";"15";"Sem vítima";"264,200";"BR-101/SC";"Decrescente";"Choque";1;0;0;0;0;0;0;0;0;0;5;0;0;0;0
"05/02/2025";"10:07:14";"75";"Sem vítima";"323,400";"BR-101/SC";"Crescente";"Colisão traseira";2;0;0;0;0;0;0;0;0;0;7;0;0;0;0
"05/02/2025";"11:29:42";"87";"Sem vítima";"401,000";"BR-101/SC";"Crescente";"Engavetamento";3;0;0;0;0;0;0;0;0;0;6;0;0;0;0
"05/02/2025";"16:17:00";"108";"Com vítima";"283,000";"BR-101/SC";"Crescente";"Queda de moto";0;0;0;1;0;0;0;0;0;0;0;1;0;0;0
"05/02/2025";"16:30:47";"110";"Sem vítima";"324,000";"BR-101/SC";"Crescente";"Colisão lateral no mesmo sentido";2;0;0;0;0;0;0;0;0;0;2;0;0;0;0
"05/02/2025";"17:43:51";"124";"Com vítima";"355,000";"BR-101/SC";"Crescente";"Saída de pista";1;0;0;0;0;0;0;0;0;0;0;1;0;0;0
"05/02/2025";"19:19:53";"133";"Sem vítima";"263,000";"BR-101/SC";"Crescente";"Saída de pista";1;0;0;0;0;0;0;0;0;0;1;0;0;0;0
"06/02/2025";"00:39:10";"3";"Sem vítima";"389,000";"BR-101/SC";"Crescente";"Saída de pista";1;0;0;0;0;0;0;0;0;0;1;0;0;0;0
"06/02/2025";"04:08:52";"12";"Com vítima";"249,000";"BR-101/SC";"Crescente";"Choque";0;0;0;1;0;0;0;0;0;0;0;0;1;0;0
"06/02/2025";"07:27:58";"49";"Com vítima";"396,900";"BR-101/SC";"Decrescente";"Colisão lateral no mesmo sentido";0;0;2;0;0;0;0;0;0;0;4;0;1;0;0
"06/02/2025";"18:03:36";"179";"Com vítima";"452,000";"BR-101/SC";"Decrescente";"Colisão transversal";0;0;1;1;0;0;0;0;0;0;1;1;0;0;0
"07/02/2025";"07:10:48";"39";"Sem vítima";"370,000";"BR-101/SC";"Crescente";"Saída de pista";1;0;0;0;0;0;0;0;0;0;1;0;0;0;0
"07/02/2025";"08:05:28";"61";"Com vítima";"373,000";"BR-101/SC";"Decrescente";"Saída de pista";1;0;0;0;0;0;0;0;0;0;4;0;1;0;0
"07/02/2025";"12:52:24";"106";"Sem vítima";"312,000";"BR-101/SC";"Crescente";"Colisão lateral no mesmo sentido";2;0;0;0;0;0;0;0;0;0;4;0;0;0;0
"07/02/2025";"15:47:27";"130";"Sem vítima";"289,000";"BR-101/SC";"Decrescente";"Engavetamento";2;0;0;0;0;0;0;0;0;0;5;0;0;0;0
"08/02/2025";"00:18:09";"1";"Sem vítima";"449,000";"BR-101/SC";"Decrescente";"Saída de pista";0;0;1;0;0;0;0;0;0;0;1;0;0;0;0
"08/02/2025";"08:22:55";"38";"Sem vítima";"434,000";"BR-101/SC";"Decrescente";"Colisão lateral no mesmo sentido";1;0;1;0;0;0;0;0;0;0;5;0;0;0;0
"08/02/2025";"16:11:15";"84";"Com vítima";"424,000";"BR-101/SC";"Crescente";"Queda de moto";0;0;0;1;0;0;0;0;0;0;0;0;1;0;0
"08/02/2025";"17:47:42";"95";"Sem vítima";"450,000";"BR-101/SC";"Crescente";"Saída de pista";1;0;0;0;0;0;0;0;0;0;1;0;0;0;0
"08/02/2025";"18:42:34";"98";"Com vítima";"315,000";"BR-101/SC";"Crescente";"Queda de moto";0;0;1;1;0;0;0;0;0;0;1;0;1;0;0
"08/02/2025";"19:23:00";"102";"Com vítima";"312,000";"BR-101/SC";"Decrescente";"Colisão traseira";2;0;0;0;0;0;0;0;0;0;3;0;3;0;0
"09/02/2025";"04:12:28";"11";"Com vítima";"415,000";"BR-101/SC";"Decrescente";"Capotamento";1;0;0;0;0;0;0;0;0;0;0;0;1;1;0
"09/02/2025";"06:09:59";"14";"Com vítima";"261,000";"BR-101/SC";"Crescente";"Choque";1;0;0;0;0;0;0;0;0;0;0;0;1;0;0
"09/02/2025";"16:57:11";"62";"Com vítima";"369,000";"BR-101/SC";"Decrescente";"Queda de moto";0;0;0;1;0;0;0;0;0;0;0;1;1;0;0
"09/02/2025";"19:26:01";"85";"Com vítima";"282,000";"BR-101/SC";"Decrescente";"Colisão frontal";0;0;1;1;0;0;0;0;0;0;3;0;0;0;1
"09/02/2025";"23:26:46";"104";"Com vítima";"271,000";"BR-101/SC";"Crescente";"Colisão frontal";2;0;0;0;0;0;0;0;0;0;0;0;4;0;0
"10/02/2025";"02:16:25";"8";"Sem vítima";"367,000";"BR-101/SC";"Crescente";"Saída de pista";1;0;0;0;0;0;0;0;0;0;1;0;0;0;0
"10/02/2025";"09:43:06";"70";"Com vítima";"417,000";"BR-101/SC";"Crescente";"Colisão traseira";0;0;0;1;0;0;0;0;0;0;0;0;1;0;0
"10/02/2025";"10:54:08";"83";"Sem vítima";"439,000";"BR-101/SC";"Crescente";"Engavetamento";3;0;0;0;0;0;0;0;0;0;11;0;0;0;0
"10/02/2025";"11:33:07";"86";"Com vítima";"370,000";"BR-101/SC";"Decrescente";"Engavetamento";1;0;0;0;0;0;0;0;0;0;2;1;0;0;0
"10/02/2025";"11:40:23";"87";"Sem vítima";"328,000";"BR-101/SC";"Crescente";"Saída de pista";1;0;0;0;0;0;0;0;0;0;1;0;0;0;0
"10/02/2025";"19:25:34";"139";"Sem vítima";"416,000";"BR-101/SC";"Decrescente";"Acidentes de outra natureza";0;0;0;1;0;0;0;0;0;0;1;0;0;0;0
"10/02/2025";"21:16:18";"147";"Com vítima";"276,000";"BR-101/SC";"Crescente";"Queda de moto";0;0;0;1;0;0;0;0;0;0;0;0;1;0;0
"11/02/2025";"00:00:42";"1";"Sem vítima";"324,000";"BR-101/SC";"Decrescente";"Saída de pista";1;0;0;0;0;0;0;0;0;0;1;0;0;0;0
"11/02/2025";"09:02:03";"66";"Sem vítima";"276,000";"BR-101/SC";"Decrescente";"Saída de pista";1;0;0;0;0;0;0;0;0;0;1;0;0;0;0
"11/02/2025";"10:03:25";"71";"Sem vítima";"390,000";"BR-101/SC";"Crescente";"Engavetamento";3;0;0;0;0;0;0;0;0;0;7;0;0;0;0
"11/02/2025";"10:27:04";"75";"Sem vítima";"343,000";"BR-101/SC";"Crescente";"Engavetamento";3;0;0;0;0;0;0;0;0;0;9;0;0;0;0
"11/02/2025";"14:36:26";"110";"Sem vítima";"295,000";"BR-101/SC";"Decrescente";"Colisão lateral no mesmo sentido";1;0;1;0;0;0;0;0;0;0;3;0;0;0;0
"11/02/2025";"15:57:28";"117";"Com vítima";"333,000";"BR-101/SC";"Decrescente";"Choque";1;0;0;1;0;0;0;0;0;0;1;0;1;0;0
"11/02/2025";"17:23:54";"128";"Sem vítima";"457,000";"BR-101/SC";"Decrescente";"Colisão lateral no mesmo sentido";1;0;2;0;0;0;0;0;0;0;4;0;0;0;0
"11/02/2025";"17:45:12";"129";"Sem vítima";"347,000";"BR-101/SC";"Crescente";"Colisão traseira";1;0;1;0;0;0;0;0;0;0;4;0;0;0;0
"11/02/2025";"18:03:20";"132";"Sem vítima";"282,000";"BR-101/SC";"Decrescente";"Colisão traseira";2;0;0;0;0;0;0;0;0;0;2;0;0;0;0
"12/02/2025";"09:59:02";"90";"Sem vítima";"421,000";"BR-101/SC";"Crescente";"Engavetamento";3;0;0;0;0;0;0;0;0;0;10;0;0;0;0
"12/02/2025";"10:30:29";"95";"Sem vítima";"396,000";"BR-101/SC";"Decrescente";"Colisão traseira";0;0;2;0;0;0;0;0;0;0;2;0;0;0;0
"13/02/2025";"00:13:28";"1";"Sem vítima";"382,000";"BR-101/SC";"Crescente";"Saída de pista";1;0;0;0;0;0;0;0;0;0;1;0;0;0;0
"13/02/2025";"00:24:16";"5";"Sem vítima";"358,000";"BR-101/SC";"Crescente";"Tombamento";0;0;1;0;0;0;0;0;0;0;1;0;0;0;0
"13/02/2025";"07:19:13";"43";"Sem vítima";"259,000";"BR-101/SC";"Crescente";"Engavetamento";3;0;0;0;0;0;0;0;0;0;10;0;0;0;0
"13/02/2025";"09:29:12";"75";"Com vítima";"421,000";"BR-101/SC";"Crescente";"Colisão traseira";2;0;0;0;0;0;0;0;0;0;8;1;0;0;0
"13/02/2025";"09:44:41";"76";"Sem vítima";"336,000";"BR-101/SC";"Decrescente";"Colisão traseira";2;0;0;0;0;0;0;0;0;0;3;0;0;0;0
"13/02/2025";"16:53:59";"119";"Com vítima";"445,000";"BR-101/SC";"Crescente";"Colisão lateral no mesmo sentido";2;0;0;0;0;0;0;0;0;0;1;0;1;0;0
"13/02/2025";"17:26:43";"121";"Sem vítima";"339,000";"BR-101/SC";"Decrescente";"Saída de pista";1;0;0;0;0;0;0;0;0;0;1;0;0;0;0
"13/02/2025";"19:41:00";"131";"Sem vítima";"275,000";"BR-101/SC";"Decrescente";"Choque";1;0;0;0;0;0;0;0;0;0;2;0;0;0;0
"13/02/2025";"20:47:40";"133";"Sem vítima";"387,600";"BR-101/SC";"Crescente";"Saída de pista";0;0;1;0;0;0;0;0;0;0;1;0;0;0;0
"13/02/2025";"21:55:30";"135";"Com vítima";"350,000";"BR-101/SC";"Decrescente";"Queda de moto";0;0;0;1;0;0;0;0;0;0;0;0;1;0;0
"13/02/2025";"22:26:34";"138";"Sem vítima";"303,000";"BR-101/SC";"Decrescente";"Colisão traseira";2;0;0;0;0;0;0;0;0;0;5;0;0;0;0
"13/02/2025";"23:05:36";"139";"Sem vítima";"275,000";"BR-101/SC";"Decrescente";"Colisão traseira";1;0;1;0;0;0;0;0;0;0;2;0;0;0;0
"14/02/2025";"03:32:04";"5";"Sem vítima";"332,000";"BR-101/SC";"Crescente";"Saída de pista";0;0;1;0;0;0;0;0;0;0;2;0;0;0;0
"14/02/2025";"18:14:34";"102";"Sem vítima";"337,000";"BR-101/SC";"Decrescente";"Colisão traseira";2;0;0;0;0;0;0;0;0;0;2;0;0;0;0
"15/02/2025";"07:29:26";"18";"Sem vítima";"247,800";"BR-101/SC";"Crescente";"Colisão lateral no mesmo sentido";1;0;0;0;0;0;0;0;0;0;3;0;0;0;0
"15/02/2025";"07:46:13";"21";"Sem vítima";"464,000";"BR-101/SC";"Decrescente";"Colisão lateral no mesmo sentido";2;0;0;0;0;0;0;0;0;0;5;0;0;0;0
"15/02/2025";"11:05:16";"46";"Sem vítima";"343,000";"BR-101/SC";"Crescente";"Engavetamento";3;0;0;0;0;0;0;0;0;0;10;0;0;0;0
"15/02/2025";"12:06:57";"52";"Sem vítima";"292,000";"BR-101/SC";"Decrescente";"Choque";2;0;0;0;0;0;0;0;0;0;5;0;0;0;0
"15/02/2025";"21:45:37";"109";"Com vítima";"344,000";"BR-101/SC";"Decrescente";"Saída de pista";1;0;0;0;0;0;0;0;0;0;1;1;0;0;0
"16/02/2025";"00:27:38";"2";"Sem vítima";"330,000";"BR-101/SC";"Crescente";"Saída de pista";1;0;0;0;0;0;0;0;0;0;1;0;0;0;0
"16/02/2025";"03:33:58";"17";"Com vítima";"274,000";"BR-101/SC";"Decrescente";"Colisão traseira";1;0;1;0;0;0;0;0;0;0;1;0;1;0;0
"16/02/2025";"03:49:08";"19";"Com vítima";"274,000";"BR-101/SC";"Decrescente";"Choque";2;0;0;0;0;0;0;0;0;0;2;0;1;0;0
"16/02/2025";"04:15:29";"20";"Sem vítima";"365,000";"BR-101/SC";"Crescente";"Saída de pista";1;0;0;0;0;0;0;0;0;0;2;0;0;0;0
"16/02/2025";"18:21:04";"119";"Com vítima";"360,000";"BR-101/SC";"Decrescente";"Queda de moto";0;0;0;1;0;0;0;0;0;0;0;1;0;0;0
"16/02/2025";"19:44:47";"127";"Sem vítima";"262,000";"BR-101/SC";"Crescente";"Saída de pista";1;0;0;0;0;0;0;0;0;0;1;0;0;0;0
"17/02/2025";"11:20:33";"95";"Sem vítima";"337,000";"BR-101/SC";"Decrescente";"Engavetamento";3;0;0;0;0;0;0;0;0;0;5;0;0;0;0
"17/02/2025";"14:33:48";"122";"Sem vítima";"335,000";"BR-101/SC";"Crescente";"Engavetamento";2;0;1;0;0;0;0;0;0;0;5;0;0;0;0
"17/02/2025";"16:50:37";"137";"Sem vítima";"371,000";"BR-101/SC";"Decrescente";"Saída de pista";1;0;0;0;0;0;0;0;0;0;2;0;0;0;0
"18/02/2025";"15:30:54";"127";"Sem vítima";"435,000";"BR-101/SC";"Crescente";"Colisão traseira";1;0;1;0;0;0;0;0;0;0;2;0;0;0;0
"18/02/2025";"23:24:10";"156";"Sem vítima";"272,200";"BR-101/SC";"Crescente";"Tombamento";0;0;1;0;0;0;0;0;0;0;1;0;0;0;0
"18/02/2025";"23:56:18";"157";"Sem vítima";"391,000";"BR-101/SC";"Crescente";"Colisão traseira";2;0;0;0;0;0;0;0;0;0;3;0;0;0;0
"19/02/2025";"00:19:45";"1";"Com vítima";"277,000";"BR-101/SC";"Decrescente";"Choque";1;0;0;0;0;0;0;0;0;0;0;0;0;1;0
"19/02/2025";"07:45:37";"37";"Com vítima";"443,000";"BR-101/SC";"Decrescente";"Saída de pista";1;0;0;0;0;0;0;0;0;0;0;1;0;0;0
"19/02/2025";"17:17:40";"108";"Sem vítima";"387,000";"BR-101/SC";"Crescente";"Tombamento";0;0;1;0;0;0;0;0;0;0;1;0;0;0;0
"20/02/2025";"01:23:42";"4";"Sem vítima";"267,000";"BR-101/SC";"Crescente";"Capotamento";0;0;1;0;0;0;0;0;0;0;1;0;0;0;0
"20/02/2025";"07:09:11";"42";"Sem vítima";"344,000";"BR-101/SC";"Decrescente";"Engavetamento";2;0;0;0;1;0;0;0;0;0;24;0;0;0;0
"20/02/2025";"08:58:07";"80";"Com vítima";"315,000";"BR-101/SC";"Decrescente";"Colisão traseira";1;0;1;0;0;0;0;0;0;0;1;0;1;0;0
"20/02/2025";"12:50:05";"108";"Sem vítima";"354,000";"BR-101/SC";"Decrescente";"Colisão traseira";2;0;0;0;0;0;0;0;0;0;7;0;0;0;0
"20/02/2025";"14:00:58";"119";"Sem vítima";"367,900";"BR-101/SC";"Crescente";"Colisão traseira";2;0;0;0;0;0;0;0;0;0;4;0;0;0;0
"21/02/2025";"06:26:29";"34";"Sem vítima";"355,000";"BR-101/SC";"Decrescente";"Saída de pista";1;0;0;0;0;0;0;0;0;0;1;0;0;0;0
"21/02/2025";"09:11:23";"98";"Com vítima";"401,000";"BR-101/SC";"Crescente";"Engavetamento";4;0;0;0;0;0;0;0;0;0;5;4;0;1;0
"21/02/2025";"14:54:36";"147";"Com vítima";"275,000";"BR-101/SC";"Crescente";"Colisão traseira";2;0;0;0;0;0;0;0;0;0;0;3;1;0;0
"21/02/2025";"16:03:24";"159";"Sem vítima";"446,000";"BR-101/SC";"Decrescente";"Colisão lateral no mesmo sentido";1;0;1;0;0;0;0;0;0;0;2;0;0;0;0
"21/02/2025";"17:49:45";"172";"Com vítima";"311,000";"BR-101/SC";"Crescente";"Colisão lateral no mesmo sentido";1;0;0;1;0;0;0;0;0;0;1;1;0;0;0
"21/02/2025";"23:14:27";"195";"Com vítima";"365,000";"BR-101/SC";"Crescente";"Colisão traseira";0;0;1;1;0;0;0;0;0;0;1;1;0;0;0
"22/02/2025";"08:37:56";"38";"Com vítima";"350,000";"BR-101/SC";"Crescente";"Choque";0;0;0;1;0;0;0;0;0;0;1;1;0;0;0
"22/02/2025";"12:11:26";"50";"Com vítima";"378,800";"BR-101/SC";"Crescente";"Colisão lateral no mesmo sentido";0;0;0;2;0;0;0;0;0;0;1;0;1;0;0
"22/02/2025";"16:21:39";"67";"Com vítima";"400,000";"BR-101/SC";"Crescente";"Queda de moto";0;0;0;1;0;0;0;0;0;0;0;0;2;0;0
"23/02/2025";"01:55:47";"3";"Sem vítima";"363,000";"BR-101/SC";"Decrescente";"Colisão traseira";1;0;1;0;0;0;0;0;0;0;2;0;0;0;0
"23/02/2025";"02:34:41";"4";"Sem vítima";"349,000";"BR-101/SC";"Decrescente";"Choque";0;0;0;0;1;0;0;0;0;0;39;0;0;0;0
"24/02/2025";"11:32:18";"85";"Sem vítima";"331,000";"BR-101/SC";"Crescente";"Colisão traseira";2;0;0;0;0;0;0;0;0;0;4;0;0;0;0
"24/02/2025";"11:50:17";"89";"Sem vítima";"400,000";"BR-101/SC";"Crescente";"Colisão traseira";2;0;0;0;0;0;0;0;0;0;3;0;0;0;0
"24/02/2025";"13:57:27";"101";"Com vítima";"339,000";"BR-101/SC";"Decrescente";"Engavetamento";4;0;0;0;0;0;0;0;0;0;1;2;2;0;0
"24/02/2025";"15:12:58";"112";"Com vítima";"448,000";"BR-101/SC";"Crescente";"Capotamento";1;0;0;0;0;0;0;0;0;0;2;1;0;0;0
"24/02/2025";"16:18:26";"121";"Com vítima";"376,000";"BR-101/SC";"Crescente";"Queda de moto";0;0;0;1;0;0;0;0;0;0;0;1;0;0;0
"24/02/2025";"16:55:37";"127";"Com vítima";"334,000";"BR-101/SC";"Decrescente";"Colisão traseira";1;0;0;1;0;0;0;0;0;0;4;1;0;0;0
"24/02/2025";"17:01:01";"128";"Sem vítima";"366,000";"BR-101/SC";"Crescente";"Saída de pista";1;0;0;0;0;0;0;0;0;0;1;0;0;0;0
"24/02/2025";"20:10:05";"145";"Com vítima";"320,000";"BR-101/SC";"Decrescente";"Colisão transversal";1;0;0;1;0;0;0;0;0;0;1;1;0;0;0
"24/02/2025";"23:04:36";"161";"Com vítima";"309,000";"BR-101/SC";"Crescente";"Choque";1;0;0;0;0;0;0;0;0;0;0;1;0;0;0
"25/02/2025";"05:47:44";"13";"Sem vítima";"417,000";"BR-101/SC";"Decrescente";"Colisão lateral no mesmo sentido";1;0;0;0;0;0;0;0;0;0;2;0;0;0;0
"25/02/2025";"15:35:09";"148";"Sem vítima";"368,000";"BR-101/SC";"Decrescente";"Colisão lateral no mesmo sentido";0;0;0;1;0;0;0;0;0;0;1;0;0;0;0
"25/02/2025";"16:02:04";"156";"Com vítima";"319,000";"BR-101/SC";"Decrescente";"Choque";0;0;1;0;0;0;0;0;0;0;0;0;1;0;0
"25/02/2025";"20:45:20";"179";"Sem vítima";"404,000";"BR-101/SC";"Decrescente";"Choque";0;0;1;0;0;0;0;0;0;0;1;0;0;0;0
"26/02/2025";"07:11:28";"49";"Com vítima";"354,000";"BR-101/SC";"Decrescente";"Saída de pista";1;0;0;0;0;0;0;0;0;0;0;0;1;0;0
"26/02/2025";"08:06:00";"76";"Sem vítima";"337,000";"BR-101/SC";"Decrescente";"Colisão traseira";2;0;0;0;0;0;0;0;0;0;2;0;0;0;0
"26/02/2025";"08:48:57";"88";"Com vítima";"273,000";"BR-101/SC";"Crescente";"Colisão lateral no mesmo sentido";1;0;0;1;0;0;0;0;0;0;1;0;1;0;0
"26/02/2025";"20:11:33";"174";"Com vítima";"318,000";"BR-101/SC";"Decrescente";"Queda de carga";0;0;0;1;0;0;0;0;0;0;0;1;0;0;0
"26/02/2025";"21:31:44";"183";"Sem vítima";"330,000";"BR-101/SC";"Decrescente";"Colisão lateral no mesmo sentido";1;0;0;1;0;0;0;0;0;0;3;0;0;0;0
"27/02/2025";"07:01:02";"22";"Sem vítima";"421,600";"BR-101/SC";"Crescente";"Saída de pista";0;0;1;0;0;0;0;0;0;0;1;0;0;0;0
"27/02/2025";"09:32:19";"72";"Sem vítima";"454,000";"BR-101/SC";"Decrescente";"Colisão traseira";1;0;1;0;0;0;0;0;0;0;3;0;0;0;0
"27/02/2025";"16:43:11";"124";"Sem vítima";"396,000";"BR-101/SC";"Crescente";"Choque";1;0;0;0;0;0;0;0;0;0;1;0;0;0;0
"27/02/2025";"20:05:07";"136";"Sem vítima";"419,000";"BR-101/SC";"Crescente";"Capotamento";1;0;0;0;0;0;0;0;0;0;1;0;0;0;0
"27/02/2025";"23:57:42";"148";"Sem vítima";"329,000";"BR-101/SC";"Decrescente";"Atropelamento de animal";0;0;1;0;0;0;0;0;0;0;1;0;0;0;0
"28/02/2025";"04:24:23";"9";"Sem vítima";"284,000";"BR-101/SC";"Crescente";"Tombamento";0;0;2;0;0;0;0;0;0;0;2;0;0;0;0
"28/02/2025";"05:15:48";"11";"Sem vítima";"374,000";"BR-101/SC";"Decrescente";"Saída de pista";1;0;0;0;0;0;0;0;0;0;1;0;0;0;0
"28/02/2025";"06:42:40";"19";"Com vítima";"252,000";"BR-101/SC";"Crescente";"Saída de pista";1;0;0;0;0;0;0;0;0;0;1;1;0;0;0
"28/02/2025";"09:23:05";"70";"Sem vítima";"281,000";"BR-101/SC";"Crescente";"Saída de pista";1;0;0;0;0;0;0;0;0;0;1;0;0;0;0
"28/02/2025";"13:20:31";"107";"Com vítima";"378,000";"BR-101/SC";"Decrescente";"Capotamento";1;0;0;0;0;0;0;0;0;0;0;0;1;0;0
"28/02/2025";"15:39:01";"122";"Sem vítima";"328,000";"BR-101/SC";"Crescente";"Colisão traseira";2;0;0;0;0;0;0;0;0;0;9;0;0;0;0
"28/02/2025";"16:10:34";"126";"Sem vítima";"436,000";"BR-101/SC";"Decrescente";"Colisão traseira";2;0;0;0;0;0;0;0;0;0;3;0;0;0;0
"01/03/2025";"00:50:24";"3";"Sem vítima";"463,000";"BR-101/SC";"Decrescente";"Saída de pista";1;0;0;0;0;0;0;0;0;0;4;0;0;0;0
"01/03/2025";"01:38:13";"5";"Sem vítima";"404,000";"BR-101/SC";"Decrescente";"Saída de pista";1;0;0;0;0;0;0;0;0;0;5;0;0;0;0
"01/03/2025";"04:52:42";"17";"Sem vítima";"370,000";"BR-101/SC";"Decrescente";"Saída de pista";1;0;0;0;0;0;0;0;0;0;1;0;0;0;0
"01/03/2025";"08:34:29";"50";"Sem vítima";"459,000";"BR-101/SC";"Decrescente";"Colisão traseira";1;0;1;0;0;0;0;0;0;0;1;0;0;0;0
"01/03/2025";"10:46:04";"70";"Sem vítima";"382,000";"BR-101/SC";"Decrescente";"Engavetamento";3;0;0;0;0;0;0;0;0;0;9;0;0;0;0
"01/03/2025";"11:08:49";"73";"Com vítima";"311,000";"BR-101/SC";"Crescente";"Atropelamento de pedestre";1;0;0;0;0;0;0;0;0;0;1;1;0;0;0
"01/03/2025";"16:28:06";"107";"Sem vítima";"450,000";"BR-101/SC";"Decrescente";"Colisão traseira";1;0;0;0;0;0;0;0;0;0;4;0;0;0;0
"01/03/2025";"18:52:03";"121";"Com vítima";"264,300";"BR-101/SC";"Crescente";"Capotamento";1;0;0;0;0;0;0;0;0;0;0;0;4;0;0
"01/03/2025";"20:47:02";"132";"Com vítima";"326,000";"BR-101/SC";"Decrescente";"Queda de moto";0;0;0;1;0;0;0;0;0;0;0;1;0;0;0
"01/03/2025";"21:24:15";"137";"Com vítima";"432,000";"BR-101/SC";"Crescente";"Choque";1;0;0;0;0;0;0;0;0;0;0;1;0;0;0
"01/03/2025";"23:05:17";"143";"Com vítima";"254,000";"BR-101/SC";"Crescente";"Capotamento";1;0;0;0;0;0;0;0;0;0;0;0;1;0;0
"02/03/2025";"06:28:45";"22";"Sem vítima";"381,000";"BR-101/SC";"Crescente";"Saída de pista";1;0;0;0;0;0;0;0;0;0;1;0;0;0;0
"02/03/2025";"21:04:16";"90";"Com vítima";"318,000";"BR-101/SC";"Crescente";"Capotamento";1;0;0;0;0;0;0;0;0;0;0;0;0;0;1
"02/03/2025";"22:52:26";"100";"Sem vítima";"383,000";"BR-101/SC";"Decrescente";"Capotamento";1;0;0;0;0;0;0;0;0;0;1;0;0;0;0
"03/03/2025";"09:06:53";"79";"Sem vítima";"458,000";"BR-101/SC";"Decrescente";"Colisão traseira";1;0;1;0;0;0;0;0;0;0;3;0;0;0;0
"03/03/2025";"22:29:21";"160";"Sem vítima";"290,000";"BR-101/SC";"Crescente";"Capotamento";1;0;0;0;0;0;0;0;0;0;2;0;0;0;0
"04/03/2025";"06:17:01";"20";"Com vítima";"246,000";"BR-101/SC";"Decrescente";"Saída de pista";1;0;0;0;0;0;0;0;0;0;1;0;1;0;0
"04/03/2025";"16:53:19";"85";"Sem vítima";"333,000";"BR-101/SC";"Decrescente";"Colisão frontal";2;0;0;0;0;0;0;0;0;0;5;0;0;0;0
"05/03/2025";"05:33:33";"17";"Sem vítima";"335,000";"BR-101/SC";"Crescente";"Choque";1;0;0;0;0;0;0;0;0;0;1;0;0;0;0
"05/03/2025";"07:40:28";"44";"Com vítima";"334,000";"BR-101/SC";"Decrescente";"Queda de moto";0;0;0;1;0;0;0;0;0;0;0;2;0;0;0