data;horario;n_da_ocorrencia;tipo_de_ocorrencia;km;trecho;sentido;tipo_de_acidente;automovel;bicicleta;caminhao;moto;onibus;outros;tracao_animal;transporte_de_cargas_especiais;trator_maquinas;utilitarios;ilesos;levemente_feridos;moderadamente_feridos;gravemente_feridos;mortos
"05/03/2025";"09:33:43";"69";"Sem vítima";"326,000";"BR-101/SC";"Crescente";"Colisão traseira";2;0;0;0;0;0;0;0;0;0;2;0;0;0;0
"05/03/2025";"10:49:10";"82";"Com vítima";"397,000";"BR-101/SC";"Crescente";"Colisão frontal";0;0;1;1;0;0;0;0;0;0;1;1;0;0;0
"05/03/2025";"11:08:12";"86";"Sem vítima";"349,000";"BR-101/SC";"Crescente";"Capotamento";1;0;0;0;0;0;0;0;0;0;2;0;0;0;0
"05/03/2025";"11:47:26";"100";"Sem vítima";"256,000";"BR-101/SC";"Crescente";"Colisão lateral no mesmo sentido";1;0;1;0;0;0;0;0;0;0;2;0;0;0;0
"05/03/2025";"12:15:08";"104";"Sem vítima";"354,000";"BR-101/SC";"Crescente";"Engavetamento";3;0;0;0;0;0;0;0;0;1;6;0;0;0;0
"05/03/2025";"13:19:25";"112";"Sem vítima";"387,000";"BR-101/SC";"Decrescente";"Saída de pista";1;0;0;0;0;0;0;0;0;0;2;0;0;0;0
"05/03/2025";"21:28:44";"144";"Sem vítima";"279,000";"BR-101/SC";"Decrescente";"Colisão traseira";1;0;0;0;0;0;0;0;0;0;1;0;0;0;0
"06/03/2025";"05:41:33";"14";"Sem vítima";"272,000";"BR-101/SC";"Decrescente";"Colisão traseira";1;0;0;0;0;0;0;0;0;0;1;0;0;0;0
"06/03/2025";"13:27:40";"96";"Sem vítima";"248,000";"BR-101/SC";"Decrescente";"Saída de pista";1;0;0;0;0;0;0;0;0;0;1;0;0;0;0
"06/03/2025";"19:36:52";"121";"Com vítima";"303,000";"BR-101/SC";"Decrescente";"Colisão traseira";1;0;0;1;0;0;0;0;0;0;1;0;0;1;0
"06/03/2025";"20:11:01";"125";"Sem vítima";"451,000";"BR-101/SC";"Decrescente";"Colisão lateral no mesmo sentido";2;0;0;0;0;0;0;0;0;0;3;0;0;0;0
"06/03/2025";"22:49:00";"131";"Com vítima";"281,000";"BR-101/SC";"Crescente";"Queda de moto";0;0;0;1;0;0;0;0;0;0;0;0;1;1;0
"06/03/2025";"22:57:25";"133";"Com vítima";"280,000";"BR-101/SC";"Crescente";"Colisão traseira";1;0;1;0;0;0;0;0;0;0;1;0;1;0;0
"06/03/2025";"23:02:40";"134";"Sem vítima";"280,000";"BR-101/SC";"Crescente";"Colisão traseira";2;0;0;0;0;0;0;0;0;0;3;0;0;0;0
"07/03/2025";"05:04:21";"12";"Com vítima";"340,900";"BR-101/SC";"Crescente";"Choque";0;0;0;1;0;0;0;0;0;0;0;0;0;1;0
"07/03/2025";"13:59:34";"92";"Com vítima";"257,000";"BR-101/SC";"Crescente";"Colisão traseira";0;0;2;0;0;0;0;0;0;0;1;0;1;0;0
"07/03/2025";"17:20:17";"116";"Sem vítima";"315,000";"BR-101/SC";"Crescente";"Colisão traseira";2;0;0;0;0;0;0;0;0;0;3;0;0;0;0
"07/03/2025";"17:48:38";"120";"Sem vítima";"312,000";"BR-101/SC";"Crescente";"Colisão traseira";0;0;2;0;0;0;0;0;0;0;2;0;0;0;0
"08/03/2025";"17:08:42";"59";"Sem vítima";"344,000";"BR-101/SC";"Crescente";"Saída de pista";1;0;0;0;0;0;0;0;0;0;1;0;0;0;0
"09/03/2025";"06:37:40";"20";"Sem vítima";"450,000";"BR-101/SC";"Crescente";"Saída de pista";1;0;0;0;0;0;0;0;0;0;3;0;0;0;0
"09/03/2025";"07:09:42";"24";"Com vítima";"266,000";"BR-101/SC";"Crescente";"Colisão traseira";0;0;0;2;0;0;0;0;0;0;1;2;0;0;0
"09/03/2025";"11:10:39";"45";"Sem vítima";"399,000";"BR-101/SC";"Decrescente";"Choque";1;0;0;0;0;0;0;0;0;0;2;0;0;0;0
"09/03/2025";"15:40:05";"66";"Com vítima";"367,000";"BR-101/SC";"Decrescente";"Saída de pista";1;0;0;0;0;0;0;0;0;0;0;3;0;0;0
"09/03/2025";"16:38:23";"74";"Sem vítima";"298,000";"BR-101/SC";"Crescente";"Colisão traseira";2;0;0;0;0;0;0;0;0;0;5;0;0;0;0
"09/03/2025";"16:52:48";"76";"Com vítima";"405,000";"BR-101/SC";"Crescente";"Engavetamento";3;0;0;0;0;0;0;0;0;0;5;3;0;0;0
"09/03/2025";"19:53:31";"87";"Com vítima";"372,000";"BR-101/SC";"Crescente";"Queda de moto";0;0;0;1;0;0;0;0;0;0;0;0;1;0;0
"10/03/2025";"05:28:39";"14";"Sem vítima";"415,200";"BR-101/SC";"Decrescente";"Atropelamento de animal";1;0;0;0;1;0;0;0;0;0;62;0;0;0;0
"10/03/2025";"09:37:01";"67";"Sem vítima";"388,000";"BR-101/SC";"Crescente";"Saída de pista";1;0;0;0;0;0;0;0;0;0;1;0;0;0;0
"11/03/2025";"13:48:12";"89";"Sem vítima";"300,000";"BR-101/SC";"Decrescente";"Queda de moto";0;0;0;1;0;0;0;0;0;0;2;0;0;0;0
"11/03/2025";"15:31:23";"95";"Sem vítima";"399,000";"BR-101/SC";"Decrescente";"Colisão traseira";1;0;1;0;0;0;0;0;0;0;2;0;0;0;0
"12/03/2025";"06:41:27";"41";"Com vítima";"276,000";"BR-101/SC";"Crescente";"Colisão lateral no mesmo sentido";1;0;1;0;0;0;0;0;0;0;2;0;1;0;0
"12/03/2025";"07:04:55";"46";"Com vítima";"401,000";"BR-101/SC";"Crescente";"Colisão frontal";1;0;0;1;0;0;0;0;0;0;1;1;0;0;0
"12/03/2025";"08:29:03";"80";"Sem vítima";"383,000";"BR-101/SC";"Crescente";"Colisão lateral no mesmo sentido";2;0;0;0;0;0;0;0;0;0;3;0;0;0;0
"12/03/2025";"15:28:56";"136";"Sem vítima";"343,000";"BR-101/SC";"Crescente";"Colisão lateral no mesmo sentido";1;0;2;0;0;0;0;0;0;0;5;0;0;0;0
"12/03/2025";"17:40:15";"149";"Com vítima";"376,000";"BR-101/SC";"Decrescente";"Capotamento";1;0;0;0;0;0;0;0;0;0;0;1;0;0;0
"12/03/2025";"18:19:41";"152";"Sem vítima";"457,000";"BR-101/SC";"Decrescente";"Colisão lateral no mesmo sentido";1;0;1;0;0;0;0;0;0;0;3;0;0;0;0
"12/03/2025";"19:25:40";"155";"Com vítima";"439,250";"BR-101/SC";"Crescente";"Colisão traseira";1;0;0;1;0;0;0;0;0;0;1;0;0;1;0
"12/03/2025";"20:48:42";"167";"Sem vítima";"283,000";"BR-101/SC";"Crescente";"Choque";1;0;0;0;0;0;0;0;0;0;1;0;0;0;0
"12/03/2025";"22:43:55";"172";"Sem vítima";"359,000";"BR-101/SC";"Crescente";"Saída de pista";1;0;0;0;0;0;0;0;0;0;4;0;0;0;0
"13/03/2025";"05:18:47";"6";"Sem vítima";"298,000";"BR-101/SC";"Decrescente";"Choque";1;0;0;0;0;0;0;0;0;0;2;0;0;0;0
"13/03/2025";"12:59:47";"92";"Com vítima";"328,000";"BR-101/SC";"Crescente";"Queda de moto";0;0;0;1;0;0;0;0;0;0;0;1;0;0;0
"13/03/2025";"14:37:21";"106";"Sem vítima";"396,000";"BR-101/SC";"Crescente";"Colisão traseira";1;0;0;0;0;0;0;0;0;0;0;0;0;0;0
"13/03/2025";"14:39:19";"107";"Sem vítima";"292,800";"BR-101/SC";"Decrescente";"Saída de pista";0;0;1;0;0;0;0;0;0;0;1;0;0;0;0
"13/03/2025";"15:28:29";"115";"Sem vítima";"434,000";"BR-101/SC";"Crescente";"Acidentes de outra natureza";0;0;1;0;0;0;0;0;0;0;0;0;0;1;0
"13/03/2025";"15:45:08";"118";"Com vítima";"434,000";"BR-101/SC";"Crescente";"Colisão traseira";1;0;0;0;0;0;0;0;0;0;0;3;0;1;0
"13/03/2025";"17:01:18";"128";"Sem vítima";"393,000";"BR-101/SC";"Crescente";"Saída de pista";1;0;0;0;0;0;0;0;0;0;1;0;0;0;0
"13/03/2025";"20:25:22";"145";"Com vítima";"327,000";"BR-101/SC";"Crescente";"Queda de moto";0;0;0;1;0;0;0;0;0;0;0;1;0;0;0
"14/03/2025";"03:56:56";"11";"Com vítima";"381,000";"BR-101/SC";"Crescente";"Choque";1;0;0;0;0;0;0;0;0;0;0;1;0;0;0
"14/03/2025";"08:55:13";"68";"Com vítima";"332,000";"BR-101/SC";"Decrescente";"Colisão lateral no mesmo sentido";1;0;1;0;0;0;0;0;0;0;1;1;0;0;0
"14/03/2025";"14:29:03";"106";"Com vítima";"321,000";"BR-101/SC";"Crescente";"Colisão traseira";1;0;1;0;0;0;0;0;0;0;1;1;1;0;0
"14/03/2025";"14:31:38";"107";"Sem vítima";"407,000";"BR-101/SC";"Crescente";"Colisão lateral no mesmo sentido";2;0;0;0;0;0;0;0;0;0;4;0;0;0;0
"14/03/2025";"17:50:49";"122";"Sem vítima";"276,000";"BR-101/SC";"Decrescente";"Colisão traseira";2;0;0;0;0;0;0;0;0;0;2;0;0;0;0
"14/03/2025";"18:08:13";"123";"Com vítima";"357,000";"BR-101/SC";"Decrescente";"Capotamento";1;0;0;0;0;0;0;0;0;0;0;0;2;0;0
"14/03/2025";"22:33:35";"145";"Sem vítima";"329,000";"BR-101/SC";"Crescente";"Choque";1;0;0;0;0;0;0;0;0;0;1;0;0;0;0
"15/03/2025";"00:51:37";"2";"Sem vítima";"321,000";"BR-101/SC";"Decrescente";"Atropelamento de animal";0;0;1;0;0;0;0;0;0;0;1;0;0;0;0
"15/03/2025";"06:48:13";"16";"Sem vítima";"350,000";"BR-101/SC";"Crescente";"Saída de pista";1;0;0;0;0;0;0;0;0;0;1;0;0;0;0
"15/03/2025";"16:23:24";"90";"Sem vítima";"353,000";"BR-101/SC";"Decrescente";"Engavetamento";0;0;3;0;0;0;0;0;0;0;3;0;0;0;0
"16/03/2025";"01:11:11";"2";"Sem vítima";"329,000";"BR-101/SC";"Crescente";"Choque";1;0;0;0;0;0;0;0;0;0;2;0;0;0;0
"16/03/2025";"02:47:44";"5";"Sem vítima";"262,000";"BR-101/SC";"Crescente";"Tombamento";0;0;1;0;0;0;0;0;0;0;1;0;0;0;0
"16/03/2025";"11:37:44";"46";"Sem vítima";"405,000";"BR-101/SC";"Crescente";"Colisão traseira";1;0;1;0;0;0;0;0;0;0;3;0;0;0;0
"16/03/2025";"18:38:58";"75";"Sem vítima";"298,000";"BR-101/SC";"Crescente";"Colisão lateral no mesmo sentido";1;0;1;0;0;0;0;0;0;0;2;0;0;0;0
"17/03/2025";"04:59:47";"12";"Sem vítima";"270,000";"BR-101/SC";"Decrescente";"Capotamento";1;0;0;0;0;0;0;0;0;0;1;0;0;0;0
"17/03/2025";"07:39:15";"48";"Com vítima";"315,000";"BR-101/SC";"Decrescente";"Colisão traseira";2;0;0;0;0;0;0;0;0;0;2;2;0;0;0
"17/03/2025";"08:25:37";"65";"Sem vítima";"327,000";"BR-101/SC";"Crescente";"Colisão traseira";1;0;1;0;0;0;0;0;0;0;2;0;0;0;0
"18/03/2025";"09:58:59";"88";"Sem vítima";"276,000";"BR-101/SC";"Decrescente";"Colisão traseira";1;0;0;1;0;0;0;0;0;0;2;0;0;0;0
"19/03/2025";"07:43:40";"57";"Sem vítima";"328,000";"BR-101/SC";"Decrescente";"Colisão traseira";3;0;0;0;0;0;0;0;0;0;3;0;0;0;0
"19/03/2025";"08:32:47";"68";"Com vítima";"441,000";"BR-101/SC";"Crescente";"Choque";2;0;0;0;0;0;0;0;0;0;1;0;0;1;0
"19/03/2025";"13:43:17";"112";"Com vítima";"330,000";"BR-101/SC";"Crescente";"Colisão traseira";1;0;0;1;0;0;0;0;0;0;0;1;0;0;0
"19/03/2025";"18:07:12";"126";"Sem vítima";"351,000";"BR-101/SC";"Crescente";"Colisão traseira";2;0;0;0;0;0;0;0;0;0;4;0;0;0;0
"20/03/2025";"06:44:41";"38";"Sem vítima";"396,000";"BR-101/SC";"Crescente";"Colisão lateral no mesmo sentido";1;0;0;1;0;0;0;0;0;0;2;0;0;0;0
"20/03/2025";"06:59:51";"47";"Com vítima";"328,000";"BR-101/SC";"Crescente";"Engavetamento";0;0;2;1;0;0;0;0;0;0;2;0;1;0;0
"20/03/2025";"08:39:59";"79";"Sem vítima";"326,000";"BR-101/SC";"Crescente";"Colisão traseira";2;0;0;0;0;0;0;0;0;0;3;0;0;0;0
"20/03/2025";"08:41:12";"80";"Sem vítima";"336,000";"BR-101/SC";"Crescente";"Colisão traseira";2;0;0;0;0;0;0;0;0;0;6;0;0;0;0
"20/03/2025";"12:18:44";"112";"Sem vítima";"312,000";"BR-101/SC";"Decrescente";"Colisão traseira";2;0;0;0;0;0;0;0;0;0;2;0;0;0;0
"20/03/2025";"19:25:23";"162";"Com vítima";"451,000";"BR-101/SC";"Decrescente";"Colisão frontal";1;0;0;1;0;0;0;0;0;0;2;1;0;0;0
"21/03/2025";"06:06:41";"33";"Sem vítima";"352,000";"BR-101/SC";"Crescente";"Saída de pista";1;0;0;0;0;0;0;0;0;0;2;0;0;0;0
"21/03/2025";"10:38:54";"115";"Sem vítima";"359,000";"BR-101/SC";"Crescente";"Engavetamento";2;0;1;0;0;0;0;0;0;0;4;0;0;0;0
"21/03/2025";"13:12:36";"127";"Com vítima";"437,000";"BR-101/SC";"Crescente";"Saída de pista";0;0;0;1;0;0;0;0;0;0;0;1;0;0;0
"21/03/2025";"21:45:52";"194";"Com vítima";"384,000";"BR-101/SC";"Crescente";"Queda de moto";0;0;0;1;0;0;0;0;0;0;0;0;1;0;0
"21/03/2025";"22:02:56";"196";"Com vítima";"426,000";"BR-101/SC";"Decrescente";"Colisão lateral no mesmo sentido";1;0;0;1;0;0;0;0;0;0;1;1;0;0;0
"21/03/2025";"23:17:57";"197";"Sem vítima";"314,000";"BR-101/SC";"Decrescente";"Colisão traseira";2;0;0;0;0;0;0;0;0;0;3;0;0;0;0
"22/03/2025";"02:32:24";"3";"Sem vítima";"404,000";"BR-101/SC";"Crescente";"Colisão traseira";2;0;0;0;0;0;0;0;0;0;2;0;0;0;0
"22/03/2025";"04:19:19";"5";"Sem vítima";"251,000";"BR-101/SC";"Crescente";"Saída de pista";1;0;0;0;0;0;0;0;0;0;1;0;0;0;0
"22/03/2025";"13:31:21";"88";"Sem vítima";"292,000";"BR-101/SC";"Crescente";"Choque";1;0;1;0;0;0;0;0;0;0;6;0;0;0;0
"22/03/2025";"17:54:26";"100";"Com vítima";"405,000";"BR-101/SC";"Decrescente";"Colisão traseira";1;0;1;0;0;0;0;0;0;0;1;1;0;0;0
"22/03/2025";"18:28:21";"104";"Sem vítima";"422,000";"BR-101/SC";"Decrescente";"Choque";1;0;0;0;0;0;0;0;0;0;3;0;0;0;0
"22/03/2025";"18:55:14";"106";"Sem vítima";"422,000";"BR-101/SC";"Decrescente";"Colisão traseira";1;0;0;0;0;0;0;0;0;0;2;0;0;0;0
"22/03/2025";"19:15:26";"111";"Com vítima";"332,000";"BR-101/SC";"Crescente";"Colisão traseira";2;0;0;0;0;0;0;0;0;0;4;1;0;0;0
"22/03/2025";"20:06:33";"115";"Sem vítima";"443,000";"BR-101/SC";"Crescente";"Colisão transversal";2;0;0;0;0;0;0;0;0;0;3;0;0;0;0
"22/03/2025";"20:27:47";"117";"Com vítima";"334,000";"BR-101/SC";"Crescente";"Choque";1;0;0;0;0;0;0;0;0;0;2;2;0;0;0
"22/03/2025";"23:09:58";"125";"Com vítima";"416,000";"BR-101/SC";"Decrescente";"Acidentes de outra natureza";0;0;0;1;0;0;0;0;0;0;0;0;2;0;0
"22/03/2025";"23:48:27";"127";"Com vítima";"431,000";"BR-101/SC";"Decrescente";"Colisão frontal";2;0;0;0;0;0;0;0;0;0;2;0;1;0;0
"22/03/2025";"23:50:29";"128";"Sem vítima";"378,000";"BR-101/SC";"Crescente";"Saída de pista";1;0;0;0;0;0;0;0;0;0;4;0;0;0;0
"23/03/2025";"05:22:18";"7";"Sem vítima";"373,050";"BR-101/SC";"Crescente";"Capotamento";1;0;1;0;0;0;0;0;0;0;4;0;0;0;0
"23/03/2025";"07:35:09";"23";"Sem vítima";"302,000";"BR-101/SC";"Decrescente";"Saída de pista";1;0;0;0;0;0;0;0;0;0;1;0;0;0;0
"23/03/2025";"14:00:19";"53";"Sem vítima";"258,000";"BR-101/SC";"Decrescente";"Colisão traseira";1;0;1;0;0;0;0;0;0;0;3;0;0;0;0
"23/03/2025";"14:50:39";"55";"Sem vítima";"350,000";"BR-101/SC";"Decrescente";"Engavetamento";3;0;0;0;0;0;0;0;0;0;7;0;0;0;0
"23/03/2025";"16:46:45";"65";"Com vítima";"254,000";"BR-101/SC";"Crescente";"Queda de moto";0;0;0;1;0;0;0;0;0;0;0;1;0;0;0
"23/03/2025";"17:09:00";"68";"Sem vítima";"348,000";"BR-101/SC";"Crescente";"Colisão traseira";1;0;0;0;0;0;0;0;0;0;4;0;0;0;0
"23/03/2025";"20:52:25";"88";"Com vítima";"427,000";"BR-101/SC";"Decrescente";"Colisão frontal";1;0;0;1;0;0;0;0;0;0;1;0;1;0;0
"24/03/2025";"06:44:36";"23";"Sem vítima";"266,700";"BR-101/SC";"Crescente";"Saída de pista";0;0;0;1;0;0;0;0;0;0;1;0;0;0;0
"24/03/2025";"10:39:59";"89";"Com vítima";"360,000";"BR-101/SC";"Decrescente";"Queda de moto";0;0;0;1;0;0;0;0;0;0;0;2;0;0;0
"24/03/2025";"15:38:38";"119";"Sem vítima";"395,000";"BR-101/SC";"Decrescente";"Colisão traseira";1;0;1;0;0;0;0;0;0;0;2;0;0;0;0
"24/03/2025";"16:29:54";"122";"Com vítima";"328,000";"BR-101/SC";"Crescente";"Engavetamento";3;0;0;1;0;0;0;0;0;0;5;1;0;0;0
"24/03/2025";"17:13:59";"125";"Sem vítima";"362,000";"BR-101/SC";"Crescente";"Engavetamento";2;0;0;0;0;0;0;0;0;0;2;0;0;0;0
"24/03/2025";"17:57:02";"130";"Com vítima";"296,200";"BR-101/SC";"Decrescente";"Saída de pista";1;0;0;0;0;0;0;0;0;0;0;0;1;0;0
"25/03/2025";"07:35:44";"47";"Sem vítima";"382,600";"BR-101/SC";"Crescente";"Saída de pista";1;0;0;0;0;0;0;0;0;0;1;0;0;0;0
"25/03/2025";"07:59:45";"54";"Com vítima";"326,000";"BR-101/SC";"Decrescente";"Colisão traseira";1;0;0;1;0;0;0;0;0;0;3;0;1;0;0
"25/03/2025";"13:37:30";"94";"Com vítima";"416,000";"BR-101/SC";"Crescente";"Colisão traseira";2;0;0;0;0;0;0;0;0;0;1;1;0;0;0
"25/03/2025";"19:51:12";"132";"Sem vítima";"268,000";"BR-101/SC";"Decrescente";"Saída de pista";0;0;1;0;0;0;0;0;0;0;2;0;0;0;0
"26/03/2025";"03:25:47";"10";"Sem vítima";"279,900";"BR-101/SC";"Crescente";"Choque";1;0;0;0;0;0;0;0;0;0;1;0;0;0;0
"26/03/2025";"05:52:21";"14";"Sem vítima";"327,000";"BR-101/SC";"Crescente";"Saída de pista";1;0;0;0;0;0;0;0;0;0;2;0;0;0;0
"26/03/2025";"07:19:59";"41";"Com vítima";"324,000";"BR-101/SC";"Crescente";"Colisão traseira";1;0;1;0;0;0;0;0;0;0;2;0;1;0;0
"26/03/2025";"08:21:17";"68";"Com vítima";"313,000";"BR-101/SC";"Crescente";"Colisão traseira";0;0;1;1;0;0;0;0;0;0;1;0;1;0;0
"26/03/2025";"12:42:40";"107";"Com vítima";"421,000";"BR-101/SC";"Decrescente";"Queda de moto";0;0;0;1;0;0;0;0;0;0;0;0;1;0;0
"26/03/2025";"19:59:42";"144";"Com vítima";"358,000";"BR-101/SC";"Decrescente";"Capotamento";1;0;0;0;0;0;0;0;0;0;0;2;1;0;0
"27/03/2025";"06:39:46";"33";"Com vítima";"356,000";"BR-101/SC";"Crescente";"Choque";0;0;1;0;0;0;0;0;0;0;0;0;1;0;0
"27/03/2025";"08:32:42";"72";"Sem vítima";"419,000";"BR-101/SC";"Decrescente";"Saída de pista";1;0;0;0;0;0;0;0;0;0;1;0;0;0;0
"27/03/2025";"08:34:43";"73";"Sem vítima";"279,000";"BR-101/SC";"Decrescente";"Colisão traseira";1;0;0;0;0;0;0;0;0;0;1;0;0;0;0
"27/03/2025";"10:46:20";"92";"Com vítima";"444,500";"BR-101/SC";"Crescente";"Saída de pista";0;0;0;1;0;0;0;0;0;0;0;0;1;0;0
"27/03/2025";"14:31:34";"112";"Com vítima";"395,000";"BR-101/SC";"Crescente";"Saída de pista";1;0;0;0;0;0;0;0;0;0;0;1;1;0;0
"27/03/2025";"16:50:55";"126";"Com vítima";"384,000";"BR-101/SC";"Decrescente";"Tombamento";0;0;1;0;0;0;0;0;0;0;0;1;0;0;0
"27/03/2025";"19:01:06";"136";"Sem vítima";"362,000";"BR-101/SC";"Decrescente";"Colisão traseira";0;0;2;0;0;0;0;0;0;0;2;0;0;0;0
"27/03/2025";"19:13:53";"138";"Com vítima";"362,000";"BR-101/SC";"Decrescente";"Colisão traseira";2;0;0;0;0;0;0;0;0;0;4;1;0;0;0
"28/03/2025";"09:32:53";"77";"Com vítima";"331,000";"BR-101/SC";"Decrescente";"Colisão lateral no mesmo sentido";1;0;0;1;0;0;0;0;0;0;2;1;0;0;0
"28/03/2025";"12:52:59";"91";"Sem vítima";"390,000";"BR-101/SC";"Crescente";"Colisão traseira";1;0;0;0;0;0;0;0;0;0;6;0;0;0;0
"28/03/2025";"18:49:58";"118";"Sem vítima";"313,000";"BR-101/SC";"Decrescente";"Engavetamento";3;0;0;0;0;0;0;0;0;0;6;0;0;0;0
"28/03/2025";"19:24:13";"120";"Sem vítima";"357,000";"BR-101/SC";"Decrescente";"Colisão traseira";2;0;0;0;0;0;0;0;0;0;2;0;0;0;0
"29/03/2025";"08:10:10";"43";"Sem vítima";"249,000";"BR-101/SC";"Crescente";"Saída de pista";1;0;0;0;0;0;0;0;0;0;4;0;0;0;0
"29/03/2025";"09:22:44";"53";"Com vítima";"323,000";"BR-101/SC";"Decrescente";"Engavetamento";3;0;0;0;0;0;0;0;0;0;4;1;2;0;0
"29/03/2025";"11:34:58";"66";"Com vítima";"311,000";"BR-101/SC";"Decrescente";"Choque";1;0;0;0;0;0;0;0;0;0;1;0;1;0;0
"29/03/2025";"16:18:18";"87";"Sem vítima";"455,000";"BR-101/SC";"Crescente";"Saída de pista";1;0;0;0;0;0;0;0;0;0;1;0;0;0;0
"29/03/2025";"23:27:37";"120";"Sem vítima";"404,000";"BR-101/SC";"Crescente";"Colisão traseira";2;0;0;0;0;0;0;0;0;0;4;0;0;0;0
"30/03/2025";"00:22:56";"4";"Sem vítima";"406,000";"BR-101/SC";"Decrescente";"Colisão traseira";2;0;0;0;0;0;0;0;0;0;4;0;0;0;0
"31/03/2025";"02:17:29";"7";"Sem vítima";"248,500";"BR-101/SC";"Decrescente";"Saída de pista";1;0;0;0;0;0;0;0;0;0;2;0;0;0;0
"31/03/2025";"06:52:37";"27";"Sem vítima";"364,000";"BR-101/SC";"Crescente";"Saída de pista";1;0;0;0;0;0;0;0;0;0;2;0;0;0;0
"31/03/2025";"12:07:37";"105";"Sem vítima";"395,000";"BR-101/SC";"Crescente";"Choque";1;0;0;0;0;0;0;0;0;0;1;0;0;0;0
"31/03/2025";"15:02:10";"121";"Sem vítima";"332,000";"BR-101/SC";"Decrescente";"Saída de pista";2;0;0;0;0;0;0;0;0;0;2;0;0;0;0
"01/04/2025";"08:08:25";"66";"Sem vítima";"363,000";"BR-101/SC";"Decrescente";"Colisão traseira";0;0;2;0;0;0;0;0;0;0;2;0;0;0;0
"01/04/2025";"21:02:30";"151";"Sem vítima";"282,000";"BR-101/SC";"Crescente";"Saída de pista";1;0;0;0;0;0;0;0;0;0;1;0;0;0;0
"02/04/2025";"04:04:55";"11";"Sem vítima";"356,000";"BR-101/SC";"Decrescente";"Saída de pista";0;0;1;0;0;0;0;0;0;0;1;0;0;0;0
"02/04/2025";"06:58:02";"37";"Sem vítima";"409,000";"BR-101/SC";"Crescente";"Colisão lateral no mesmo sentido";1;0;0;0;0;0;0;0;0;0;1;0;0;0;0
"02/04/2025";"15:18:59";"112";"Sem vítima";"255,000";"BR-101/SC";"Decrescente";"Colisão lateral no mesmo sentido";1;0;0;0;0;0;0;0;0;0;1;0;0;0;0
"02/04/2025";"19:28:13";"127";"Com vítima";"270,000";"BR-101/SC";"Crescente";"Atropelamento de pedestre";2;0;0;0;0;0;0;0;0;0;3;0;0;0;1
"02/04/2025";"23:01:29";"145";"Com vítima";"451,000";"BR-101/SC";"Crescente";"Colisão traseira";1;0;1;0;0;0;0;0;0;0;1;0;1;3;0
"03/04/2025";"04:51:11";"9";"Sem vítima";"406,050";"BR-101/SC";"Decrescente";"Tombamento";0;0;1;0;0;0;0;0;0;0;1;0;0;0;0
"03/04/2025";"06:03:25";"11";"Com vítima";"393,400";"BR-101/SC";"Crescente";"Atropelamento de pedestre";1;0;0;0;0;0;0;0;0;0;1;0;0;0;1
"03/04/2025";"07:56:34";"42";"Sem vítima";"340,000";"BR-101/SC";"Decrescente";"Saída de pista";1;0;0;0;0;0;0;0;0;0;1;0;0;0;0
"03/04/2025";"12:15:30";"81";"Sem vítima";"350,000";"BR-101/SC";"Decrescente";"Colisão traseira";1;0;2;0;0;0;0;0;0;0;5;0;0;0;0
"03/04/2025";"19:33:48";"106";"Com vítima";"424,750";"BR-101/SC";"Decrescente";"Atropelamento de pedestre";1;0;0;0;0;0;0;0;0;0;0;0;0;0;1
"03/04/2025";"21:12:17";"108";"Com vítima";"257,000";"BR-101/SC";"Crescente";"Queda de moto";0;0;0;1;0;0;0;0;0;0;0;0;1;0;0
"03/04/2025";"21:17:27";"109";"Com vítima";"414,800";"BR-101/SC";"Crescente";"Queda de moto";0;0;0;1;0;0;0;0;0;0;0;1;0;0;0
"03/04/2025";"22:38:29";"113";"Sem vítima";"330,000";"BR-101/SC";"Decrescente";"Choque";1;0;0;0;0;0;0;0;0;0;2;0;0;0;0
"04/04/2025";"06:11:19";"15";"Sem vítima";"298,000";"BR-101/SC";"Decrescente";"Colisão traseira";1;0;1;0;0;0;0;0;0;0;4;0;0;0;0
"04/04/2025";"06:58:45";"37";"Sem vítima";"380,000";"BR-101/SC";"Crescente";"Colisão frontal";1;0;0;1;0;0;0;0;0;0;2;0;0;0;0
"05/04/2025";"00:23:12";"1";"Com vítima";"292,000";"BR-101/SC";"Crescente";"Capotamento";1;0;0;0;0;0;0;0;0;0;0;0;1;0;0
"05/04/2025";"02:40:32";"2";"Com vítima";"320,000";"BR-101/SC";"Decrescente";"Queda de moto";0;0;0;1;0;0;0;0;0;0;0;0;1;0;0