data;horario;n_da_ocorrencia;tipo_de_ocorrencia;km;trecho;sentido;tipo_de_acidente;automovel;bicicleta;caminhao;moto;onibus;outros;tracao_animal;transporte_de_cargas_especiais;trator_maquinas;utilitarios;ilesos;levemente_feridos;moderadamente_feridos;gravemente_feridos;mortos
"05/04/2025";"11:40:57";"69";"Sem vítima";"427,000";"BR-101/SC";"Crescente";"Capotamento";1;0;0;0;0;0;0;0;0;0;3;0;0;0;0
"05/04/2025";"14:19:27";"78";"Sem vítima";"424,000";"BR-101/SC";"Decrescente";"Choque";0;0;1;0;0;0;0;0;0;0;2;0;0;0;0
"05/04/2025";"16:42:46";"91";"Com vítima";"333,700";"BR-101/SC";"Decrescente";"Colisão lateral no mesmo sentido";1;0;0;1;0;0;0;0;0;0;1;1;0;0;0
"05/04/2025";"19:33:30";"103";"Com vítima";"332,000";"BR-101/SC";"Decrescente";"Colisão transversal";1;0;0;1;0;0;0;0;0;0;1;1;0;0;0
"06/04/2025";"00:22:50";"1";"Sem vítima";"374,000";"BR-101/SC";"Crescente";"Choque";1;0;0;0;0;0;0;0;0;0;1;0;0;0;0
"06/04/2025";"03:26:43";"13";"Sem vítima";"423,000";"BR-101/SC";"Decrescente";"Acidentes de outra natureza";0;0;1;0;0;0;0;0;0;0;1;0;0;1;0
"06/04/2025";"06:39:23";"25";"Com vítima";"443,000";"BR-101/SC";"Crescente";"Colisão traseira";1;0;1;0;0;0;0;0;0;0;4;1;0;0;0
"06/04/2025";"14:11:19";"53";"Sem vítima";"405,000";"BR-101/SC";"Crescente";"Colisão traseira";2;0;0;0;0;0;0;0;0;0;4;0;0;0;0
"07/04/2025";"03:53:39";"2";"Com vítima";"257,000";"BR-101/SC";"Decrescente";"Capotamento";1;0;0;0;0;0;0;0;0;0;0;1;0;0;0
"07/04/2025";"06:52:17";"8";"Sem vítima";"374,000";"BR-101/SC";"Decrescente";"Saída de pista";1;0;0;0;0;0;0;0;0;0;1;0;0;0;0
"07/04/2025";"07:01:44";"10";"Com vítima";"274,000";"BR-101/SC";"Crescente";"Colisão traseira";1;0;0;1;0;0;0;0;0;0;2;1;0;0;0
"07/04/2025";"08:53:34";"49";"Com vítima";"288,000";"BR-101/SC";"Decrescente";"Choque";1;0;0;0;0;0;0;0;0;0;1;0;1;0;0
"07/04/2025";"09:26:05";"60";"Com vítima";"434,000";"BR-101/SC";"Decrescente";"Colisão lateral no mesmo sentido";1;0;0;1;0;0;0;0;0;0;1;1;0;0;0
"08/04/2025";"06:29:02";"14";"Sem vítima";"373,000";"BR-101/SC";"Decrescente";"Saída de pista";1;0;0;0;0;0;0;0;0;0;1;0;0;0;0
"08/04/2025";"13:12:59";"71";"Com vítima";"298,800";"BR-101/SC";"Crescente";"Colisão traseira";1;0;1;0;0;0;0;0;0;0;3;2;0;0;0
"09/04/2025";"00:34:18";"2";"Sem vítima";"368,000";"BR-101/SC";"Crescente";"Saída de pista";0;0;1;0;0;0;0;0;0;0;1;0;0;0;0
"09/04/2025";"06:21:53";"11";"Sem vítima";"275,000";"BR-101/SC";"Crescente";"Saída de pista";1;0;0;0;0;0;0;0;0;0;2;0;0;0;0
"09/04/2025";"09:34:08";"91";"Sem vítima";"340,000";"BR-101/SC";"Crescente";"Saída de pista";0;0;1;0;0;0;0;0;0;0;1;0;0;0;0
"09/04/2025";"14:29:18";"129";"Sem vítima";"284,000";"BR-101/SC";"Crescente";"Choque";1;0;0;0;0;0;0;0;0;0;1;0;0;0;0
"09/04/2025";"16:55:45";"145";"Sem vítima";"342,000";"BR-101/SC";"Crescente";"Saída de pista";1;0;0;0;0;0;0;0;0;0;1;0;0;0;0
"10/04/2025";"11:42:23";"73";"Sem vítima";"273,000";"BR-101/SC";"Decrescente";"Colisão lateral no mesmo sentido";1;0;1;0;0;0;0;0;0;0;2;0;0;0;0
"10/04/2025";"12:51:52";"80";"Sem vítima";"277,000";"BR-101/SC";"Crescente";"Colisão traseira";2;0;0;0;0;0;0;0;0;0;3;0;0;0;0
"10/04/2025";"17:42:53";"112";"Sem vítima";"260,000";"BR-101/SC";"Crescente";"Saída de pista";1;0;0;0;0;0;0;0;0;0;1;0;0;0;0
"10/04/2025";"20:55:02";"126";"Sem vítima";"336,000";"BR-101/SC";"Crescente";"Choque";1;0;0;0;0;0;0;0;0;0;2;0;0;0;0
"11/04/2025";"05:20:50";"15";"Sem vítima";"264,000";"BR-101/SC";"Crescente";"Tombamento";0;0;1;0;0;0;0;0;0;0;1;0;0;0;0
"11/04/2025";"05:53:39";"20";"Com vítima";"258,000";"BR-101/SC";"Decrescente";"Saída de pista";1;0;0;0;0;0;0;0;0;0;3;2;0;0;0
"11/04/2025";"15:50:13";"107";"Sem vítima";"366,000";"BR-101/SC";"Crescente";"Capotamento";1;0;0;0;0;0;0;0;0;0;3;0;0;0;0
"11/04/2025";"16:35:48";"113";"Sem vítima";"394,000";"BR-101/SC";"Crescente";"Saída de pista";1;0;0;0;0;0;0;0;0;0;2;0;0;0;0
"11/04/2025";"18:35:33";"121";"Com vítima";"332,000";"BR-101/SC";"Decrescente";"Colisão lateral no mesmo sentido";0;0;0;2;0;0;0;0;0;0;1;1;0;0;0
"12/04/2025";"03:30:41";"8";"Sem vítima";"373,000";"BR-101/SC";"Crescente";"Tombamento";0;0;1;0;0;0;0;0;0;0;1;0;0;0;0
"12/04/2025";"06:48:56";"16";"Sem vítima";"399,400";"BR-101/SC";"Decrescente";"Choque";1;0;0;0;0;0;0;0;0;0;1;0;0;0;0
"12/04/2025";"08:15:39";"28";"Sem vítima";"399,000";"BR-101/SC";"Crescente";"Choque";1;0;0;0;0;0;0;0;0;0;3;0;0;0;0
"12/04/2025";"13:08:01";"74";"Sem vítima";"444,000";"BR-101/SC";"Crescente";"Colisão frontal";2;0;0;0;0;0;0;0;0;0;4;0;0;0;0
"12/04/2025";"20:12:30";"106";"Com vítima";"331,000";"BR-101/SC";"Decrescente";"Queda de carga";0;0;0;1;0;0;0;0;0;0;0;0;0;1;0
"13/04/2025";"19:31:29";"61";"Sem vítima";"356,400";"BR-101/SC";"Decrescente";"Saída de pista";1;0;0;0;0;0;0;0;0;0;1;0;0;0;0
"14/04/2025";"03:40:49";"15";"Sem vítima";"369,800";"BR-101/SC";"Decrescente";"Capotamento";1;0;0;0;0;0;0;0;0;0;1;0;0;0;0
"14/04/2025";"07:43:47";"49";"Sem vítima";"391,000";"BR-101/SC";"Decrescente";"Colisão traseira";0;0;1;0;1;0;0;0;0;0;23;0;0;0;0
"14/04/2025";"18:23:34";"127";"Sem vítima";"279,000";"BR-101/SC";"Crescente";"Colisão traseira";1;0;0;1;0;0;0;0;0;0;2;0;0;0;0
"16/04/2025";"03:07:48";"5";"Sem vítima";"280,000";"BR-101/SC";"Crescente";"Saída de pista";0;0;1;0;0;0;0;0;0;0;1;0;0;0;0
"16/04/2025";"18:21:59";"129";"Com vítima";"445,000";"BR-101/SC";"Crescente";"Queda de moto";0;0;0;1;0;0;0;0;0;0;0;1;0;0;0
"17/04/2025";"00:52:35";"2";"Com vítima";"313,000";"BR-101/SC";"Crescente";"Colisão traseira";1;0;1;0;0;0;0;0;0;0;3;0;2;0;0
"17/04/2025";"08:48:29";"63";"Sem vítima";"406,000";"BR-101/SC";"Decrescente";"Choque";1;0;0;0;0;0;0;0;0;0;1;0;0;0;0
"17/04/2025";"09:57:27";"75";"Sem vítima";"375,000";"BR-101/SC";"Crescente";"Saída de pista";0;0;1;0;0;0;0;0;0;0;1;0;0;0;0
"17/04/2025";"11:01:19";"85";"Com vítima";"356,000";"BR-101/SC";"Decrescente";"Colisão traseira";5;0;0;0;0;0;0;0;0;0;8;1;0;0;0
"17/04/2025";"12:19:59";"94";"Sem vítima";"359,000";"BR-101/SC";"Decrescente";"Colisão traseira";1;0;1;0;0;0;0;0;0;0;5;0;0;0;0
"17/04/2025";"13:13:28";"99";"Sem vítima";"267,000";"BR-101/SC";"Crescente";"Saída de pista";1;0;0;0;0;0;0;0;0;0;2;0;0;0;0
"17/04/2025";"18:31:41";"130";"Sem vítima";"373,000";"BR-101/SC";"Decrescente";"Saída de pista";1;0;0;0;0;0;0;0;0;0;5;0;0;0;0
"17/04/2025";"18:40:12";"131";"Sem vítima";"331,000";"BR-101/SC";"Decrescente";"Engavetamento";2;0;0;0;1;0;0;0;0;0;4;0;0;0;0
"17/04/2025";"18:47:09";"132";"Sem vítima";"263,000";"BR-101/SC";"Crescente";"Choque";0;0;1;0;0;0;0;0;0;0;1;0;0;0;0
"17/04/2025";"19:14:52";"133";"Sem vítima";"336,000";"BR-101/SC";"Decrescente";"Colisão traseira";1;0;0;0;0;0;0;0;0;0;1;0;0;0;0
"17/04/2025";"19:30:59";"137";"Com vítima";"334,000";"BR-101/SC";"Decrescente";"Engavetamento";3;0;0;0;0;0;0;0;0;0;4;0;1;0;0
"17/04/2025";"19:35:19";"138";"Sem vítima";"334,000";"BR-101/SC";"Decrescente";"Engavetamento";2;0;0;0;0;0;0;0;0;0;2;0;0;0;0
"18/04/2025";"04:25:42";"14";"Sem vítima";"435,000";"BR-101/SC";"Crescente";"Saída de pista";1;0;0;0;0;0;0;0;0;0;1;0;0;0;0
"18/04/2025";"05:04:42";"16";"Sem vítima";"338,000";"BR-101/SC";"Crescente";"Saída de pista";1;0;0;0;0;0;0;0;0;0;3;0;0;0;0
"18/04/2025";"05:24:48";"18";"Sem vítima";"346,000";"BR-101/SC";"Decrescente";"Colisão lateral no mesmo sentido";1;0;0;0;0;0;0;0;0;0;1;0;0;0;0
"18/04/2025";"06:14:21";"24";"Sem vítima";"363,000";"BR-101/SC";"Decrescente";"Colisão traseira";1;0;0;0;0;0;0;0;0;0;2;0;0;0;0
"18/04/2025";"06:44:14";"26";"Sem vítima";"316,000";"BR-101/SC";"Crescente";"Colisão traseira";2;0;0;0;0;0;0;0;0;0;3;0;0;0;0
"18/04/2025";"06:55:07";"28";"Sem vítima";"421,000";"BR-101/SC";"Crescente";"Choque";1;0;0;0;0;0;0;0;0;0;1;0;0;0;0
"18/04/2025";"08:44:35";"40";"Sem vítima";"327,000";"BR-101/SC";"Decrescente";"Colisão traseira";3;0;0;0;0;0;0;0;0;0;3;0;0;0;0
"18/04/2025";"09:30:56";"49";"Sem vítima";"331,000";"BR-101/SC";"Decrescente";"Engavetamento";3;0;0;0;0;0;0;0;0;0;3;0;0;0;0
"18/04/2025";"09:39:58";"52";"Com vítima";"457,000";"BR-101/SC";"Decrescente";"Queda de moto";0;0;0;1;0;0;0;0;0;0;1;1;0;0;0
"18/04/2025";"09:58:29";"53";"Com vítima";"333,000";"BR-101/SC";"Decrescente";"Engavetamento";3;0;0;0;0;0;0;0;0;0;2;0;1;0;0
"18/04/2025";"10:08:00";"54";"Com vítima";"353,000";"BR-101/SC";"Decrescente";"Saída de pista";1;0;0;0;0;0;0;0;0;0;1;1;0;0;0
"18/04/2025";"10:35:08";"59";"Sem vítima";"320,000";"BR-101/SC";"Decrescente";"Colisão traseira";1;0;0;0;0;0;0;0;0;0;1;0;0;0;0
"18/04/2025";"11:38:23";"67";"Sem vítima";"404,000";"BR-101/SC";"Decrescente";"Colisão traseira";2;0;0;0;0;0;0;0;0;0;5;0;0;0;0
"18/04/2025";"12:30:29";"77";"Com vítima";"322,600";"BR-101/SC";"Decrescente";"Colisão traseira";0;0;1;1;0;0;0;0;0;0;1;0;0;0;1
"18/04/2025";"13:27:07";"82";"Com vítima";"327,000";"BR-101/SC";"Crescente";"Choque";1;0;0;0;0;0;0;0;0;0;0;1;0;0;0
"18/04/2025";"14:55:32";"89";"Sem vítima";"334,000";"BR-101/SC";"Decrescente";"Colisão lateral no mesmo sentido";1;0;0;0;0;0;0;0;0;0;1;0;0;0;0
"18/04/2025";"16:21:58";"99";"Com vítima";"351,000";"BR-101/SC";"Crescente";"Colisão traseira";1;0;0;1;0;0;0;0;0;0;4;0;1;0;0
"19/04/2025";"01:13:54";"1";"Sem vítima";"329,000";"BR-101/SC";"Crescente";"Saída de pista";1;0;0;0;0;0;0;0;0;0;2;0;0;0;0
"19/04/2025";"14:43:30";"63";"Com vítima";"318,000";"BR-101/SC";"Crescente";"Queda de moto";0;0;0;1;0;0;0;0;0;0;0;1;1;0;0
"19/04/2025";"18:52:36";"77";"Com vítima";"276,000";"BR-101/SC";"Decrescente";"Atropelamento de pedestre";1;0;0;0;0;0;0;0;0;0;2;0;0;0;1
"19/04/2025";"19:26:00";"78";"Sem vítima";"276,000";"BR-101/SC";"Decrescente";"Colisão traseira";1;0;0;0;0;0;0;0;0;0;4;0;0;0;0
"19/04/2025";"22:04:36";"85";"Com vítima";"289,000";"BR-101/SC";"Crescente";"Queda de moto";0;0;0;1;0;0;0;0;0;0;0;1;0;0;0
"20/04/2025";"18:25:57";"53";"Sem vítima";"282,000";"BR-101/SC";"Crescente";"Capotamento";1;0;0;0;0;0;0;0;0;0;1;0;0;0;0
"21/04/2025";"11:07:25";"37";"Sem vítima";"297,000";"BR-101/SC";"Crescente";"Colisão traseira";2;0;0;0;0;0;0;0;0;0;2;0;0;0;0
"21/04/2025";"11:32:10";"40";"Sem vítima";"336,000";"BR-101/SC";"Crescente";"Colisão traseira";2;0;0;0;0;0;0;0;0;0;2;0;0;0;0
"21/04/2025";"13:36:02";"47";"Com vítima";"276,000";"BR-101/SC";"Crescente";"Colisão traseira";2;0;0;0;0;0;0;0;0;0;6;1;0;0;0
"21/04/2025";"16:49:37";"61";"Sem vítima";"252,000";"BR-101/SC";"Crescente";"Colisão transversal";2;0;0;0;0;0;0;0;0;0;2;0;0;0;0
"21/04/2025";"17:19:59";"64";"Sem vítima";"270,000";"BR-101/SC";"Decrescente";"Saída de pista";1;0;0;0;0;0;0;0;0;0;3;0;0;0;0
"21/04/2025";"19:05:31";"77";"Sem vítima";"322,000";"BR-101/SC";"Crescente";"Engavetamento";2;0;1;0;0;0;0;0;0;0;3;0;0;0;0
"21/04/2025";"19:27:41";"78";"Com vítima";"402,000";"BR-101/SC";"Crescente";"Engavetamento";3;0;0;0;0;0;0;0;0;0;3;0;1;0;0
"22/04/2025";"15:44:58";"79";"Com vítima";"344,000";"BR-101/SC";"Decrescente";"Colisão lateral no mesmo sentido";1;0;0;1;0;0;0;0;0;0;1;0;1;0;0
"23/04/2025";"06:28:55";"16";"Com vítima";"264,000";"BR-101/SC";"Crescente";"Saída de pista";1;0;0;0;0;0;0;0;0;0;0;2;0;0;0
"23/04/2025";"21:19:55";"149";"Sem vítima";"430,000";"BR-101/SC";"Crescente";"Atropelamento de animal";1;0;0;0;0;0;0;0;0;0;1;0;0;0;0
"24/04/2025";"01:14:58";"2";"Sem vítima";"404,000";"BR-101/SC";"Decrescente";"Colisão lateral no mesmo sentido";0;0;2;0;0;0;0;0;0;0;2;0;0;0;0
"24/04/2025";"05:24:16";"8";"Sem vítima";"371,000";"BR-101/SC";"Crescente";"Saída de pista";0;0;1;0;0;0;0;0;0;0;1;0;0;0;0
"24/04/2025";"10:26:53";"91";"Com vítima";"420,000";"BR-101/SC";"Decrescente";"Colisão traseira";1;0;0;1;0;0;0;0;0;0;1;0;1;0;0
"24/04/2025";"12:01:13";"102";"Com vítima";"438,000";"BR-101/SC";"Crescente";"Colisão traseira";1;0;1;0;0;0;0;0;0;0;1;2;0;0;0
"24/04/2025";"13:26:05";"111";"Sem vítima";"279,800";"BR-101/SC";"Crescente";"Colisão lateral no mesmo sentido";1;0;1;0;0;0;0;0;0;0;2;0;0;0;0
"24/04/2025";"15:32:27";"120";"Sem vítima";"308,000";"BR-101/SC";"Crescente";"Colisão lateral no mesmo sentido";0;0;2;0;0;0;0;0;0;0;2;0;0;0;0
"24/04/2025";"18:27:00";"128";"Com vítima";"303,000";"BR-101/SC";"Decrescente";"Choque";1;0;0;0;0;0;0;0;0;0;1;0;1;0;0
"24/04/2025";"22:12:33";"140";"Sem vítima";"404,000";"BR-101/SC";"Decrescente";"Acidentes de outra natureza";0;0;1;0;0;0;0;0;0;0;1;0;0;0;0
"25/04/2025";"11:37:03";"81";"Com vítima";"293,000";"BR-101/SC";"Decrescente";"Colisão lateral no mesmo sentido";1;0;0;1;0;0;0;0;0;0;1;1;0;0;0
"25/04/2025";"14:38:46";"101";"Sem vítima";"253,000";"BR-101/SC";"Crescente";"Colisão lateral no mesmo sentido";2;0;0;0;0;0;0;0;0;0;3;0;0;0;0
"25/04/2025";"16:15:24";"107";"Sem vítima";"369,000";"BR-101/SC";"Decrescente";"Colisão lateral no mesmo sentido";0;0;2;0;0;0;0;0;0;0;2;0;0;0;0
"25/04/2025";"19:52:07";"123";"Com vítima";"403,000";"BR-101/SC";"Crescente";"Colisão traseira";1;0;1;0;0;0;0;0;0;0;4;2;0;0;0
"25/04/2025";"20:17:00";"125";"Com vítima";"358,000";"BR-101/SC";"Crescente";"Colisão frontal";1;1;0;0;0;0;0;0;0;0;1;0;1;0;0
"25/04/2025";"22:09:36";"133";"Com vítima";"447,750";"BR-101/SC";"Crescente";"Choque";0;0;0;1;0;0;0;0;0;0;0;0;0;0;1
"25/04/2025";"23:01:19";"136";"Sem vítima";"269,800";"BR-101/SC";"Decrescente";"Saída de pista";1;0;0;0;0;0;0;0;0;0;1;0;0;0;0
"26/04/2025";"00:26:07";"2";"Sem vítima";"277,000";"BR-101/SC";"Crescente";"Choque";1;0;0;0;0;0;0;0;0;0;1;0;0;0;0
"26/04/2025";"06:13:48";"6";"Sem vítima";"253,200";"BR-101/SC";"Decrescente";"Saída de pista";1;0;0;0;0;0;0;0;0;0;1;0;0;0;0
"26/04/2025";"06:55:40";"12";"Sem vítima";"397,000";"BR-101/SC";"Crescente";"Choque";1;0;0;0;0;0;0;0;0;0;1;0;0;0;0
"26/04/2025";"17:29:20";"70";"Sem vítima";"294,000";"BR-101/SC";"Crescente";"Colisão traseira";1;0;1;0;0;0;0;0;0;0;2;0;0;0;0
"26/04/2025";"18:40:27";"76";"Com vítima";"428,000";"BR-101/SC";"Decrescente";"Colisão transversal";1;0;0;1;0;0;0;0;0;0;2;1;0;0;0
"27/04/2025";"01:17:41";"3";"Sem vítima";"334,000";"BR-101/SC";"Crescente";"Saída de pista";1;0;0;0;0;0;0;0;0;0;1;0;0;0;0
"27/04/2025";"17:23:22";"59";"Com vítima";"329,000";"BR-101/SC";"Decrescente";"Colisão traseira";1;0;0;1;0;0;0;0;0;0;2;0;2;0;0
"27/04/2025";"22:08:03";"83";"Sem vítima";"363,000";"BR-101/SC";"Crescente";"Choque";1;0;0;0;0;0;0;0;0;0;2;0;0;0;0
"28/04/2025";"06:58:03";"30";"Com vítima";"312,000";"BR-101/SC";"Crescente";"Colisão traseira";2;0;0;0;0;0;0;0;0;0;1;0;1;0;0
"28/04/2025";"07:41:12";"51";"Com vítima";"426,000";"BR-101/SC";"Decrescente";"Colisão transversal";1;0;0;1;0;0;0;0;0;0;1;1;0;0;0
"28/04/2025";"10:50:38";"88";"Com vítima";"335,000";"BR-101/SC";"Crescente";"Colisão traseira";0;0;1;1;0;0;0;0;0;0;1;0;0;1;0
"29/04/2025";"06:09:55";"15";"Com vítima";"278,000";"BR-101/SC";"Crescente";"Colisão frontal";0;0;0;1;0;0;0;0;0;0;0;1;0;0;0
"29/04/2025";"08:14:39";"54";"Sem vítima";"406,000";"BR-101/SC";"Crescente";"Colisão traseira";0;0;1;0;0;0;0;0;0;0;1;0;0;0;0
"29/04/2025";"17:14:44";"126";"Sem vítima";"382,000";"BR-101/SC";"Crescente";"Saída de pista";1;0;0;0;0;0;0;0;0;0;1;0;0;0;0
"29/04/2025";"18:57:56";"130";"Com vítima";"308,000";"BR-101/SC";"Decrescente";"Colisão lateral no mesmo sentido";0;1;0;1;0;0;0;0;0;0;0;0;1;1;0
"29/04/2025";"20:17:32";"135";"Com vítima";"321,000";"BR-101/SC";"Crescente";"Queda de moto";0;0;0;1;0;0;0;0;0;0;0;0;2;0;0
"30/04/2025";"16:06:13";"122";"Sem vítima";"344,000";"BR-101/SC";"Crescente";"Colisão traseira";1;0;0;0;0;0;0;0;0;0;3;0;0;0;0
"01/05/2025";"05:46:11";"15";"Com vítima";"306,000";"BR-101/SC";"Decrescente";"Colisão traseira";1;0;1;0;0;0;0;0;0;0;3;0;1;0;0
"02/05/2025";"08:18:49";"39";"Sem vítima";"337,000";"BR-101/SC";"Crescente";"Colisão traseira";2;0;0;0;0;0;0;0;0;0;0;0;0;0;0
"02/05/2025";"20:14:34";"90";"Com vítima";"334,000";"BR-101/SC";"Decrescente";"Queda de moto";0;0;0;1;0;0;0;0;0;0;0;0;1;0;0
"03/05/2025";"10:37:28";"69";"Com vítima";"416,000";"BR-101/SC";"Decrescente";"Colisão traseira";2;0;0;0;0;0;0;0;0;0;2;1;0;0;0
"03/05/2025";"12:04:13";"76";"Com vítima";"449,000";"BR-101/SC";"Crescente";"Colisão lateral no mesmo sentido";0;0;0;2;0;0;0;0;0;0;0;2;0;0;0
"04/05/2025";"09:11:04";"21";"Com vítima";"404,000";"BR-101/SC";"Crescente";"Colisão traseira";2;0;0;0;0;0;0;0;0;0;6;1;0;0;0
"04/05/2025";"16:17:01";"46";"Sem vítima";"282,000";"BR-101/SC";"Decrescente";"Colisão traseira";1;0;0;0;0;0;0;0;0;0;2;0;0;0;0
"04/05/2025";"18:09:40";"55";"Sem vítima";"382,000";"BR-101/SC";"Decrescente";"Colisão traseira";2;0;0;0;0;0;0;0;0;0;8;0;0;0;0
"04/05/2025";"19:15:31";"62";"Sem vítima";"333,000";"BR-101/SC";"Crescente";"Colisão lateral no mesmo sentido";2;0;0;0;0;0;0;0;0;0;2;0;0;0;0
"04/05/2025";"22:07:13";"69";"Com vítima";"282,000";"BR-101/SC";"Decrescente";"Queda de moto";0;0;0;1;0;0;0;0;0;0;0;1;0;0;0
"04/05/2025";"22:11:37";"70";"Sem vítima";"318,300";"BR-101/SC";"Crescente";"Engavetamento";2;0;1;0;0;0;0;0;0;0;6;0;0;0;0
"05/05/2025";"07:16:52";"23";"Com vítima";"334,000";"BR-101/SC";"Decrescente";"Colisão traseira";1;0;0;1;0;0;0;0;0;0;1;2;0;0;0
"05/05/2025";"14:45:11";"104";"Sem vítima";"386,000";"BR-101/SC";"Decrescente";"Colisão traseira";2;0;0;0;0;0;0;0;0;0;3;0;0;0;0
"05/05/2025";"17:31:12";"111";"Com vítima";"326,000";"BR-101/SC";"Crescente";"Colisão traseira";0;0;0;1;0;0;0;0;0;0;0;0;0;1;0
"05/05/2025";"17:51:03";"112";"Com vítima";"384,000";"BR-101/SC";"Decrescente";"Colisão traseira";3;0;0;1;0;0;0;0;0;0;3;0;1;0;0
"05/05/2025";"19:09:05";"119";"Sem vítima";"386,000";"BR-101/SC";"Decrescente";"Colisão traseira";2;0;0;0;0;0;0;0;0;0;2;0;0;0;0
"06/05/2025";"03:32:17";"6";"Sem vítima";"350,000";"BR-101/SC";"Decrescente";"Saída de pista";1;0;0;0;0;0;0;0;0;0;2;0;0;0;0
"07/05/2025";"05:09:03";"7";"Com vítima";"398,000";"BR-101/SC";"Decrescente";"Queda de moto";0;0;0;1;0;0;0;0;0;0;0;0;1;0;0
"07/05/2025";"06:37:08";"17";"Com vítima";"398,000";"BR-101/SC";"Decrescente";"Queda de moto";0;0;0;1;0;0;0;0;0;0;0;0;0;1;0
"07/05/2025";"07:43:01";"48";"Sem vítima";"374,500";"BR-101/SC";"Crescente";"Saída de pista";1;0;0;0;0;0;0;0;0;0;1;0;0;0;0
"07/05/2025";"10:27:53";"85";"Com vítima";"288,000";"BR-101/SC";"Decrescente";"Colisão frontal";1;1;0;0;0;0;0;0;0;0;1;1;0;0;0
"07/05/2025";"12:46:41";"111";"Com vítima";"340,700";"BR-101/SC";"Decrescente";"Colisão lateral no mesmo sentido";2;0;0;0;0;0;0;0;0;0;1;1;0;0;0
"07/05/2025";"16:37:02";"144";"Sem vítima";"367,000";"BR-101/SC";"Crescente";"Colisão traseira";0;0;2;0;0;0;0;0;0;0;3;0;0;0;0
"07/05/2025";"18:49:11";"155";"Com vítima";"380,400";"BR-101/SC";"Crescente";"Choque";0;0;0;1;0;0;0;0;0;0;0;0;0;1;0
"08/05/2025";"18:52:01";"152";"Com vítima";"333,000";"BR-101/SC";"Decrescente";"Colisão frontal";0;0;0;2;0;0;0;0;0;0;0;2;0;0;0
"09/05/2025";"09:25:43";"71";"Com vítima";"422,800";"BR-101/SC";"Decrescente";"Colisão traseira";1;0;0;1;0;0;0;0;0;0;1;0;0;0;1
"09/05/2025";"09:38:14";"73";"Com vítima";"423,050";"BR-101/SC";"Decrescente";"Engavetamento";3;0;0;0;0;0;0;0;0;0;2;0;2;0;0
"09/05/2025";"18:57:31";"117";"Sem vítima";"335,000";"BR-101/SC";"Crescente";"Choque";1;0;0;0;0;0;0;0;0;0;1;0;0;0;0
"09/05/2025";"19:54:27";"119";"Sem vítima";"333,000";"BR-101/SC";"Decrescente";"Colisão lateral no mesmo sentido";2;0;0;0;0;0;0;0;0;0;2;0;0;0;0
"10/05/2025";"08:25:53";"42";"Sem vítima";"381,000";"BR-101/SC";"Crescente";"Colisão lateral no mesmo sentido";2;0;0;0;0;0;0;0;0;0;2;0;0;0;0
"10/05/2025";"19:15:53";"96";"Sem vítima";"395,000";"BR-101/SC";"Decrescente";"Colisão traseira";1;0;0;0;0;0;0;0;0;0;4;0;0;0;0
"11/05/2025";"02:33:06";"6";"Com vítima";"326,000";"BR-101/SC";"Crescente";"Colisão traseira";0;0;0;1;0;0;0;0;0;0;0;0;2;0;0
"11/05/2025";"04:15:44";"13";"Com vítima";"392,000";"BR-101/SC";"Crescente";"Colisão lateral no mesmo sentido";1;0;1;0;0;0;0;0;0;0;2;2;0;0;0
"11/05/2025";"05:53:07";"17";"Sem vítima";"376,500";"BR-101/SC";"Decrescente";"Colisão traseira";1;0;1;0;0;0;0;0;0;0;2;0;0;0;0
"11/05/2025";"08:29:41";"30";"Sem vítima";"331,000";"BR-101/SC";"Decrescente";"Saída de pista";1;0;0;0;0;0;0;0;0;0;1;0;0;0;0
"11/05/2025";"14:40:10";"156";"Sem vítima";"304,000";"BR-101/SC";"Crescente";"Colisão lateral no mesmo sentido";1;0;0;0;0;0;0;0;0;0;3;0;0;0;0
"11/05/2025";"18:13:07";"175";"Sem vítima";"287,000";"BR-101/SC";"Decrescente";"Saída de pista";2;0;0;0;0;0;0;0;0;0;6;0;0;0;0
"11/05/2025";"19:17:36";"179";"Sem vítima";"251,000";"BR-101/SC";"Crescente";"Saída de pista";1;0;0;0;0;0;0;0;0;0;1;0;0;0;0
"11/05/2025";"21:04:36";"182";"Sem vítima";"358,000";"BR-101/SC";"Crescente";"Colisão transversal";2;0;0;0;0;0;0;0;0;0;4;0;0;0;0