data;horario;n_da_ocorrencia;tipo_de_ocorrencia;km;trecho;sentido;tipo_de_acidente;automovel;bicicleta;caminhao;moto;onibus;outros;tracao_animal;transporte_de_cargas_especiais;trator_maquinas;utilitarios;ilesos;levemente_feridos;moderadamente_feridos;gravemente_feridos;mortos
"12/05/2025";"00:18:39";"1";"Sem vítima";"404,000";"BR-101/SC";"Crescente";"Colisão transversal";1;0;1;0;0;0;0;0;0;0;3;0;0;0;0
"12/05/2025";"03:37:59";"5";"Sem vítima";"436,000";"BR-101/SC";"Crescente";"Colisão lateral no mesmo sentido";1;0;0;0;1;0;0;0;0;0;1;0;0;0;0
"12/05/2025";"14:09:51";"131";"Sem vítima";"282,000";"BR-101/SC";"Decrescente";"Colisão lateral no mesmo sentido";2;0;0;0;0;0;0;0;0;0;2;0;0;0;0
"13/05/2025";"06:47:17";"29";"Com vítima";"416,400";"BR-101/SC";"Crescente";"Colisão frontal";0;0;1;1;0;0;0;0;0;0;0;0;1;0;1
"13/05/2025";"07:57:51";"59";"Sem vítima";"416,000";"BR-101/SC";"Crescente";"Colisão lateral no mesmo sentido";1;0;0;0;0;0;0;0;0;0;1;0;0;0;0
"13/05/2025";"08:05:02";"62";"Sem vítima";"389,000";"BR-101/SC";"Decrescente";"Colisão traseira";0;0;2;0;0;0;0;0;0;0;3;0;0;0;0
"13/05/2025";"10:47:39";"86";"Com vítima";"463,000";"BR-101/SC";"Decrescente";"Saída de pista";1;0;0;0;0;0;0;0;0;0;0;1;1;0;0
"13/05/2025";"16:40:25";"118";"Com vítima";"338,000";"BR-101/SC";"Decrescente";"Saída de pista";0;0;0;1;0;0;0;0;0;0;0;0;2;0;0
"14/05/2025";"16:00:26";"117";"Sem vítima";"327,000";"BR-101/SC";"Decrescente";"Colisão lateral no mesmo sentido";1;0;1;0;0;0;0;0;0;0;2;0;0;0;0
"15/05/2025";"12:24:33";"96";"Com vítima";"350,000";"BR-101/SC";"Decrescente";"Capotamento";1;0;0;0;0;0;0;0;0;0;2;0;1;0;0
"15/05/2025";"13:30:13";"103";"Com vítima";"425,000";"BR-101/SC";"Crescente";"Colisão lateral no mesmo sentido";2;0;0;0;0;0;0;0;0;0;2;1;0;0;0
"15/05/2025";"17:25:33";"121";"Com vítima";"298,000";"BR-101/SC";"Decrescente";"Colisão traseira";1;0;1;0;0;0;0;0;0;0;2;1;0;0;0
"15/05/2025";"19:56:08";"130";"Sem vítima";"443,100";"BR-101/SC";"Crescente";"Saída de pista";1;0;0;0;0;0;0;0;0;0;3;0;0;0;0
"15/05/2025";"20:00:38";"132";"Com vítima";"310,020";"BR-101/SC";"Decrescente";"Choque";1;0;0;0;0;0;0;0;0;0;0;0;1;0;0
"16/05/2025";"17:15:35";"130";"Sem vítima";"332,000";"BR-101/SC";"Decrescente";"Colisão traseira";1;0;0;0;0;0;0;0;0;0;2;0;0;0;0
"16/05/2025";"18:11:14";"137";"Sem vítima";"377,000";"BR-101/SC";"Crescente";"Choque";1;0;0;0;0;0;0;0;0;0;1;0;0;0;0
"17/05/2025";"05:08:25";"9";"Sem vítima";"282,000";"BR-101/SC";"Decrescente";"Choque";1;0;0;0;0;0;0;0;0;0;1;0;0;0;0
"17/05/2025";"05:30:06";"11";"Sem vítima";"404,000";"BR-101/SC";"Crescente";"Colisão traseira";2;0;0;0;0;0;0;0;0;0;3;0;0;0;0
"17/05/2025";"05:48:43";"12";"Sem vítima";"354,000";"BR-101/SC";"Crescente";"Saída de pista";1;0;0;0;0;0;0;0;0;0;1;0;0;0;0
"18/05/2025";"02:27:33";"6";"Com vítima";"448,000";"BR-101/SC";"Decrescente";"Saída de pista";1;0;0;0;0;0;0;0;0;0;0;0;0;1;0
"18/05/2025";"06:17:32";"8";"Com vítima";"247,000";"BR-101/SC";"Decrescente";"Colisão traseira";2;0;0;0;0;0;0;0;0;0;0;1;1;0;0
"18/05/2025";"07:30:31";"16";"Sem vítima";"286,000";"BR-101/SC";"Decrescente";"Saída de pista";1;0;0;0;0;0;0;0;0;0;1;0;0;0;0
"18/05/2025";"08:03:20";"24";"Sem vítima";"282,000";"BR-101/SC";"Crescente";"Saída de pista";1;0;0;0;0;0;0;0;0;0;1;0;0;0;0
"18/05/2025";"13:48:32";"52";"Com vítima";"408,000";"BR-101/SC";"Decrescente";"Queda de moto";0;0;0;1;0;0;0;0;0;0;0;2;0;0;0
"18/05/2025";"16:31:43";"66";"Com vítima";"436,000";"BR-101/SC";"Crescente";"Saída de pista";0;0;0;1;0;0;0;0;0;0;0;0;1;0;0
"19/05/2025";"07:22:55";"45";"Com vítima";"282,000";"BR-101/SC";"Crescente";"Colisão traseira";1;1;0;0;0;0;0;0;0;0;1;0;0;0;1
"20/05/2025";"08:25:56";"51";"Sem vítima";"417,000";"BR-101/SC";"Crescente";"Colisão lateral no mesmo sentido";1;0;1;0;0;0;0;0;0;0;2;0;0;0;0
"20/05/2025";"09:07:48";"62";"Sem vítima";"344,000";"BR-101/SC";"Crescente";"Colisão lateral no mesmo sentido";1;0;0;0;0;0;0;0;0;0;1;0;0;0;0
"20/05/2025";"09:25:52";"65";"Com vítima";"327,000";"BR-101/SC";"Decrescente";"Colisão lateral no mesmo sentido";2;0;0;0;0;0;0;0;0;0;1;1;0;0;0
"20/05/2025";"13:27:46";"88";"Com vítima";"427,000";"BR-101/SC";"Crescente";"Choque";1;0;0;0;0;0;0;0;0;0;1;0;1;0;0
"21/05/2025";"07:44:57";"46";"Com vítima";"328,000";"BR-101/SC";"Crescente";"Colisão lateral no mesmo sentido";0;0;0;1;0;0;0;0;0;0;1;0;1;0;0
"21/05/2025";"11:57:12";"97";"Sem vítima";"372,000";"BR-101/SC";"Decrescente";"Saída de pista";1;0;0;0;0;0;0;0;0;0;1;0;0;0;0
"21/05/2025";"17:56:29";"126";"Sem vítima";"344,000";"BR-101/SC";"Crescente";"Saída de pista";1;0;0;0;0;0;0;0;0;0;1;0;0;0;0
"21/05/2025";"18:58:26";"132";"Sem vítima";"404,000";"BR-101/SC";"Decrescente";"Saída de pista";1;0;0;0;0;0;0;0;0;0;1;0;0;0;0
"21/05/2025";"19:41:29";"138";"Sem vítima";"344,000";"BR-101/SC";"Crescente";"Saída de pista";1;0;0;0;0;0;0;0;0;0;1;0;0;0;0
"22/05/2025";"22:52:14";"150";"Com vítima";"301,000";"BR-101/SC";"Crescente";"Colisão traseira";1;1;0;0;0;0;0;0;0;0;1;0;1;0;0
"23/05/2025";"01:04:43";"1";"Sem vítima";"356,000";"BR-101/SC";"Crescente";"Atropelamento de animal";1;0;0;0;0;0;0;0;0;0;2;0;0;0;0
"23/05/2025";"15:31:35";"117";"Sem vítima";"344,000";"BR-101/SC";"Decrescente";"Colisão traseira";2;0;0;0;0;0;0;0;0;0;4;0;0;0;0
"24/05/2025";"08:23:06";"63";"Sem vítima";"352,400";"BR-101/SC";"Decrescente";"Saída de pista";1;0;0;0;0;0;0;0;0;0;1;0;0;0;0
"24/05/2025";"14:35:25";"89";"Com vítima";"388,000";"BR-101/SC";"Crescente";"Saída de pista";0;0;0;1;0;0;0;0;0;0;0;0;0;0;1
"24/05/2025";"17:28:51";"99";"Sem vítima";"353,600";"BR-101/SC";"Decrescente";"Saída de pista";1;0;0;0;0;0;0;0;0;0;2;0;0;0;0
"24/05/2025";"23:03:24";"120";"Sem vítima";"379,000";"BR-101/SC";"Crescente";"Saída de pista";1;0;0;0;0;0;0;0;0;0;1;0;0;0;0
"25/05/2025";"00:24:53";"2";"Sem vítima";"367,000";"BR-101/SC";"Crescente";"Saída de pista";1;0;0;0;0;0;0;0;0;0;1;0;0;0;0
"25/05/2025";"03:52:32";"16";"Sem vítima";"371,000";"BR-101/SC";"Crescente";"Saída de pista";1;0;0;0;0;0;0;0;0;0;2;0;0;0;0
"25/05/2025";"04:20:00";"18";"Sem vítima";"368,000";"BR-101/SC";"Crescente";"Saída de pista";1;0;0;0;0;0;0;0;0;0;1;0;0;0;0
"25/05/2025";"07:11:24";"24";"Sem vítima";"441,000";"BR-101/SC";"Crescente";"Colisão lateral no mesmo sentido";1;0;0;0;0;0;0;0;0;0;2;0;0;0;0
"25/05/2025";"07:15:29";"25";"Com vítima";"328,000";"BR-101/SC";"Crescente";"Choque";1;0;0;0;0;0;0;0;0;0;0;2;0;0;0
"25/05/2025";"15:30:16";"71";"Com vítima";"364,000";"BR-101/SC";"Decrescente";"Saída de pista";1;0;0;0;0;0;0;0;0;0;1;0;1;0;0
"25/05/2025";"18:33:09";"85";"Com vítima";"451,200";"BR-101/SC";"Crescente";"Choque";1;0;0;0;0;0;0;0;0;0;1;0;1;0;0
"26/05/2025";"04:43:38";"18";"Sem vítima";"430,700";"BR-101/SC";"Decrescente";"Colisão traseira";1;0;1;0;0;0;0;0;0;0;2;0;0;0;0
"26/05/2025";"08:36:49";"62";"Sem vítima";"371,000";"BR-101/SC";"Crescente";"Saída de pista";1;0;0;0;0;0;0;0;0;0;1;0;0;0;0
"26/05/2025";"10:43:27";"105";"Com vítima";"458,000";"BR-101/SC";"Decrescente";"Capotamento";1;0;0;0;0;0;0;0;0;0;0;0;1;0;0
"26/05/2025";"15:27:55";"150";"Com vítima";"377,000";"BR-101/SC";"Crescente";"Colisão traseira";1;0;0;1;0;0;0;0;0;0;1;0;1;0;0
"26/05/2025";"18:05:58";"164";"Sem vítima";"401,550";"BR-101/SC";"Crescente";"Colisão traseira";1;0;1;0;0;0;0;0;0;0;2;0;0;0;0
"27/05/2025";"08:53:40";"72";"Sem vítima";"386,000";"BR-101/SC";"Crescente";"Colisão traseira";0;0;2;0;0;0;0;0;0;0;2;0;0;0;0
"27/05/2025";"09:27:48";"84";"Sem vítima";"403,000";"BR-101/SC";"Decrescente";"Saída de pista";0;0;1;0;0;0;0;0;0;0;1;0;0;0;0
"27/05/2025";"16:40:51";"139";"Com vítima";"337,000";"BR-101/SC";"Decrescente";"Saída de pista";1;0;0;0;0;0;0;0;0;0;1;1;0;0;0
"29/05/2025";"09:11:14";"93";"Com vítima";"425,000";"BR-101/SC";"Decrescente";"Colisão traseira";1;0;1;0;0;0;0;0;0;0;1;0;1;0;0
"29/05/2025";"14:47:05";"133";"Com vítima";"397,000";"BR-101/SC";"Decrescente";"Colisão traseira";2;0;0;0;0;0;0;0;0;0;4;0;1;1;0
"29/05/2025";"15:10:05";"141";"Sem vítima";"260,000";"BR-101/SC";"Decrescente";"Saída de pista";0;0;1;0;0;0;0;0;0;0;1;0;0;0;0
"29/05/2025";"18:15:51";"167";"Sem vítima";"344,000";"BR-101/SC";"Crescente";"Saída de pista";1;0;0;0;0;0;0;0;0;0;2;0;0;0;0
"30/05/2025";"07:03:35";"21";"Sem vítima";"384,000";"BR-101/SC";"Decrescente";"Capotamento";1;0;0;0;0;0;0;0;0;0;1;0;0;0;0
"30/05/2025";"10:08:37";"88";"Sem vítima";"333,000";"BR-101/SC";"Crescente";"Colisão traseira";1;0;0;1;0;0;0;0;0;0;2;0;0;0;0
"30/05/2025";"17:40:28";"141";"Com vítima";"274,000";"BR-101/SC";"Decrescente";"Queda de moto";0;0;0;1;0;0;0;0;0;0;1;1;0;0;0
"30/05/2025";"18:15:25";"143";"Com vítima";"286,000";"BR-101/SC";"Decrescente";"Engavetamento";2;0;1;0;0;0;0;0;0;0;3;0;1;0;0
"31/05/2025";"09:54:44";"64";"Com vítima";"348,000";"BR-101/SC";"Decrescente";"Saída de pista";0;0;0;1;0;0;0;0;0;0;0;0;1;0;0
"31/05/2025";"14:14:28";"87";"Com vítima";"402,000";"BR-101/SC";"Crescente";"Capotamento";1;0;0;0;0;0;0;0;0;0;0;2;0;0;0
"31/05/2025";"16:56:46";"100";"Sem vítima";"291,000";"BR-101/SC";"Crescente";"Capotamento";1;0;0;0;0;0;0;0;0;0;1;0;0;0;0
"31/05/2025";"23:11:00";"117";"Sem vítima";"308,000";"BR-101/SC";"Decrescente";"Saída de pista";1;0;0;0;0;0;0;0;0;0;1;0;0;0;0
"01/06/2025";"04:58:23";"13";"Sem vítima";"298,000";"BR-101/SC";"Crescente";"Colisão traseira";2;0;0;0;0;0;0;0;0;0;6;0;0;0;0
"01/06/2025";"10:48:38";"53";"Com vítima";"344,000";"BR-101/SC";"Crescente";"Choque";0;0;0;1;0;0;0;0;0;0;0;1;0;0;0
"01/06/2025";"15:22:49";"70";"Sem vítima";"280,000";"BR-101/SC";"Decrescente";"Saída de pista";1;0;0;0;0;0;0;0;0;0;2;0;0;0;0
"01/06/2025";"21:35:14";"99";"Com vítima";"383,000";"BR-101/SC";"Decrescente";"Colisão frontal";2;0;0;0;0;0;0;0;0;0;3;1;0;0;0
"02/06/2025";"13:47:43";"112";"Com vítima";"398,900";"BR-101/SC";"Crescente";"Saída de pista";1;0;0;0;0;0;0;0;0;0;0;1;0;0;0
"02/06/2025";"15:00:29";"124";"Sem vítima";"336,000";"BR-101/SC";"Crescente";"Colisão traseira";0;0;2;0;0;0;0;0;0;0;2;0;0;0;0
"02/06/2025";"18:55:40";"138";"Sem vítima";"331,000";"BR-101/SC";"Decrescente";"Colisão transversal";1;0;0;1;0;0;0;0;0;0;2;0;0;0;0
"03/06/2025";"00:17:36";"3";"Sem vítima";"385,900";"BR-101/SC";"Crescente";"Saída de pista";0;0;1;0;0;0;0;0;0;0;2;0;0;0;0
"03/06/2025";"09:13:55";"64";"Sem vítima";"343,000";"BR-101/SC";"Decrescente";"Queda de moto";0;0;0;1;0;0;0;0;0;0;1;0;0;0;0
"03/06/2025";"11:20:45";"81";"Com vítima";"413,000";"BR-101/SC";"Crescente";"Queda de moto";0;0;0;1;0;0;0;0;0;0;0;0;1;0;0
"03/06/2025";"12:31:14";"87";"Sem vítima";"266,000";"BR-101/SC";"Crescente";"Colisão lateral no mesmo sentido";2;0;0;0;0;0;0;0;0;0;2;0;0;0;0
"03/06/2025";"12:36:49";"88";"Com vítima";"355,900";"BR-101/SC";"Crescente";"Tombamento";0;0;1;0;0;0;0;0;0;0;0;0;1;0;0
"03/06/2025";"13:53:53";"97";"Com vítima";"434,000";"BR-101/SC";"Crescente";"Colisão frontal";2;0;0;0;0;0;0;0;0;0;2;0;3;0;0
"03/06/2025";"17:16:29";"115";"Sem vítima";"330,000";"BR-101/SC";"Decrescente";"Colisão lateral no mesmo sentido";1;0;1;0;0;0;0;0;0;0;2;0;0;0;0
"03/06/2025";"23:11:30";"140";"Sem vítima";"319,200";"BR-101/SC";"Crescente";"Colisão lateral no mesmo sentido";0;0;2;0;0;0;0;0;0;0;2;0;0;0;0
"04/06/2025";"08:22:37";"64";"Com vítima";"288,000";"BR-101/SC";"Crescente";"Queda de moto";0;0;0;1;0;0;0;0;0;0;0;1;0;0;0
"04/06/2025";"15:24:07";"129";"Sem vítima";"281,000";"BR-101/SC";"Crescente";"Choque";1;0;0;0;0;0;0;0;0;0;1;0;0;0;0
"04/06/2025";"18:39:33";"148";"Sem vítima";"344,000";"BR-101/SC";"Crescente";"Saída de pista";1;0;0;0;0;0;0;0;0;0;2;0;0;0;0
"05/06/2025";"06:33:48";"12";"Sem vítima";"376,000";"BR-101/SC";"Crescente";"Saída de pista";1;0;0;0;0;0;0;0;0;0;1;0;0;0;0
"05/06/2025";"07:21:49";"18";"Sem vítima";"344,000";"BR-101/SC";"Crescente";"Engavetamento";1;0;2;0;0;0;0;0;0;0;3;0;0;0;0
"05/06/2025";"08:24:08";"37";"Sem vítima";"311,000";"BR-101/SC";"Crescente";"Colisão lateral no mesmo sentido";2;0;0;0;0;0;0;0;0;0;2;0;0;0;0
"05/06/2025";"10:50:10";"76";"Sem vítima";"374,000";"BR-101/SC";"Crescente";"Colisão traseira";1;0;1;0;0;0;0;0;0;0;2;0;0;0;0
"05/06/2025";"11:38:39";"83";"Sem vítima";"351,000";"BR-101/SC";"Decrescente";"Colisão lateral no mesmo sentido";2;0;0;0;0;0;0;0;0;0;2;0;0;0;0
"05/06/2025";"18:03:55";"113";"Com vítima";"261,000";"BR-101/SC";"Crescente";"Tombamento";0;0;1;0;0;0;0;0;0;0;0;1;0;0;0
"05/06/2025";"18:46:10";"116";"Sem vítima";"405,000";"BR-101/SC";"Crescente";"Queda de moto";0;0;0;1;0;0;0;0;0;0;1;0;0;0;0
"06/06/2025";"05:10:08";"11";"Com vítima";"343,000";"BR-101/SC";"Decrescente";"Queda de moto";0;0;0;1;0;0;0;0;0;0;0;1;0;0;0
"06/06/2025";"19:04:25";"129";"Com vítima";"343,000";"BR-101/SC";"Decrescente";"Colisão lateral no mesmo sentido";2;0;0;0;0;0;0;0;0;0;0;0;2;0;0
"07/06/2025";"03:56:16";"7";"Com vítima";"456,000";"BR-101/SC";"Crescente";"Colisão traseira";2;0;0;0;0;0;0;0;0;0;1;0;0;1;0
"07/06/2025";"06:56:50";"19";"Sem vítima";"381,000";"BR-101/SC";"Decrescente";"Saída de pista";1;0;0;0;0;0;0;0;0;0;1;0;0;0;0
"07/06/2025";"09:16:40";"55";"Sem vítima";"392,000";"BR-101/SC";"Crescente";"Atropelamento de animal";1;0;0;0;0;0;0;0;0;0;3;0;0;0;0
"07/06/2025";"23:55:16";"120";"Com vítima";"460,100";"BR-101/SC";"Decrescente";"Capotamento";1;0;0;0;0;0;0;0;0;0;0;0;0;1;0
"08/06/2025";"03:22:23";"13";"Sem vítima";"310,900";"BR-101/SC";"Crescente";"Colisão lateral no mesmo sentido";1;0;1;0;0;0;0;0;0;0;3;0;0;0;0
"08/06/2025";"03:34:48";"14";"Sem vítima";"393,800";"BR-101/SC";"Crescente";"Saída de pista";1;0;0;0;0;0;0;0;0;0;1;0;0;0;0
"08/06/2025";"05:40:03";"18";"Sem vítima";"442,000";"BR-101/SC";"Crescente";"Colisão traseira";2;0;0;0;0;0;0;0;0;0;6;0;0;0;0
"08/06/2025";"12:59:19";"53";"Sem vítima";"312,000";"BR-101/SC";"Decrescente";"Colisão traseira";2;0;0;0;0;0;0;0;0;0;5;0;0;0;0
"08/06/2025";"13:56:29";"57";"Sem vítima";"297,000";"BR-101/SC";"Crescente";"Colisão traseira";2;0;0;0;0;0;0;0;0;0;5;0;0;0;0
"08/06/2025";"22:28:34";"93";"Com vítima";"253,000";"BR-101/SC";"Decrescente";"Colisão traseira";0;0;0;1;0;0;0;0;0;0;0;1;0;0;0
"09/06/2025";"07:59:44";"34";"Com vítima";"350,000";"BR-101/SC";"Decrescente";"Colisão traseira";1;0;0;1;0;0;0;0;0;0;0;1;0;0;0
"09/06/2025";"12:47:57";"108";"Com vítima";"411,000";"BR-101/SC";"Crescente";"Saída de pista";0;0;1;0;0;0;0;0;0;0;0;0;1;0;0
"10/06/2025";"01:41:32";"2";"Com vítima";"322,000";"BR-101/SC";"Decrescente";"Colisão lateral no mesmo sentido";2;0;0;0;0;0;0;0;0;0;1;1;0;0;0
"10/06/2025";"08:50:14";"73";"Sem vítima";"391,000";"BR-101/SC";"Crescente";"Saída de pista";1;0;0;0;0;0;0;0;0;0;1;0;0;0;0
"10/06/2025";"10:45:39";"90";"Com vítima";"390,000";"BR-101/SC";"Crescente";"Saída de pista";1;0;0;0;0;0;0;0;0;0;0;0;1;0;0
"10/06/2025";"10:53:51";"92";"Com vítima";"278,500";"BR-101/SC";"Decrescente";"Queda de moto";0;0;0;1;0;0;0;0;0;0;0;0;1;0;0
"10/06/2025";"22:48:03";"154";"Com vítima";"367,000";"BR-101/SC";"Decrescente";"Colisão traseira";0;0;2;0;0;0;0;0;0;0;1;0;1;0;0
"11/06/2025";"02:37:42";"5";"Sem vítima";"280,200";"BR-101/SC";"Crescente";"Colisão traseira";1;0;1;0;0;0;0;0;0;0;2;0;0;0;0
"11/06/2025";"15:31:30";"98";"Sem vítima";"389,000";"BR-101/SC";"Decrescente";"Colisão lateral no mesmo sentido";1;0;0;0;1;0;0;0;0;0;2;0;0;0;0
"11/06/2025";"19:55:13";"123";"Sem vítima";"276,000";"BR-101/SC";"Decrescente";"Saída de pista";1;0;0;0;0;0;0;0;0;0;1;0;0;0;0
"12/06/2025";"14:42:27";"98";"Sem vítima";"329,000";"BR-101/SC";"Decrescente";"Colisão traseira";1;0;0;0;0;0;0;0;0;0;1;0;0;0;0
"12/06/2025";"15:40:33";"101";"Com vítima";"276,000";"BR-101/SC";"Crescente";"Colisão lateral no mesmo sentido";1;0;0;1;0;0;0;0;0;0;1;1;0;0;0
"12/06/2025";"16:20:57";"108";"Sem vítima";"416,000";"BR-101/SC";"Crescente";"Colisão traseira";2;0;0;0;0;0;0;0;0;0;2;0;0;0;0
"13/06/2025";"06:19:59";"22";"Com vítima";"383,400";"BR-101/SC";"Crescente";"Colisão traseira";1;0;0;0;0;0;0;0;0;0;1;0;0;0;0
"13/06/2025";"08:31:06";"68";"Com vítima";"423,000";"BR-101/SC";"Crescente";"Colisão traseira";2;0;0;0;0;0;0;0;0;0;2;0;1;0;0
"14/06/2025";"02:04:49";"5";"Com vítima";"379,000";"BR-101/SC";"Decrescente";"Queda de moto";0;0;0;1;0;0;0;0;0;0;0;0;0;1;0
"14/06/2025";"03:39:55";"8";"Sem vítima";"289,000";"BR-101/SC";"Decrescente";"Tombamento";1;0;0;0;0;0;0;0;0;0;1;0;0;0;0
"14/06/2025";"18:41:33";"88";"Com vítima";"458,000";"BR-101/SC";"Crescente";"Queda de moto";0;0;0;1;0;0;0;0;0;0;1;0;1;0;0
"14/06/2025";"18:52:15";"89";"Com vítima";"308,050";"BR-101/SC";"Crescente";"Queda de moto";0;0;0;1;0;0;0;0;0;0;0;0;1;0;0
"14/06/2025";"20:53:01";"97";"Sem vítima";"309,000";"BR-101/SC";"Crescente";"Choque";1;0;0;0;0;0;0;0;0;0;1;0;0;0;0
"14/06/2025";"22:50:31";"107";"Sem vítima";"283,000";"BR-101/SC";"Crescente";"Colisão lateral no mesmo sentido";1;0;1;0;0;0;0;0;0;0;3;0;0;0;0
"15/06/2025";"04:13:15";"9";"Com vítima";"420,000";"BR-101/SC";"Decrescente";"Colisão traseira";0;0;0;1;0;0;0;0;0;0;0;0;1;0;0
"15/06/2025";"17:32:01";"50";"Com vítima";"246,000";"BR-101/SC";"Crescente";"Queda de moto";0;0;0;1;0;0;0;0;0;0;0;0;2;0;0
"15/06/2025";"19:33:10";"64";"Sem vítima";"424,000";"BR-101/SC";"Crescente";"Colisão traseira";2;0;0;0;0;0;0;0;0;0;3;0;0;0;0
"15/06/2025";"22:44:44";"75";"Com vítima";"400,000";"BR-101/SC";"Crescente";"Choque";1;0;0;0;0;0;0;0;0;0;0;2;0;0;0
"16/06/2025";"06:22:44";"8";"Sem vítima";"414,000";"BR-101/SC";"Decrescente";"Choque";1;0;0;0;0;0;0;0;0;0;1;0;0;0;0
"16/06/2025";"07:08:31";"16";"Sem vítima";"360,000";"BR-101/SC";"Crescente";"Choque";0;0;1;0;0;0;0;0;0;0;1;0;0;0;0
"16/06/2025";"09:43:50";"63";"Sem vítima";"320,000";"BR-101/SC";"Decrescente";"Colisão lateral no mesmo sentido";2;0;0;0;0;0;0;0;0;0;3;0;0;0;0
"16/06/2025";"21:25:12";"132";"Sem vítima";"290,200";"BR-101/SC";"Decrescente";"Atropelamento de animal";0;0;1;0;0;0;0;0;0;0;1;0;0;0;0
"16/06/2025";"23:35:43";"142";"Sem vítima";"427,000";"BR-101/SC";"Crescente";"Colisão traseira";1;0;0;0;0;0;0;0;0;0;1;0;0;0;0
"17/06/2025";"03:23:30";"10";"Com vítima";"326,000";"BR-101/SC";"Decrescente";"Colisão traseira";1;0;0;1;0;0;0;0;0;0;1;0;0;1;0
"17/06/2025";"10:30:36";"82";"Sem vítima";"274,000";"BR-101/SC";"Decrescente";"Colisão lateral no mesmo sentido";2;0;0;0;0;0;0;0;0;0;4;0;0;0;0
"17/06/2025";"16:09:13";"108";"Com vítima";"279,000";"BR-101/SC";"Decrescente";"Capotamento";1;0;0;0;0;0;0;0;0;0;0;0;2;0;0
"17/06/2025";"18:22:06";"118";"Com vítima";"405,000";"BR-101/SC";"Crescente";"Colisão traseira";1;0;0;0;0;0;0;0;0;0;1;1;0;0;0
"18/06/2025";"05:16:53";"23";"Com vítima";"401,000";"BR-101/SC";"Crescente";"Choque";1;0;0;0;0;0;0;0;0;0;0;1;1;0;0
"18/06/2025";"05:42:17";"24";"Sem vítima";"354,000";"BR-101/SC";"Crescente";"Colisão lateral no mesmo sentido";0;0;2;0;0;0;0;0;0;0;2;0;0;0;0
"18/06/2025";"20:41:12";"136";"Sem vítima";"332,900";"BR-101/SC";"Decrescente";"Colisão transversal";1;0;0;1;0;0;0;0;0;0;2;0;0;0;0
"18/06/2025";"20:52:31";"137";"Com vítima";"391,500";"BR-101/SC";"Crescente";"Colisão traseira";0;0;2;0;0;0;0;0;0;0;2;0;1;0;0
"19/06/2025";"04:58:17";"9";"Sem vítima";"401,000";"BR-101/SC";"Decrescente";"Colisão transversal";1;0;1;0;0;0;0;0;0;0;2;0;0;0;0
"20/06/2025";"14:45:22";"77";"Sem vítima";"456,000";"BR-101/SC";"Decrescente";"Choque";1;0;0;0;0;0;0;0;0;0;1;0;0;0;0
"20/06/2025";"21:50:43";"109";"Sem vítima";"272,800";"BR-101/SC";"Decrescente";"Colisão traseira";1;0;1;0;0;0;0;0;0;0;2;0;0;0;0
"21/06/2025";"15:25:12";"83";"Sem vítima";"285,000";"BR-101/SC";"Decrescente";"Choque";0;0;1;0;0;0;0;0;0;0;1;0;0;0;0
"21/06/2025";"17:43:38";"90";"Com vítima";"398,000";"BR-101/SC";"Crescente";"Colisão lateral no mesmo sentido";2;0;0;0;0;0;0;0;0;0;2;0;0;1;0
"21/06/2025";"20:12:25";"95";"Sem vítima";"334,000";"BR-101/SC";"Crescente";"Choque";1;0;0;0;0;0;0;0;0;0;1;0;0;0;0
"21/06/2025";"20:22:44";"96";"Com vítima";"419,000";"BR-101/SC";"Crescente";"Acidentes de outra natureza";1;0;0;0;0;0;0;0;0;0;1;0;0;0;0
"22/06/2025";"16:00:13";"74";"Sem vítima";"257,000";"BR-101/SC";"Decrescente";"Saída de pista";1;0;0;0;0;0;0;0;0;0;2;0;0;0;0
"22/06/2025";"22:12:26";"105";"Sem vítima";"367,000";"BR-101/SC";"Decrescente";"Capotamento";1;0;0;0;0;0;0;0;0;0;1;0;0;0;0
"23/06/2025";"07:55:59";"15";"Com vítima";"450,000";"BR-101/SC";"Crescente";"Colisão traseira";1;0;1;0;0;0;0;0;0;0;1;0;1;0;0
"23/06/2025";"13:39:16";"100";"Sem vítima";"334,000";"BR-101/SC";"Decrescente";"Colisão traseira";2;0;0;0;0;0;0;0;0;0;3;0;0;0;0
"23/06/2025";"14:26:06";"108";"Sem vítima";"387,000";"BR-101/SC";"Decrescente";"Choque";1;0;0;0;0;0;0;0;0;0;1;0;0;0;0