data;horario;n_da_ocorrencia;tipo_de_ocorrencia;km;trecho;sentido;tipo_de_acidente;automovel;bicicleta;caminhao;moto;onibus;outros;tracao_animal;transporte_de_cargas_especiais;trator_maquinas;utilitarios;ilesos;levemente_feridos;moderadamente_feridos;gravemente_feridos;mortos
"05/09/2025";"20:31:02";"114";"Sem vítima";"457,000";"BR-101/SC";"Decrescente";"Colisão traseira";0;0;1;0;0;0;0;0;0;0;1;0;0;0;0
"06/09/2025";"04:28:14";"12";"Sem vítima";"388,000";"BR-101/SC";"Crescente";"Colisão traseira";1;0;1;0;0;0;0;0;0;0;2;0;0;0;0
"06/09/2025";"05:39:23";"14";"Sem vítima";"250,000";"BR-101/SC";"Crescente";"Saída de pista";1;0;0;0;0;0;0;0;0;0;1;0;0;0;0
"06/09/2025";"06:47:24";"21";"Sem vítima";"340,000";"BR-101/SC";"Decrescente";"Saída de pista";1;0;0;0;0;0;0;0;0;0;1;0;0;0;0
"07/09/2025";"09:06:05";"40";"Sem vítima";"434,100";"BR-101/SC";"Decrescente";"Choque";1;0;0;0;0;0;0;0;0;0;1;0;0;0;0
"08/09/2025";"06:42:56";"14";"Com vítima";"259,000";"BR-101/SC";"Crescente";"Choque";1;0;0;0;0;0;0;0;0;0;1;0;1;0;0
"08/09/2025";"07:46:27";"21";"Sem vítima";"249,000";"BR-101/SC";"Decrescente";"Choque";1;0;0;0;0;0;0;0;0;0;1;0;0;0;0
"08/09/2025";"11:55:43";"45";"Sem vítima";"442,000";"BR-101/SC";"Crescente";"Colisão traseira";2;0;0;0;0;0;0;0;0;0;8;0;0;0;0
"08/09/2025";"15:54:02";"77";"Sem vítima";"430,000";"BR-101/SC";"Decrescente";"Choque";1;0;0;0;0;0;0;0;0;0;1;0;0;0;0
"08/09/2025";"16:37:38";"81";"Sem vítima";"298,000";"BR-101/SC";"Crescente";"Engavetamento";2;0;0;0;0;0;0;0;0;0;4;0;0;0;0
"08/09/2025";"19:26:01";"94";"Sem vítima";"331,500";"BR-101/SC";"Decrescente";"Colisão transversal";2;0;0;0;0;0;0;0;0;0;3;0;0;0;0
"09/09/2025";"19:07:20";"118";"Sem vítima";"337,000";"BR-101/SC";"Decrescente";"Colisão transversal";1;0;1;0;0;0;0;0;0;0;2;0;0;0;0
"09/09/2025";"19:32:39";"122";"Sem vítima";"336,000";"BR-101/SC";"Decrescente";"Colisão lateral no mesmo sentido";1;0;1;0;0;0;0;0;0;0;2;0;0;0;0
"10/09/2025";"10:10:34";"59";"Com vítima";"315,000";"BR-101/SC";"Decrescente";"Colisão transversal";2;0;0;0;0;0;0;0;0;0;2;2;0;0;0
"10/09/2025";"14:03:56";"118";"Sem vítima";"323,000";"BR-101/SC";"Crescente";"Colisão traseira";1;0;1;0;0;0;0;0;0;0;2;0;0;0;0
"10/09/2025";"19:42:12";"148";"Sem vítima";"407,000";"BR-101/SC";"Crescente";"Choque";1;0;0;0;0;0;0;0;0;0;1;0;0;0;0
"10/09/2025";"22:49:31";"155";"Com vítima";"250,450";"BR-101/SC";"Crescente";"Queda de moto";0;0;0;1;0;0;0;0;0;0;0;0;0;0;1
"11/09/2025";"07:25:05";"44";"Sem vítima";"385,200";"BR-101/SC";"Crescente";"Colisão traseira";0;0;2;0;0;0;0;0;0;0;2;0;0;0;0
"11/09/2025";"10:54:26";"100";"Com vítima";"334,000";"BR-101/SC";"Decrescente";"Colisão transversal";1;0;0;1;0;0;0;0;0;0;1;1;0;0;0
"12/09/2025";"00:51:05";"2";"Com vítima";"327,000";"BR-101/SC";"Decrescente";"Queda de moto";0;0;0;1;0;0;0;0;0;0;0;1;0;0;0
"12/09/2025";"05:26:40";"10";"Sem vítima";"375,000";"BR-101/SC";"Decrescente";"Colisão lateral no mesmo sentido";1;0;1;0;0;0;0;0;0;0;2;0;0;0;0
"12/09/2025";"06:42:17";"18";"Sem vítima";"382,000";"BR-101/SC";"Crescente";"Colisão lateral no mesmo sentido";1;0;1;0;0;0;0;0;0;0;2;0;0;0;0
"12/09/2025";"07:26:11";"44";"Sem vítima";"383,000";"BR-101/SC";"Crescente";"Colisão traseira";2;0;0;0;0;0;0;0;0;0;3;0;0;0;0
"12/09/2025";"07:43:00";"46";"Com vítima";"314,000";"BR-101/SC";"Decrescente";"Colisão lateral no mesmo sentido";1;0;0;1;0;0;0;0;0;0;1;0;1;0;0
"12/09/2025";"09:41:27";"84";"Com vítima";"299,000";"BR-101/SC";"Crescente";"Capotamento";1;0;1;0;0;0;0;0;0;0;3;0;1;0;0
"12/09/2025";"11:25:20";"99";"Sem vítima";"340,000";"BR-101/SC";"Decrescente";"Colisão lateral no mesmo sentido";1;0;0;0;0;0;0;0;0;0;1;0;0;0;0
"12/09/2025";"14:05:48";"118";"Com vítima";"409,000";"BR-101/SC";"Decrescente";"Choque";1;0;0;0;0;0;0;0;0;0;0;0;1;0;0
"13/09/2025";"00:16:35";"1";"Com vítima";"315,000";"BR-101/SC";"Crescente";"Tombamento";0;0;1;0;0;0;0;0;0;0;0;1;1;0;0
"13/09/2025";"01:28:31";"4";"Sem vítima";"417,000";"BR-101/SC";"Decrescente";"Choque";1;0;0;0;0;0;0;0;0;0;1;0;0;0;0
"13/09/2025";"02:52:26";"7";"Sem vítima";"281,000";"BR-101/SC";"Crescente";"Capotamento";1;0;0;0;0;0;0;0;0;0;1;0;0;0;0
"13/09/2025";"04:52:51";"14";"Sem vítima";"355,000";"BR-101/SC";"Crescente";"Saída de pista";1;0;0;0;0;0;0;0;0;0;4;0;0;0;0
"13/09/2025";"07:33:41";"35";"Sem vítima";"345,000";"BR-101/SC";"Decrescente";"Choque";1;0;0;0;0;0;0;0;0;0;3;0;0;0;0
"13/09/2025";"20:07:14";"114";"Com vítima";"406,250";"BR-101/SC";"Crescente";"Colisão traseira";1;0;0;1;0;0;0;0;0;0;1;0;1;0;0
"14/09/2025";"01:00:19";"5";"Sem vítima";"400,000";"BR-101/SC";"Crescente";"Choque";1;0;0;0;0;0;0;0;0;0;1;0;0;0;0
"14/09/2025";"17:24:53";"93";"Com vítima";"318,000";"BR-101/SC";"Decrescente";"Colisão lateral no mesmo sentido";1;0;0;1;0;0;0;0;0;0;4;1;0;0;0
"14/09/2025";"17:55:15";"95";"Com vítima";"447,000";"BR-101/SC";"Crescente";"Colisão traseira";2;0;0;0;0;0;0;0;0;0;1;0;1;0;0
"14/09/2025";"20:18:13";"111";"Com vítima";"426,580";"BR-101/SC";"Decrescente";"Colisão frontal";3;0;0;0;0;0;0;0;0;0;7;0;0;1;0
"14/09/2025";"20:26:14";"112";"Com vítima";"426,580";"BR-101/SC";"Decrescente";"Colisão traseira";2;0;0;0;0;0;0;0;0;0;2;0;2;0;0
"14/09/2025";"21:05:21";"118";"Com vítima";"378,000";"BR-101/SC";"Decrescente";"Engavetamento";5;0;0;0;0;0;0;0;0;0;7;1;2;0;0
"15/09/2025";"10:30:04";"66";"Sem vítima";"404,000";"BR-101/SC";"Decrescente";"Colisão traseira";2;0;0;0;0;0;0;0;0;0;2;0;0;0;0
"15/09/2025";"12:45:25";"79";"Com vítima";"327,000";"BR-101/SC";"Decrescente";"Colisão lateral no mesmo sentido";1;0;1;0;0;0;0;0;0;0;1;1;0;0;0
"15/09/2025";"18:44:33";"101";"Sem vítima";"353,000";"BR-101/SC";"Decrescente";"Colisão traseira";2;0;0;0;0;0;0;0;0;0;2;0;0;0;0
"16/09/2025";"08:50:26";"48";"Sem vítima";"383,000";"BR-101/SC";"Decrescente";"Colisão traseira";1;0;1;0;0;0;0;0;0;0;2;0;0;0;0
"16/09/2025";"16:36:29";"103";"Sem vítima";"382,000";"BR-101/SC";"Decrescente";"Colisão traseira";2;0;0;0;0;0;0;0;0;0;2;0;0;0;0
"17/09/2025";"07:48:45";"34";"Sem vítima";"335,000";"BR-101/SC";"Decrescente";"Colisão traseira";2;0;0;0;0;0;0;0;0;0;4;0;0;0;0
"17/09/2025";"09:51:19";"56";"Sem vítima";"403,000";"BR-101/SC";"Crescente";"Colisão traseira";1;0;1;0;0;0;0;0;0;0;2;0;0;0;0
"17/09/2025";"11:07:08";"62";"Com vítima";"357,000";"BR-101/SC";"Decrescente";"Acidentes de outra natureza";0;0;1;0;0;0;0;0;0;0;0;1;0;0;0
"18/09/2025";"11:02:53";"86";"Sem vítima";"424,000";"BR-101/SC";"Crescente";"Choque";1;0;0;0;0;0;0;0;0;0;1;0;0;0;0
"18/09/2025";"12:56:14";"97";"Sem vítima";"391,000";"BR-101/SC";"Crescente";"Colisão traseira";1;0;1;0;0;0;0;0;0;0;2;0;0;0;0
"18/09/2025";"14:02:18";"102";"Com vítima";"333,000";"BR-101/SC";"Crescente";"Colisão lateral no mesmo sentido";1;0;0;1;0;0;0;0;0;0;1;1;0;0;0
"18/09/2025";"17:17:06";"124";"Sem vítima";"392,000";"BR-101/SC";"Crescente";"Colisão lateral no mesmo sentido";1;0;1;0;0;0;0;0;0;0;2;0;0;0;0
"18/09/2025";"22:47:07";"143";"Com vítima";"346,400";"BR-101/SC";"Crescente";"Capotamento";1;0;0;0;0;0;0;0;0;0;1;0;1;0;0
"19/09/2025";"14:16:50";"105";"Com vítima";"403,000";"BR-101/SC";"Crescente";"Queda de moto";0;0;0;1;0;0;0;0;0;0;0;0;1;0;0
"19/09/2025";"16:47:13";"118";"Sem vítima";"341,000";"BR-101/SC";"Crescente";"Colisão traseira";2;0;0;0;0;0;0;0;0;0;2;0;0;0;0
"19/09/2025";"18:24:10";"122";"Com vítima";"406,000";"BR-101/SC";"Decrescente";"Colisão lateral no mesmo sentido";2;0;0;0;0;0;0;0;0;0;1;0;1;0;0
"19/09/2025";"19:20:34";"127";"Sem vítima";"298,000";"BR-101/SC";"Decrescente";"Queda de moto";0;0;0;1;0;0;0;0;0;0;1;0;0;0;0
"20/09/2025";"03:09:57";"12";"Com vítima";"406,000";"BR-101/SC";"Crescente";"Colisão traseira";0;0;1;1;0;0;0;0;0;0;1;1;0;0;0
"20/09/2025";"11:15:05";"70";"Sem vítima";"336,000";"BR-101/SC";"Decrescente";"Choque";1;0;0;0;0;0;0;0;0;0;3;0;0;0;0
"20/09/2025";"19:09:14";"110";"Com vítima";"324,000";"BR-101/SC";"Decrescente";"Colisão traseira";0;0;1;1;0;0;0;0;0;0;1;0;0;1;0
"21/09/2025";"04:51:08";"8";"Sem vítima";"276,000";"BR-101/SC";"Decrescente";"Colisão traseira";1;0;0;0;0;0;0;0;0;0;2;0;0;0;0
"21/09/2025";"07:43:15";"19";"Sem vítima";"332,000";"BR-101/SC";"Decrescente";"Saída de pista";1;0;0;0;0;0;0;0;0;0;1;0;0;0;0
"21/09/2025";"09:49:29";"25";"Sem vítima";"248,000";"BR-101/SC";"Crescente";"Saída de pista";1;0;0;0;0;0;0;0;0;0;1;0;0;0;0
"21/09/2025";"10:13:03";"26";"Sem vítima";"416,000";"BR-101/SC";"Crescente";"Colisão lateral no mesmo sentido";2;0;0;0;0;0;0;0;0;0;3;0;0;0;0
"21/09/2025";"10:56:50";"28";"Sem vítima";"258,000";"BR-101/SC";"Decrescente";"Saída de pista";1;0;0;0;0;0;0;0;0;0;3;0;0;0;0
"21/09/2025";"11:45:01";"37";"Sem vítima";"334,000";"BR-101/SC";"Crescente";"Colisão traseira";1;0;0;0;0;0;0;0;0;0;1;0;0;0;0
"21/09/2025";"12:43:42";"40";"Sem vítima";"458,000";"BR-101/SC";"Decrescente";"Colisão traseira";2;0;0;0;0;0;0;0;0;0;7;0;0;0;0
"21/09/2025";"13:10:07";"42";"Sem vítima";"275,000";"BR-101/SC";"Decrescente";"Saída de pista";1;0;0;0;0;0;0;0;0;0;1;0;0;0;0
"21/09/2025";"14:03:15";"46";"Com vítima";"407,000";"BR-101/SC";"Decrescente";"Colisão traseira";2;0;0;0;0;0;0;0;0;0;4;0;0;2;0
"21/09/2025";"22:15:25";"85";"Com vítima";"354,000";"BR-101/SC";"Decrescente";"Colisão lateral no mesmo sentido";0;0;0;1;0;0;0;0;0;0;0;1;0;0;0
"22/09/2025";"02:04:30";"6";"Sem vítima";"389,000";"BR-101/SC";"Crescente";"Choque";1;0;0;0;0;0;0;0;0;0;1;0;0;0;0
"22/09/2025";"13:54:59";"46";"Sem vítima";"306,000";"BR-101/SC";"Crescente";"Atropelamento de animal";1;0;0;0;0;0;0;0;0;0;1;0;0;0;0
"22/09/2025";"22:07:54";"78";"Sem vítima";"377,000";"BR-101/SC";"Crescente";"Saída de pista";1;0;0;0;0;0;0;0;0;0;2;0;0;0;0
"23/09/2025";"15:58:36";"110";"Sem vítima";"328,000";"BR-101/SC";"Decrescente";"Colisão lateral no mesmo sentido";1;0;1;0;0;0;0;0;0;0;2;0;0;0;0
"24/09/2025";"00:03:35";"1";"Sem vítima";"459,900";"BR-101/SC";"Crescente";"Atropelamento de animal";1;0;1;0;0;0;0;0;0;0;3;0;0;0;0
"24/09/2025";"09:36:40";"81";"Sem vítima";"434,000";"BR-101/SC";"Decrescente";"Engavetamento";3;0;0;0;0;0;0;0;0;0;3;0;0;0;0
"25/09/2025";"04:44:23";"5";"Com vítima";"334,000";"BR-101/SC";"Crescente";"Acidentes de outra natureza";1;0;0;0;0;0;0;0;0;0;1;0;0;0;1
"25/09/2025";"13:14:47";"86";"Sem vítima";"333,000";"BR-101/SC";"Crescente";"Colisão traseira";2;0;0;0;0;0;0;0;0;0;2;0;0;0;0
"25/09/2025";"14:50:45";"94";"Sem vítima";"333,000";"BR-101/SC";"Crescente";"Colisão lateral no mesmo sentido";2;0;0;0;0;0;0;0;0;0;2;0;0;0;0
"25/09/2025";"18:24:55";"111";"Com vítima";"375,000";"BR-101/SC";"Decrescente";"Colisão traseira";1;0;1;0;0;0;0;0;0;0;1;0;1;0;0
"26/09/2025";"08:47:11";"53";"Com vítima";"273,000";"BR-101/SC";"Decrescente";"Colisão traseira";2;0;0;0;0;0;0;0;0;0;1;1;0;0;0
"26/09/2025";"11:48:17";"77";"Com vítima";"336,000";"BR-101/SC";"Crescente";"Choque";1;0;0;0;0;0;0;0;0;0;0;0;1;0;0
"26/09/2025";"21:28:14";"117";"Com vítima";"343,350";"BR-101/SC";"Crescente";"Colisão lateral no mesmo sentido";0;0;0;2;0;0;0;0;0;0;0;0;1;1;0
"27/09/2025";"15:01:27";"72";"Sem vítima";"353,800";"BR-101/SC";"Crescente";"Colisão lateral no mesmo sentido";1;0;1;0;0;0;0;0;0;0;2;0;0;0;0
"28/09/2025";"19:07:04";"72";"Com vítima";"425,000";"BR-101/SC";"Decrescente";"Colisão frontal";2;0;0;0;0;0;0;0;0;0;0;1;1;0;0
"28/09/2025";"19:38:06";"76";"Com vítima";"322,000";"BR-101/SC";"Crescente";"Acidentes de outra natureza";2;0;0;0;0;0;0;0;0;0;0;0;4;0;0
"28/09/2025";"21:03:21";"81";"Sem vítima";"410,000";"BR-101/SC";"Decrescente";"Saída de pista";1;0;0;0;0;0;0;0;0;0;1;0;0;0;0
"29/09/2025";"03:17:23";"4";"Sem vítima";"329,000";"BR-101/SC";"Crescente";"Tombamento";0;0;1;0;0;0;0;0;0;0;1;0;0;0;0
"29/09/2025";"12:22:40";"70";"Sem vítima";"278,000";"BR-101/SC";"Crescente";"Colisão traseira";2;0;0;0;0;0;0;0;0;0;3;0;0;0;0
"29/09/2025";"12:28:31";"71";"Sem vítima";"338,000";"BR-101/SC";"Crescente";"Colisão transversal";0;0;2;0;0;0;0;0;0;0;2;0;0;0;0
"29/09/2025";"13:19:28";"79";"Com vítima";"338,000";"BR-101/SC";"Decrescente";"Queda de moto";0;0;0;1;0;0;0;0;0;0;0;2;0;0;0
"29/09/2025";"14:26:55";"89";"Com vítima";"363,500";"BR-101/SC";"Crescente";"Colisão traseira";1;0;1;0;0;0;0;0;0;0;0;2;0;0;0
"29/09/2025";"20:24:41";"113";"Com vítima";"405,000";"BR-101/SC";"Decrescente";"Saída de pista";1;0;0;0;0;0;0;0;0;0;0;1;0;0;0
"30/09/2025";"02:06:45";"2";"Sem vítima";"364,000";"BR-101/SC";"Crescente";"Capotamento";1;0;0;0;0;0;0;0;0;0;1;0;0;0;0
"30/09/2025";"16:07:47";"83";"Sem vítima";"387,000";"BR-101/SC";"Decrescente";"Saída de pista";0;0;1;0;0;0;0;0;0;0;1;0;0;0;0
"01/10/2025";"15:20:41";"96";"Sem vítima";"298,000";"BR-101/SC";"Decrescente";"Colisão traseira";2;0;1;0;0;0;0;0;0;0;3;0;0;0;0
"01/10/2025";"15:30:29";"98";"Com vítima";"315,000";"BR-101/SC";"Crescente";"Choque";1;0;0;0;0;0;0;0;0;0;0;0;1;0;0
"02/10/2025";"03:01:51";"7";"Com vítima";"460,000";"BR-101/SC";"Crescente";"Queda de moto";0;0;0;1;0;0;0;0;0;0;0;0;0;1;0
"02/10/2025";"03:15:21";"8";"Sem vítima";"368,000";"BR-101/SC";"Crescente";"Choque";1;0;0;0;0;0;0;0;0;0;2;0;0;0;0
"02/10/2025";"14:37:03";"84";"Sem vítima";"439,000";"BR-101/SC";"Decrescente";"Choque";1;0;0;0;0;0;0;0;0;0;2;0;0;0;0
"02/10/2025";"23:59:38";"113";"Sem vítima";"463,000";"BR-101/SC";"Decrescente";"Choque";1;0;0;0;0;0;0;0;0;0;1;0;0;0;0
"03/10/2025";"03:43:03";"4";"Sem vítima";"297,000";"BR-101/SC";"Crescente";"Colisão traseira";1;0;0;0;0;0;0;0;0;0;1;0;0;0;0
"03/10/2025";"09:01:04";"17";"Sem vítima";"333,000";"BR-101/SC";"Decrescente";"Colisão lateral no mesmo sentido";2;0;0;0;0;0;0;0;0;0;3;0;0;0;0
"03/10/2025";"12:47:50";"44";"Sem vítima";"310,000";"BR-101/SC";"Decrescente";"Saída de pista";0;0;1;0;0;0;0;0;0;0;1;0;0;0;0
"03/10/2025";"17:31:43";"67";"Sem vítima";"259,000";"BR-101/SC";"Crescente";"Choque";1;0;0;0;0;0;0;0;0;0;1;0;0;0;0
"03/10/2025";"19:55:25";"75";"Com vítima";"332,000";"BR-101/SC";"Crescente";"Acidentes de outra natureza";1;0;0;0;0;0;0;0;0;0;0;1;0;0;0
"03/10/2025";"22:41:24";"85";"Sem vítima";"334,000";"BR-101/SC";"Decrescente";"Colisão transversal";2;0;0;0;0;0;0;0;0;0;2;0;0;0;0
"03/10/2025";"23:38:43";"92";"Sem vítima";"347,000";"BR-101/SC";"Crescente";"Colisão traseira";0;0;2;0;0;0;0;0;0;0;2;0;0;0;0
"04/10/2025";"02:50:33";"6";"Com vítima";"361,600";"BR-101/SC";"Decrescente";"Choque";1;0;0;0;0;0;0;0;0;0;0;0;1;0;0
"04/10/2025";"14:40:43";"75";"Com vítima";"338,000";"BR-101/SC";"Crescente";"Colisão lateral no mesmo sentido";0;0;0;2;0;0;0;0;0;0;1;0;1;0;0
"04/10/2025";"16:44:19";"86";"Com vítima";"335,000";"BR-101/SC";"Crescente";"Colisão traseira";0;0;0;2;0;0;0;0;0;0;2;1;1;0;0
"04/10/2025";"16:46:46";"87";"Sem vítima";"295,000";"BR-101/SC";"Crescente";"Saída de pista";1;0;0;0;0;0;0;0;0;0;1;0;0;0;0
"04/10/2025";"23:10:11";"123";"Com vítima";"433,000";"BR-101/SC";"Crescente";"Colisão transversal";1;0;0;1;0;0;0;0;0;0;1;0;1;0;0
"06/10/2025";"06:12:55";"22";"Com vítima";"276,000";"BR-101/SC";"Decrescente";"Choque";1;0;0;0;0;0;0;0;0;0;0;1;0;0;0
"06/10/2025";"12:14:11";"69";"Sem vítima";"456,000";"BR-101/SC";"Decrescente";"Choque";1;0;0;0;0;0;0;0;0;0;2;0;0;0;0
"07/10/2025";"14:49:07";"104";"Sem vítima";"277,000";"BR-101/SC";"Decrescente";"Colisão traseira";1;0;0;0;0;0;0;0;0;0;1;0;0;0;0
"07/10/2025";"16:11:13";"114";"Sem vítima";"268,000";"BR-101/SC";"Crescente";"Choque";1;0;0;0;0;0;0;0;0;0;2;0;0;0;0
"08/10/2025";"01:54:16";"4";"Sem vítima";"437,000";"BR-101/SC";"Decrescente";"Atropelamento de animal";1;0;1;0;0;0;0;0;0;0;2;0;0;0;0
"08/10/2025";"22:35:01";"151";"Sem vítima";"318,000";"BR-101/SC";"Crescente";"Choque";1;0;0;0;0;0;0;0;0;0;1;0;0;0;0
"09/10/2025";"07:33:17";"37";"Sem vítima";"398,000";"BR-101/SC";"Decrescente";"Saída de pista";1;0;0;0;0;0;0;0;0;0;1;0;0;0;0
"10/10/2025";"12:18:59";"69";"Com vítima";"447,000";"BR-101/SC";"Crescente";"Colisão frontal";1;0;0;1;0;0;0;0;0;0;0;2;0;0;0
"10/10/2025";"20:21:39";"99";"Sem vítima";"437,000";"BR-101/SC";"Crescente";"Colisão lateral no mesmo sentido";1;0;1;0;0;0;0;0;0;0;2;0;0;0;0
"11/10/2025";"07:15:44";"11";"Sem vítima";"289,000";"BR-101/SC";"Crescente";"Choque";1;0;0;0;0;0;0;0;0;0;1;0;0;0;0
"11/10/2025";"20:22:37";"89";"Com vítima";"325,000";"BR-101/SC";"Crescente";"Colisão frontal";1;0;0;1;0;0;0;0;0;0;1;0;0;0;1
"12/10/2025";"02:42:34";"2";"Sem vítima";"265,000";"BR-101/SC";"Crescente";"Colisão lateral no mesmo sentido";1;0;0;0;0;0;0;0;0;0;1;0;0;0;0
"12/10/2025";"11:39:29";"41";"Com vítima";"450,000";"BR-101/SC";"Crescente";"Colisão transversal";0;0;0;2;0;0;0;0;0;0;1;1;0;0;0
"12/10/2025";"16:30:58";"59";"Sem vítima";"406,000";"BR-101/SC";"Decrescente";"Colisão traseira";2;0;0;0;0;0;0;0;0;0;6;0;0;0;0
"12/10/2025";"18:07:15";"64";"Sem vítima";"260,000";"BR-101/SC";"Crescente";"Saída de pista";1;0;0;0;0;0;0;0;0;0;1;0;0;0;0
"12/10/2025";"19:45:07";"69";"Com vítima";"331,000";"BR-101/SC";"Decrescente";"Choque";1;0;0;0;0;0;0;0;0;0;0;1;0;0;0
"12/10/2025";"20:25:08";"73";"Sem vítima";"331,000";"BR-101/SC";"Decrescente";"Colisão traseira";2;0;0;0;0;0;0;0;0;0;3;0;0;0;0
"13/10/2025";"05:16:46";"6";"Com vítima";"362,000";"BR-101/SC";"Decrescente";"Colisão traseira";0;0;2;0;0;0;0;0;0;0;1;1;0;0;0
"13/10/2025";"07:17:00";"22";"Sem vítima";"282,000";"BR-101/SC";"Crescente";"Colisão traseira";1;0;0;1;0;0;0;0;0;0;2;0;0;0;0
"13/10/2025";"14:15:59";"102";"Sem vítima";"404,000";"BR-101/SC";"Crescente";"Colisão traseira";1;0;1;0;0;0;0;0;0;0;4;0;0;0;0
"13/10/2025";"21:40:18";"136";"Sem vítima";"464,000";"BR-101/SC";"Crescente";"Queda de moto";0;0;0;1;0;0;0;0;0;0;1;0;0;0;0
"14/10/2025";"08:33:22";"55";"Com vítima";"422,000";"BR-101/SC";"Decrescente";"Colisão traseira";1;0;1;0;0;0;0;0;0;0;1;0;1;0;0
"14/10/2025";"17:51:20";"133";"Com vítima";"322,000";"BR-101/SC";"Crescente";"Queda de moto";0;0;0;1;0;0;0;0;0;0;0;1;0;0;0
"14/10/2025";"20:50:28";"141";"Com vítima";"363,000";"BR-101/SC";"Crescente";"Queda de moto";0;0;0;1;0;0;0;0;0;0;0;0;1;0;0
"15/10/2025";"08:06:17";"39";"Sem vítima";"344,000";"BR-101/SC";"Decrescente";"Colisão traseira";1;0;1;0;0;0;0;0;0;0;7;0;0;0;0
"15/10/2025";"12:38:09";"77";"Com vítima";"444,000";"BR-101/SC";"Crescente";"Colisão lateral no mesmo sentido";2;0;0;0;0;0;0;0;0;0;1;0;1;0;0
"16/10/2025";"09:04:35";"61";"Sem vítima";"408,000";"BR-101/SC";"Crescente";"Colisão lateral no mesmo sentido";2;0;0;0;0;0;0;0;0;0;2;0;0;0;0
"16/10/2025";"09:42:57";"68";"Sem vítima";"406,000";"BR-101/SC";"Crescente";"Colisão traseira";2;0;0;0;0;0;0;0;0;0;2;0;0;0;0
"16/10/2025";"10:00:55";"72";"Sem vítima";"457,000";"BR-101/SC";"Crescente";"Colisão traseira";0;0;2;0;0;0;0;0;0;0;2;0;0;0;0
"16/10/2025";"10:11:09";"74";"Sem vítima";"356,000";"BR-101/SC";"Decrescente";"Choque";1;0;0;0;0;0;0;0;0;0;1;0;0;0;0
"18/10/2025";"09:39:00";"31";"Sem vítima";"282,000";"BR-101/SC";"Decrescente";"Saída de pista";1;0;0;0;0;0;0;0;0;0;1;0;0;0;0
"18/10/2025";"12:25:08";"45";"Sem vítima";"367,000";"BR-101/SC";"Decrescente";"Saída de pista";1;0;0;0;0;0;0;0;0;0;4;0;0;0;0
"18/10/2025";"15:13:34";"56";"Sem vítima";"395,000";"BR-101/SC";"Crescente";"Choque";1;0;0;0;0;0;0;0;0;0;2;0;0;0;0
"18/10/2025";"15:27:12";"58";"Sem vítima";"257,000";"BR-101/SC";"Crescente";"Saída de pista";1;0;0;0;0;0;0;0;0;0;1;0;0;0;0
"18/10/2025";"22:18:16";"86";"Com vítima";"319,000";"BR-101/SC";"Crescente";"Colisão traseira";1;0;0;1;0;0;0;0;0;0;1;0;0;0;1
"19/10/2025";"00:27:11";"4";"Sem vítima";"361,000";"BR-101/SC";"Decrescente";"Colisão traseira";1;0;0;0;0;0;0;0;0;0;1;0;0;0;0
"19/10/2025";"15:11:28";"34";"Sem vítima";"315,000";"BR-101/SC";"Crescente";"Colisão traseira";2;0;0;0;0;0;0;0;0;0;2;0;0;0;0
"19/10/2025";"19:00:02";"42";"Sem vítima";"457,000";"BR-101/SC";"Decrescente";"Colisão traseira";1;0;0;0;0;0;0;0;0;0;4;0;0;0;0
"20/10/2025";"21:21:32";"116";"Sem vítima";"386,200";"BR-101/SC";"Crescente";"Choque";0;0;1;0;0;0;0;0;0;0;3;0;0;0;0
"21/10/2025";"05:35:43";"7";"Com vítima";"282,000";"BR-101/SC";"Decrescente";"Tombamento";0;0;1;0;0;0;0;0;0;0;0;1;0;0;0
"21/10/2025";"06:37:32";"12";"Com vítima";"324,400";"BR-101/SC";"Crescente";"Choque";1;0;0;0;0;0;0;0;0;0;0;0;1;0;0
"21/10/2025";"07:15:14";"20";"Sem vítima";"324,000";"BR-101/SC";"Crescente";"Colisão traseira";1;0;1;0;0;0;0;0;0;0;2;0;0;0;0
"21/10/2025";"11:20:39";"88";"Com vítima";"265,000";"BR-101/SC";"Decrescente";"Choque";1;0;0;0;0;0;0;0;0;0;0;0;1;0;0
"22/10/2025";"12:05:59";"81";"Com vítima";"394,000";"BR-101/SC";"Decrescente";"Colisão frontal";1;0;0;1;0;0;0;0;0;0;1;1;0;0;0
"22/10/2025";"17:51:38";"112";"Com vítima";"439,000";"BR-101/SC";"Crescente";"Colisão traseira";0;0;0;2;0;0;0;0;0;0;0;0;2;0;0