data;horario;n_da_ocorrencia;tipo_de_ocorrencia;km;trecho;sentido;tipo_de_acidente;automovel;bicicleta;caminhao;moto;onibus;outros;tracao_animal;transporte_de_cargas_especiais;trator_maquinas;utilitarios;ilesos;levemente_feridos;moderadamente_feridos;gravemente_feridos;mortos
"22/10/2025";"18:19:40";"113";"Com vítima";"424,000";"BR-101/SC";"Decrescente";"Colisão traseira";1;0;0;1;0;0;0;0;0;0;3;0;1;0;0
"23/10/2025";"11:34:27";"89";"Com vítima";"307,500";"BR-101/SC";"Crescente";"Colisão frontal";1;0;0;1;0;0;0;0;0;0;1;0;1;0;0
"24/10/2025";"11:59:44";"78";"Com vítima";"456,000";"BR-101/SC";"Crescente";"Choque";0;0;0;1;0;0;0;0;0;0;0;0;2;0;0
"25/10/2025";"01:10:12";"6";"Sem vítima";"377,000";"BR-101/SC";"Crescente";"Colisão traseira";2;0;0;0;0;0;0;0;0;0;5;0;0;0;0
"25/10/2025";"10:36:34";"48";"Sem vítima";"432,000";"BR-101/SC";"Decrescente";"Choque";1;0;0;0;0;0;0;0;0;0;2;0;0;0;0
"25/10/2025";"14:59:28";"120";"Sem vítima";"429,000";"BR-101/SC";"Decrescente";"Queda de moto";0;0;0;1;0;0;0;0;0;0;2;0;0;0;0
"25/10/2025";"16:10:38";"127";"Com vítima";"434,000";"BR-101/SC";"Decrescente";"Colisão transversal";0;0;0;1;0;0;0;0;0;0;0;1;1;0;0
"25/10/2025";"18:56:26";"135";"Sem vítima";"430,000";"BR-101/SC";"Decrescente";"Colisão traseira";2;0;0;0;0;0;0;0;0;0;4;0;0;0;0
"25/10/2025";"19:31:30";"136";"Com vítima";"326,000";"BR-101/SC";"Decrescente";"Colisão lateral no mesmo sentido";1;0;0;1;0;0;0;0;0;0;3;2;0;0;0
"27/10/2025";"01:37:23";"2";"Com vítima";"306,500";"BR-101/SC";"Crescente";"Choque";1;0;0;0;0;0;0;0;0;0;2;2;0;0;0
"28/10/2025";"15:42:31";"75";"Sem vítima";"339,000";"BR-101/SC";"Decrescente";"Saída de pista";1;0;0;0;0;0;0;0;0;0;3;0;0;0;0
"28/10/2025";"17:49:19";"82";"Com vítima";"349,000";"BR-101/SC";"Decrescente";"Choque";1;0;0;0;0;0;0;0;0;0;0;0;1;0;0
"28/10/2025";"19:21:05";"89";"Com vítima";"276,000";"BR-101/SC";"Decrescente";"Colisão traseira";1;0;1;0;0;0;0;0;0;0;1;1;0;0;0
"28/10/2025";"22:04:27";"101";"Com vítima";"384,500";"BR-101/SC";"Decrescente";"Colisão traseira";0;0;1;1;0;0;0;0;0;0;1;0;0;0;1
"29/10/2025";"06:52:49";"17";"Com vítima";"361,000";"BR-101/SC";"Crescente";"Queda de moto";0;0;0;1;0;0;0;0;0;0;0;0;1;0;0
"29/10/2025";"08:37:30";"29";"Com vítima";"338,000";"BR-101/SC";"Decrescente";"Colisão lateral no mesmo sentido";1;0;0;0;0;0;0;0;0;0;0;0;1;0;0
"29/10/2025";"14:09:44";"50";"Sem vítima";"258,000";"BR-101/SC";"Decrescente";"Choque";1;0;0;0;0;0;0;0;0;0;1;0;0;0;0
"29/10/2025";"14:57:18";"51";"Sem vítima";"444,000";"BR-101/SC";"Crescente";"Colisão lateral no mesmo sentido";2;0;0;0;0;0;0;0;0;0;4;0;0;0;0
"29/10/2025";"19:41:19";"71";"Sem vítima";"459,100";"BR-101/SC";"Decrescente";"Atropelamento de animal";1;0;0;0;0;0;0;0;0;0;1;0;0;0;0
"29/10/2025";"21:34:52";"81";"Sem vítima";"281,700";"BR-101/SC";"Crescente";"Choque";1;0;0;0;0;0;0;0;0;0;1;0;0;0;0
"30/10/2025";"14:51:00";"132";"Com vítima";"278,300";"BR-101/SC";"Decrescente";"Choque";0;0;3;0;1;0;0;0;0;0;22;0;1;0;0
"31/10/2025";"05:19:18";"7";"Sem vítima";"415,000";"BR-101/SC";"Crescente";"Saída de pista";1;0;0;0;0;0;0;0;0;0;3;0;0;0;0
"31/10/2025";"11:35:04";"78";"Sem vítima";"263,000";"BR-101/SC";"Decrescente";"Colisão traseira";0;0;2;0;0;0;0;0;0;0;2;0;0;0;0
"01/11/2025";"01:33:08";"7";"Com vítima";"314,000";"BR-101/SC";"Crescente";"Colisão traseira";1;0;1;0;0;0;0;0;0;0;2;4;0;0;0
"01/11/2025";"07:37:53";"23";"Com vítima";"367,000";"BR-101/SC";"Crescente";"Capotamento";1;0;0;0;0;0;0;0;0;0;2;0;2;0;0
"01/11/2025";"12:37:46";"53";"Com vítima";"340,000";"BR-101/SC";"Crescente";"Atropelamento de animal";0;0;0;1;0;0;0;0;0;0;0;2;0;0;0
"02/11/2025";"00:55:55";"4";"Sem vítima";"415,000";"BR-101/SC";"Crescente";"Acidentes de outra natureza";1;0;0;0;0;0;0;0;0;0;0;0;0;0;0
"02/11/2025";"20:17:01";"116";"Sem vítima";"313,000";"BR-101/SC";"Decrescente";"Acidentes de outra natureza";1;0;0;0;0;0;0;0;0;0;0;0;0;0;0
"03/11/2025";"06:59:59";"24";"Sem vítima";"332,000";"BR-101/SC";"Decrescente";"Choque";1;0;1;0;0;0;0;0;0;0;0;0;0;0;0
"03/11/2025";"07:48:04";"32";"Sem vítima";"332,000";"BR-101/SC";"Crescente";"Colisão traseira";1;0;0;0;0;0;0;0;0;0;0;0;0;0;0
"03/11/2025";"13:51:04";"93";"Sem vítima";"290,000";"BR-101/SC";"Decrescente";"Colisão traseira";2;0;0;0;0;0;0;0;0;0;0;0;0;0;0
"03/11/2025";"14:36:08";"96";"Com vítima";"262,000";"BR-101/SC";"Crescente";"Acidentes de outra natureza";1;0;0;0;0;0;0;0;0;0;0;2;0;0;0
"03/11/2025";"16:22:55";"109";"Com vítima";"439,000";"BR-101/SC";"Crescente";"Queda de moto";0;0;0;1;0;0;0;0;0;0;0;0;2;2;0
"04/11/2025";"03:15:33";"9";"Sem vítima";"384,000";"BR-101/SC";"Crescente";"Colisão traseira";1;0;1;0;0;0;0;0;0;0;0;0;0;0;0
"04/11/2025";"08:22:11";"33";"Sem vítima";"260,000";"BR-101/SC";"Decrescente";"Acidentes de outra natureza";1;0;0;0;0;0;0;0;0;0;0;0;0;0;0
"04/11/2025";"12:28:12";"126";"Sem vítima";"324,000";"BR-101/SC";"Decrescente";"Colisão traseira";1;0;0;1;0;0;0;0;0;0;0;0;0;0;0
"04/11/2025";"14:48:47";"144";"Sem vítima";"324,000";"BR-101/SC";"Decrescente";"Acidentes de outra natureza";1;0;0;0;0;0;0;0;0;0;0;0;0;0;0
"04/11/2025";"15:43:01";"154";"Sem vítima";"413,000";"BR-101/SC";"Decrescente";"Colisão lateral no mesmo sentido";1;0;0;0;0;0;0;0;0;0;0;0;0;0;0
"04/11/2025";"17:27:07";"165";"Com vítima";"372,000";"BR-101/SC";"Decrescente";"Choque";1;0;0;0;0;0;0;0;0;0;0;0;0;0;2
"05/11/2025";"16:49:03";"123";"Sem vítima";"266,000";"BR-101/SC";"Decrescente";"Queda de moto";0;0;0;1;0;0;0;0;0;0;0;0;0;0;0
"06/11/2025";"07:59:10";"27";"Com vítima";"426,000";"BR-101/SC";"Decrescente";"Colisão lateral no mesmo sentido";1;0;0;1;0;0;0;0;0;0;0;2;0;0;0
"06/11/2025";"09:41:11";"46";"Sem vítima";"380,000";"BR-101/SC";"Crescente";"Choque";2;0;0;0;0;0;0;0;0;0;0;0;0;0;0
"07/11/2025";"12:52:28";"72";"Sem vítima";"357,000";"BR-101/SC";"Crescente";"Capotamento";1;0;0;0;0;0;0;0;0;0;0;0;0;0;0
"07/11/2025";"12:56:59";"73";"Sem vítima";"350,000";"BR-101/SC";"Crescente";"Capotamento";1;0;0;0;0;0;0;0;0;0;0;0;0;0;0
"07/11/2025";"15:52:02";"77";"Sem vítima";"251,000";"BR-101/SC";"Crescente";"Colisão traseira";0;0;3;0;0;0;0;0;0;0;0;0;0;0;0
"07/11/2025";"15:59:29";"78";"Com vítima";"425,000";"BR-101/SC";"Crescente";"Colisão traseira";1;0;0;0;0;0;0;0;0;0;0;0;6;0;0
"07/11/2025";"16:11:45";"80";"Sem vítima";"383,000";"BR-101/SC";"Decrescente";"Choque";1;0;0;0;0;0;0;0;0;0;0;0;0;0;0
"07/11/2025";"16:21:08";"81";"Sem vítima";"258,000";"BR-101/SC";"Decrescente";"Colisão traseira";1;0;0;0;0;0;0;0;0;0;0;0;0;0;0
"07/11/2025";"17:59:34";"86";"Sem vítima";"344,000";"BR-101/SC";"Crescente";"Choque";1;0;0;0;0;0;0;0;0;0;0;0;0;0;0
"07/11/2025";"21:11:00";"106";"Sem vítima";"339,000";"BR-101/SC";"Decrescente";"Choque";1;0;0;0;0;0;0;0;0;0;0;0;0;0;0
"08/11/2025";"04:21:19";"15";"Sem vítima";"314,000";"BR-101/SC";"Crescente";"Colisão lateral no mesmo sentido";1;0;0;0;0;0;0;0;0;0;0;0;0;0;0
"08/11/2025";"08:23:13";"31";"Sem vítima";"250,000";"BR-101/SC";"Crescente";"Colisão lateral no mesmo sentido";0;0;1;0;0;0;0;0;0;0;2;0;0;0;0
"08/11/2025";"11:53:05";"52";"Com vítima";"367,000";"BR-101/SC";"Crescente";"Choque";1;0;0;0;0;0;0;0;0;0;0;2;0;0;0
"08/11/2025";"16:27:15";"73";"Sem vítima";"284,000";"BR-101/SC";"Decrescente";"Colisão lateral no mesmo sentido";1;0;0;0;0;0;0;0;0;0;0;0;0;0;0
"08/11/2025";"17:42:19";"78";"Sem vítima";"330,000";"BR-101/SC";"Decrescente";"Colisão lateral no mesmo sentido";2;0;0;0;0;0;0;0;0;0;4;0;0;0;0
"08/11/2025";"17:54:34";"79";"Sem vítima";"372,000";"BR-101/SC";"Crescente";"Choque";0;0;0;0;0;0;0;0;0;1;2;0;0;0;0
"08/11/2025";"19:15:55";"81";"Sem vítima";"435,000";"BR-101/SC";"Decrescente";"Choque";1;0;0;0;0;0;0;0;0;0;0;0;0;0;0
"08/11/2025";"19:22:23";"83";"Com vítima";"368,200";"BR-101/SC";"Crescente";"Queda de moto";0;0;0;1;0;0;0;0;0;0;0;2;2;0;0
"08/11/2025";"21:12:42";"91";"Sem vítima";"417,700";"BR-101/SC";"Crescente";"Colisão traseira";2;0;0;0;0;0;0;0;0;0;4;0;0;0;0
"09/11/2025";"02:47:02";"5";"Com vítima";"277,000";"BR-101/SC";"Decrescente";"Colisão traseira";0;0;1;0;0;0;0;0;0;1;2;0;2;0;0
"09/11/2025";"03:39:55";"7";"Sem vítima";"335,000";"BR-101/SC";"Crescente";"Colisão traseira";1;0;0;1;0;0;0;0;0;0;0;0;0;0;0
"09/11/2025";"04:07:26";"8";"Com vítima";"277,000";"BR-101/SC";"Decrescente";"Colisão traseira";1;0;1;1;0;0;0;0;0;0;2;0;2;0;0
"09/11/2025";"07:18:26";"24";"Sem vítima";"312,000";"BR-101/SC";"Decrescente";"Colisão traseira";1;0;0;0;0;0;0;0;0;0;0;0;0;0;0
"09/11/2025";"12:24:41";"64";"Sem vítima";"270,000";"BR-101/SC";"Decrescente";"Colisão lateral no mesmo sentido";1;0;1;0;0;0;0;0;0;0;0;0;0;0;0
"09/11/2025";"19:13:00";"110";"Com vítima";"371,900";"BR-101/SC";"Crescente";"Capotamento";1;0;0;0;0;0;0;0;0;0;0;2;0;0;0
"10/11/2025";"14:46:40";"94";"Sem vítima";"332,000";"BR-101/SC";"Crescente";"Colisão traseira";1;0;0;1;0;0;0;0;0;0;0;0;0;0;0
"11/11/2025";"15:15:46";"100";"Com vítima";"324,000";"BR-101/SC";"Decrescente";"Queda de moto";0;0;0;1;0;0;0;0;0;0;0;0;2;0;0
"11/11/2025";"17:21:46";"113";"Sem vítima";"274,000";"BR-101/SC";"Crescente";"Colisão frontal";0;0;1;1;0;0;0;0;0;0;0;0;0;0;0
"11/11/2025";"18:15:28";"117";"Sem vítima";"328,000";"BR-101/SC";"Crescente";"Colisão lateral no mesmo sentido";0;0;0;0;0;0;0;0;0;1;0;0;0;0;0
"11/11/2025";"19:06:32";"120";"Sem vítima";"327,000";"BR-101/SC";"Decrescente";"Colisão traseira";1;0;0;1;0;0;0;0;0;0;0;0;0;0;0
"12/11/2025";"00:39:09";"5";"Sem vítima";"284,000";"BR-101/SC";"Crescente";"Tombamento";1;0;0;0;0;0;0;0;0;0;0;0;0;0;0
"12/11/2025";"05:52:56";"17";"Sem vítima";"344,000";"BR-101/SC";"Crescente";"Colisão traseira";1;0;1;0;0;0;0;0;0;0;0;0;0;0;0
"12/11/2025";"22:16:41";"122";"Sem vítima";"334,000";"BR-101/SC";"Decrescente";"Colisão lateral no mesmo sentido";2;0;0;0;0;0;0;0;0;0;0;0;0;0;0
"13/11/2025";"02:31:04";"15";"Com vítima";"276,000";"BR-101/SC";"Decrescente";"Tombamento";0;0;0;1;0;0;0;0;0;0;0;0;0;0;2
"13/11/2025";"12:12:33";"109";"Sem vítima";"253,000";"BR-101/SC";"Crescente";"Queda de carga";0;0;1;0;0;0;0;0;0;0;1;0;0;0;0
"13/11/2025";"19:45:12";"156";"Com vítima";"337,000";"BR-101/SC";"Decrescente";"Colisão traseira";1;0;0;0;0;0;0;0;0;1;6;2;0;0;0
"14/11/2025";"08:14:42";"27";"Sem vítima";"377,700";"BR-101/SC";"Crescente";"Capotamento";1;0;0;0;0;0;0;0;0;0;2;0;0;0;0
"14/11/2025";"12:15:56";"77";"Sem vítima";"407,000";"BR-101/SC";"Decrescente";"Engavetamento";3;0;0;0;0;0;0;0;0;0;0;0;0;0;0
"14/11/2025";"14:22:45";"100";"Sem vítima";"257,000";"BR-101/SC";"Decrescente";"Tombamento";0;0;1;0;0;0;0;0;0;0;0;0;0;0;0
"14/11/2025";"21:53:27";"159";"Sem vítima";"404,000";"BR-101/SC";"Decrescente";"Colisão traseira";2;0;0;0;0;0;0;0;0;0;4;0;0;0;0
"15/11/2025";"00:02:11";"1";"Com vítima";"349,000";"BR-101/SC";"Decrescente";"Colisão traseira";2;0;0;0;0;0;0;0;0;0;4;0;2;0;0
"15/11/2025";"03:55:04";"9";"Sem vítima";"350,000";"BR-101/SC";"Crescente";"Choque";0;0;1;0;0;0;0;0;0;0;2;0;0;0;0
"15/11/2025";"10:25:56";"55";"Com vítima";"447,000";"BR-101/SC";"Decrescente";"Queda de moto";0;0;0;0;0;0;0;0;0;0;0;0;0;0;0
"15/11/2025";"13:08:41";"70";"Sem vítima";"412,000";"BR-101/SC";"Crescente";"Queda de moto";0;0;0;1;0;0;0;0;0;0;0;0;0;0;0
"15/11/2025";"15:08:54";"81";"Sem vítima";"325,000";"BR-101/SC";"Crescente";"Colisão traseira";2;0;0;1;0;0;0;0;0;0;0;0;0;0;0
"15/11/2025";"15:48:48";"88";"Sem vítima";"251,000";"BR-101/SC";"Crescente";"Colisão lateral no mesmo sentido";1;0;0;0;0;0;0;0;0;0;0;0;0;0;0
"15/11/2025";"20:04:24";"111";"Sem vítima";"327,000";"BR-101/SC";"Decrescente";"Capotamento";1;0;0;0;0;0;0;0;0;0;0;0;0;0;0
"15/11/2025";"22:30:48";"130";"Sem vítima";"435,000";"BR-101/SC";"Decrescente";"Colisão lateral no mesmo sentido";1;0;0;1;0;0;0;0;0;0;0;0;0;0;0
"16/11/2025";"01:32:51";"3";"Sem vítima";"302,000";"BR-101/SC";"Crescente";"Colisão traseira";2;0;0;0;0;0;0;0;0;0;0;0;0;0;0
"16/11/2025";"02:17:59";"8";"Sem vítima";"319,000";"BR-101/SC";"Decrescente";"Atropelamento de animal";1;0;0;0;0;0;0;0;0;0;0;0;0;0;0
"16/11/2025";"15:21:30";"75";"Sem vítima";"328,000";"BR-101/SC";"Decrescente";"Colisão traseira";1;0;0;0;0;0;0;0;0;0;0;0;0;0;0
"16/11/2025";"15:58:53";"78";"Sem vítima";"397,000";"BR-101/SC";"Decrescente";"Colisão traseira";2;0;0;0;0;0;0;0;0;0;0;0;0;0;0
"16/11/2025";"20:00:26";"113";"Sem vítima";"456,000";"BR-101/SC";"Decrescente";"Choque";1;0;0;0;0;0;0;0;0;0;0;0;0;0;0
"16/11/2025";"22:25:18";"125";"Sem vítima";"373,000";"BR-101/SC";"Decrescente";"Acidentes de outra natureza";1;0;0;0;0;0;0;0;0;0;0;0;0;0;0
"17/11/2025";"01:17:06";"4";"Sem vítima";"248,000";"BR-101/SC";"Crescente";"Choque";0;0;1;0;0;0;0;0;0;0;0;0;0;0;0
"17/11/2025";"14:07:09";"75";"Com vítima";"334,000";"BR-101/SC";"Decrescente";"Colisão lateral no mesmo sentido";1;0;0;1;0;0;0;0;0;0;2;0;2;0;0
"18/11/2025";"10:20:33";"60";"Sem vítima";"339,000";"BR-101/SC";"Crescente";"Choque";1;0;0;0;0;0;0;0;0;0;0;0;0;0;0
"18/11/2025";"20:15:07";"106";"Sem vítima";"334,000";"BR-101/SC";"Decrescente";"Colisão lateral no mesmo sentido";1;0;0;1;0;0;0;0;0;0;4;0;0;0;0
"19/11/2025";"08:34:32";"38";"Sem vítima";"276,000";"BR-101/SC";"Crescente";"Acidentes de outra natureza";2;0;0;0;0;0;0;0;0;0;0;0;0;0;0
"19/11/2025";"13:06:23";"79";"Sem vítima";"298,000";"BR-101/SC";"Decrescente";"Colisão lateral no mesmo sentido";2;0;0;0;0;0;0;0;0;0;0;0;0;0;0
"19/11/2025";"15:02:22";"88";"Sem vítima";"439,000";"BR-101/SC";"Decrescente";"Tombamento";0;0;1;0;0;0;0;0;0;0;0;0;0;0;0
"19/11/2025";"20:59:57";"110";"Sem vítima";"276,000";"BR-101/SC";"Decrescente";"Choque";1;0;0;0;0;0;0;0;0;0;2;0;0;0;0
"20/11/2025";"08:58:25";"38";"Sem vítima";"354,000";"BR-101/SC";"Decrescente";"Colisão traseira";1;0;0;0;0;0;0;0;0;0;0;0;0;0;0
"20/11/2025";"10:31:26";"56";"Sem vítima";"339,000";"BR-101/SC";"Decrescente";"Colisão traseira";1;0;0;0;0;0;0;0;0;0;0;0;0;0;0
"20/11/2025";"11:07:48";"60";"Sem vítima";"363,000";"BR-101/SC";"Crescente";"Colisão traseira";1;0;0;0;0;0;0;0;0;0;0;0;0;0;0
"20/11/2025";"14:29:08";"73";"Com vítima";"349,000";"BR-101/SC";"Crescente";"Colisão traseira";2;0;0;0;0;0;0;0;0;0;0;2;0;0;0
"20/11/2025";"15:00:47";"78";"Com vítima";"440,000";"BR-101/SC";"Crescente";"Queda de moto";0;0;0;1;0;0;0;0;0;0;0;0;2;0;0
"21/11/2025";"02:51:01";"14";"Sem vítima";"363,000";"BR-101/SC";"Crescente";"Acidentes de outra natureza";1;0;0;0;0;0;0;0;0;0;0;0;0;0;0
"21/11/2025";"12:08:49";"62";"Sem vítima";"427,000";"BR-101/SC";"Decrescente";"Colisão frontal";1;0;0;1;0;0;0;0;0;0;0;0;0;0;0
"21/11/2025";"14:46:43";"76";"Sem vítima";"360,000";"BR-101/SC";"Crescente";"Colisão traseira";3;0;0;0;0;0;0;0;0;0;0;0;0;0;0
"21/11/2025";"15:56:34";"86";"Com vítima";"342,000";"BR-101/SC";"Decrescente";"Queda de moto";0;0;0;1;0;0;0;0;0;0;0;0;2;0;0
"22/11/2025";"09:42:46";"43";"Com vítima";"437,000";"BR-101/SC";"Crescente";"Choque";1;0;0;0;0;0;0;0;0;0;0;0;0;2;0
"22/11/2025";"13:04:38";"55";"Com vítima";"338,000";"BR-101/SC";"Decrescente";"Choque";1;0;0;0;0;0;0;0;0;0;0;0;4;0;0
"23/11/2025";"02:49:27";"4";"Sem vítima";"248,000";"BR-101/SC";"Crescente";"Choque";1;0;0;0;0;0;0;0;0;0;2;0;0;0;0
"23/11/2025";"04:32:04";"6";"Sem vítima";"269,400";"BR-101/SC";"Decrescente";"Colisão lateral no mesmo sentido";1;0;1;0;0;0;0;0;0;0;6;0;0;0;0
"23/11/2025";"11:36:29";"32";"Sem vítima";"318,200";"BR-101/SC";"Crescente";"Engavetamento";2;0;0;0;0;0;0;0;0;0;0;0;0;0;0
"23/11/2025";"12:57:56";"35";"Com vítima";"286,720";"BR-101/SC";"Crescente";"Choque";1;0;0;0;0;0;0;0;0;0;0;2;2;0;0
"23/11/2025";"18:41:44";"65";"Sem vítima";"255,000";"BR-101/SC";"Crescente";"Colisão traseira";1;0;1;0;0;0;0;0;0;0;6;0;0;0;0
"23/11/2025";"20:06:51";"73";"Sem vítima";"247,000";"BR-101/SC";"Crescente";"Colisão traseira";1;0;0;0;0;0;0;0;0;1;4;0;0;0;0
"24/11/2025";"01:57:46";"7";"Sem vítima";"336,500";"BR-101/SC";"Crescente";"Choque";1;0;0;0;0;0;0;0;0;0;6;0;0;0;0
"24/11/2025";"05:42:25";"12";"Com vítima";"263,000";"BR-101/SC";"Decrescente";"Choque";1;0;0;0;0;0;0;0;0;0;0;2;0;0;0
"24/11/2025";"09:47:34";"48";"Sem vítima";"402,000";"BR-101/SC";"Crescente";"Choque";0;0;0;1;0;0;0;0;0;0;0;0;0;0;0
"24/11/2025";"11:22:30";"56";"Sem vítima";"425,002";"BR-101/SC";"Crescente";"Colisão lateral no mesmo sentido";1;0;0;0;0;0;0;0;0;0;0;0;0;0;0
"24/11/2025";"20:22:31";"93";"Com vítima";"335,000";"BR-101/SC";"Crescente";"Colisão lateral no mesmo sentido";1;0;0;1;0;0;0;0;0;0;2;2;0;0;0
"24/11/2025";"20:23:10";"94";"Com vítima";"438,000";"BR-101/SC";"Crescente";"Colisão lateral no mesmo sentido";1;0;0;1;0;0;0;0;0;0;1;2;0;0;0
"25/11/2025";"09:58:30";"61";"Com vítima";"311,000";"BR-101/SC";"Decrescente";"Colisão traseira";0;0;0;1;0;0;0;0;0;0;0;0;1;0;0
"25/11/2025";"14:09:47";"87";"Sem vítima";"335,000";"BR-101/SC";"Crescente";"Colisão traseira";0;0;0;0;0;0;0;0;0;2;0;0;0;0;0
"25/11/2025";"18:54:18";"112";"Sem vítima";"376,000";"BR-101/SC";"Decrescente";"Colisão traseira";0;0;2;0;0;0;0;0;0;0;0;0;0;0;0
"26/11/2025";"11:59:00";"74";"Sem vítima";"282,000";"BR-101/SC";"Decrescente";"Colisão frontal";0;0;1;0;0;0;0;0;0;0;0;0;0;0;0
"26/11/2025";"16:04:03";"100";"Sem vítima";"307,000";"BR-101/SC";"Decrescente";"Colisão traseira";0;0;2;0;0;0;0;0;0;0;0;0;0;0;0
"26/11/2025";"18:02:24";"104";"Sem vítima";"333,000";"BR-101/SC";"Crescente";"Colisão lateral no mesmo sentido";0;0;0;1;0;0;0;0;0;0;0;0;0;0;0
"27/11/2025";"01:33:13";"8";"Sem vítima";"262,800";"BR-101/SC";"Decrescente";"Acidentes de outra natureza";0;0;1;0;0;0;0;0;0;0;0;0;0;0;0
"27/11/2025";"04:44:56";"13";"Sem vítima";"356,000";"BR-101/SC";"Decrescente";"Colisão traseira";1;0;1;0;0;0;0;0;0;0;0;0;0;0;0
"27/11/2025";"12:00:54";"82";"Sem vítima";"353,000";"BR-101/SC";"Decrescente";"Engavetamento";2;0;0;0;0;0;0;0;0;0;2;0;0;0;0
"27/11/2025";"14:02:31";"96";"Sem vítima";"442,000";"BR-101/SC";"Decrescente";"Colisão traseira";2;0;0;0;0;0;0;0;0;0;0;0;0;0;0
"27/11/2025";"15:14:08";"100";"Sem vítima";"326,000";"BR-101/SC";"Decrescente";"Colisão traseira";1;0;1;0;0;0;0;0;0;0;0;0;0;0;0
"27/11/2025";"20:56:55";"121";"Sem vítima";"251,200";"BR-101/SC";"Decrescente";"Colisão traseira";0;0;0;1;0;0;0;0;0;1;0;0;0;0;0
"28/11/2025";"10:58:46";"75";"Sem vítima";"354,000";"BR-101/SC";"Crescente";"Acidentes de outra natureza";1;0;0;0;0;0;0;0;0;0;0;0;0;0;0
"28/11/2025";"14:20:11";"90";"Sem vítima";"437,500";"BR-101/SC";"Decrescente";"Choque";1;0;0;0;0;0;0;0;0;0;1;0;0;0;0
"28/11/2025";"14:57:10";"92";"Sem vítima";"280,000";"BR-101/SC";"Decrescente";"Choque";1;0;0;0;0;0;0;0;0;0;1;0;0;0;0
"28/11/2025";"18:08:41";"103";"Com vítima";"446,000";"BR-101/SC";"Crescente";"Choque";0;0;0;1;0;0;0;0;0;0;0;0;0;1;0
"29/11/2025";"08:17:51";"42";"Com vítima";"252,000";"BR-101/SC";"Decrescente";"Colisão traseira";0;0;2;0;0;0;0;0;0;0;0;1;0;0;0
"29/11/2025";"09:23:43";"50";"Sem vítima";"436,000";"BR-101/SC";"Crescente";"Colisão traseira";1;0;0;1;0;0;0;0;0;0;0;0;0;0;0
"29/11/2025";"11:08:54";"58";"Sem vítima";"344,000";"BR-101/SC";"Crescente";"Colisão traseira";0;0;2;0;0;0;0;0;0;0;0;0;0;0;0
"29/11/2025";"11:26:30";"60";"Sem vítima";"457,000";"BR-101/SC";"Crescente";"Colisão traseira";2;0;0;0;0;0;0;0;0;0;0;0;0;0;0
"29/11/2025";"14:42:22";"66";"Sem vítima";"375,000";"BR-101/SC";"Decrescente";"Colisão lateral no mesmo sentido";1;0;1;0;0;0;0;0;0;0;0;0;0;0;0
"29/11/2025";"20:54:11";"91";"Sem vítima";"337,000";"BR-101/SC";"Decrescente";"Colisão traseira";2;0;0;0;0;0;0;0;0;0;0;0;0;0;0
"30/11/2025";"04:39:31";"25";"Sem vítima";"294,000";"BR-101/SC";"Decrescente";"Colisão lateral no mesmo sentido";2;0;0;0;0;0;0;0;0;0;0;0;0;0;0
"30/11/2025";"20:52:09";"101";"Sem vítima";"294,000";"BR-101/SC";"Crescente";"Capotamento";1;0;0;0;0;0;0;0;0;0;0;0;0;0;0
"01/12/2025";"07:19:49";"24";"Sem vítima";"435,000";"BR-101/SC";"Decrescente";"Colisão lateral no mesmo sentido";2;0;0;0;0;0;0;0;0;0;0;0;0;0;0
"01/12/2025";"10:27:50";"56";"Com vítima";"420,000";"BR-101/SC";"Crescente";"Queda de moto";0;0;0;1;0;0;0;0;0;0;0;0;1;0;0
"01/12/2025";"11:46:36";"62";"Sem vítima";"435,000";"BR-101/SC";"Decrescente";"Colisão traseira";1;0;0;1;0;0;0;0;0;0;0;0;0;0;0
"01/12/2025";"14:58:55";"77";"Sem vítima";"323,000";"BR-101/SC";"Crescente";"Colisão traseira";2;0;0;0;0;0;0;0;0;0;0;0;0;0;0
"01/12/2025";"16:57:25";"82";"Sem vítima";"406,000";"BR-101/SC";"Crescente";"Choque";1;0;0;0;0;0;0;0;0;0;0;0;0;0;0
"02/12/2025";"11:33:18";"62";"Sem vítima";"424,000";"BR-101/SC";"Crescente";"Choque";1;0;0;0;0;0;0;0;0;0;1;0;0;0;0
"02/12/2025";"17:50:04";"98";"Sem vítima";"428,000";"BR-101/SC";"Crescente";"Choque";1;0;0;0;0;0;0;0;0;0;1;0;0;0;0