data;horario;n_da_ocorrencia;tipo_de_ocorrencia;km;trecho;sentido;tipo_de_acidente;automovel;bicicleta;caminhao;moto;onibus;outros;tracao_animal;transporte_de_cargas_especiais;trator_maquinas;utilitarios;ilesos;levemente_feridos;moderadamente_feridos;gravemente_feridos;mortos
"03/12/2025";"00:47:15";"2";"Sem vítima";"400,000";"BR-101/SC";"Crescente";"Colisão traseira";0;0;2;0;0;0;0;0;0;0;2;0;0;0;0
"03/12/2025";"22:21:29";"116";"Sem vítima";"335,000";"BR-101/SC";"Decrescente";"Colisão lateral no mesmo sentido";1;0;1;0;0;0;0;0;0;0;4;0;0;0;0
"04/12/2025";"15:10:33";"84";"Com vítima";"273,000";"BR-101/SC";"Crescente";"Queda de moto";0;0;0;1;0;0;0;0;0;0;0;1;0;0;0
"05/12/2025";"00:06:27";"1";"Sem vítima";"277,000";"BR-101/SC";"Decrescente";"Queda de moto";0;0;0;1;0;0;0;0;0;0;0;0;0;0;0
"05/12/2025";"02:30:41";"21";"Sem vítima";"447,000";"BR-101/SC";"Decrescente";"Choque";1;0;0;0;0;0;0;0;0;0;0;0;0;0;0
"06/12/2025";"00:16:32";"2";"Sem vítima";"348,000";"BR-101/SC";"Decrescente";"Atropelamento de pedestre";0;0;0;1;0;0;0;0;0;0;0;0;0;0;0
"06/12/2025";"08:56:37";"40";"Sem vítima";"444,000";"BR-101/SC";"Decrescente";"Acidentes de outra natureza";1;0;0;0;0;0;0;0;0;0;0;0;0;0;0
"06/12/2025";"09:38:47";"44";"Sem vítima";"433,000";"BR-101/SC";"Crescente";"Colisão lateral no mesmo sentido";2;0;0;0;0;0;0;0;0;0;0;0;0;0;0
"06/12/2025";"11:33:16";"61";"Sem vítima";"266,000";"BR-101/SC";"Crescente";"Queda de moto";0;0;0;1;0;0;0;0;0;0;0;0;0;0;0
"06/12/2025";"18:30:57";"93";"Sem vítima";"403,000";"BR-101/SC";"Crescente";"Colisão traseira";1;0;1;0;0;0;0;0;0;0;1;0;0;0;0
"06/12/2025";"22:26:03";"105";"Sem vítima";"280,000";"BR-101/SC";"Crescente";"Colisão traseira";1;0;1;0;0;0;0;0;0;0;1;0;0;0;0
"07/12/2025";"04:57:16";"16";"Com vítima";"258,000";"BR-101/SC";"Crescente";"Colisão traseira";1;0;1;0;0;0;0;0;0;0;3;1;0;0;0
"07/12/2025";"11:05:20";"43";"Com vítima";"327,000";"BR-101/SC";"Decrescente";"Colisão traseira";2;0;0;0;0;0;0;0;0;0;5;1;0;0;0
"07/12/2025";"11:16:37";"46";"Sem vítima";"327,000";"BR-101/SC";"Decrescente";"Colisão lateral no mesmo sentido";2;0;0;0;0;0;0;0;0;0;5;0;0;0;0
"08/12/2025";"00:40:46";"3";"Sem vítima";"365,000";"BR-101/SC";"Decrescente";"Choque";1;0;0;0;0;0;0;0;0;0;1;0;0;0;0
"08/12/2025";"01:48:39";"6";"Com vítima";"331,000";"BR-101/SC";"Crescente";"Choque";1;0;0;0;0;0;0;0;0;0;0;1;0;0;0
"08/12/2025";"11:50:42";"64";"Sem vítima";"437,000";"BR-101/SC";"Crescente";"Colisão lateral no mesmo sentido";1;0;0;1;0;0;0;0;0;0;0;0;0;0;0
"08/12/2025";"14:31:29";"83";"Com vítima";"340,000";"BR-101/SC";"Decrescente";"Colisão lateral no mesmo sentido";1;0;0;1;0;0;0;0;0;0;0;1;0;0;0
"08/12/2025";"18:10:00";"100";"Com vítima";"412,000";"BR-101/SC";"Decrescente";"Colisão traseira";1;0;1;0;0;0;0;0;0;0;2;4;0;0;0
"08/12/2025";"20:36:27";"106";"Com vítima";"333,000";"BR-101/SC";"Decrescente";"Colisão traseira";1;0;0;1;0;0;0;0;0;0;1;1;0;0;0
"08/12/2025";"21:22:31";"113";"Sem vítima";"406,000";"BR-101/SC";"Crescente";"Choque";1;0;0;0;0;0;0;0;0;0;1;0;0;0;0
"08/12/2025";"22:44:10";"116";"Sem vítima";"457,000";"BR-101/SC";"Crescente";"Choque";0;0;0;0;0;0;0;0;0;1;1;0;0;0;0
"10/12/2025";"01:29:04";"4";"Sem vítima";"438,000";"BR-101/SC";"Crescente";"Queda de moto";0;0;0;1;0;0;0;0;0;0;0;0;0;0;0
"10/12/2025";"21:58:38";"121";"Sem vítima";"381,000";"BR-101/SC";"Crescente";"Colisão traseira";1;0;0;1;0;0;0;0;0;0;0;0;0;0;0
"11/12/2025";"10:33:45";"78";"Sem vítima";"254,000";"BR-101/SC";"Crescente";"Choque";1;0;0;0;0;0;0;0;0;0;0;0;0;0;0
"11/12/2025";"17:43:28";"111";"Sem vítima";"327,000";"BR-101/SC";"Decrescente";"Colisão lateral no mesmo sentido";1;0;1;0;0;0;0;0;0;0;2;0;0;0;0
"11/12/2025";"21:55:58";"122";"Sem vítima";"329,300";"BR-101/SC";"Crescente";"Colisão traseira";1;0;1;0;0;0;0;0;0;0;2;0;0;0;0
"12/12/2025";"07:33:11";"14";"Com vítima";"315,000";"BR-101/SC";"Decrescente";"Choque";2;0;0;0;0;0;0;0;0;0;0;1;0;0;0
"12/12/2025";"22:59:56";"112";"Sem vítima";"299,000";"BR-101/SC";"Decrescente";"Colisão traseira";2;0;0;0;0;0;0;0;0;0;1;0;0;0;0
"13/12/2025";"04:17:42";"16";"Sem vítima";"390,000";"BR-101/SC";"Decrescente";"Colisão traseira";1;0;1;0;0;0;0;0;0;0;1;0;0;0;0
"13/12/2025";"10:35:40";"45";"Sem vítima";"317,000";"BR-101/SC";"Decrescente";"Queda de moto";0;0;0;1;0;0;0;0;0;0;0;0;0;0;0
"13/12/2025";"19:16:05";"82";"Sem vítima";"368,000";"BR-101/SC";"Crescente";"Queda de carga";0;0;1;0;0;0;0;0;0;0;0;0;0;0;0
"14/12/2025";"13:33:34";"51";"Sem vítima";"369,000";"BR-101/SC";"Decrescente";"Choque";1;0;0;0;0;0;0;0;0;0;0;0;0;0;0
"14/12/2025";"21:43:15";"89";"Sem vítima";"404,000";"BR-101/SC";"Decrescente";"Engavetamento";1;0;0;0;0;0;0;0;0;0;1;0;0;0;0
"15/12/2025";"17:30:54";"83";"Sem vítima";"439,000";"BR-101/SC";"Decrescente";"Colisão lateral no mesmo sentido";2;0;0;0;0;0;0;0;0;0;3;0;0;0;0
"16/12/2025";"08:54:23";"43";"Sem vítima";"283,000";"BR-101/SC";"Decrescente";"Colisão traseira";1;0;0;0;0;0;0;0;0;0;1;0;0;0;0
"16/12/2025";"09:05:44";"47";"Sem vítima";"332,000";"BR-101/SC";"Crescente";"Colisão traseira";1;0;1;0;0;0;0;0;0;0;2;0;0;0;0
"16/12/2025";"18:21:39";"82";"Com vítima";"463,000";"BR-101/SC";"Decrescente";"Colisão lateral no mesmo sentido";1;0;1;1;0;0;0;0;0;0;1;1;0;0;0
"17/12/2025";"02:52:25";"8";"Sem vítima";"308,500";"BR-101/SC";"Decrescente";"Acidentes de outra natureza";0;0;1;0;0;0;0;0;0;0;1;0;0;0;0
"17/12/2025";"17:11:11";"72";"Sem vítima";"383,000";"BR-101/SC";"Crescente";"Colisão traseira";2;0;0;0;0;0;0;0;0;0;2;0;0;0;0
"19/12/2025";"00:28:52";"4";"Sem vítima";"299,000";"BR-101/SC";"Decrescente";"Atropelamento de animal";1;0;0;0;0;0;0;0;0;0;1;0;0;0;0
"19/12/2025";"09:28:29";"56";"Sem vítima";"455,000";"BR-101/SC";"Crescente";"Choque";1;0;0;0;0;0;0;0;0;0;0;0;0;0;0
"19/12/2025";"15:59:27";"96";"Com vítima";"381,000";"BR-101/SC";"Crescente";"Colisão lateral no mesmo sentido";1;0;0;1;0;0;0;0;0;0;1;0;1;0;0
"20/12/2025";"01:39:39";"12";"Sem vítima";"404,000";"BR-101/SC";"Crescente";"Colisão traseira";1;0;1;0;0;0;0;0;0;0;1;0;0;0;0
"20/12/2025";"19:23:18";"129";"Com vítima";"289,000";"BR-101/SC";"Crescente";"Tombamento";1;0;0;0;0;0;0;0;0;0;0;2;0;0;0
"21/12/2025";"10:03:34";"56";"Sem vítima";"401,700";"BR-101/SC";"Crescente";"Choque";1;0;0;0;0;0;0;0;0;0;1;0;0;0;0
"21/12/2025";"16:26:28";"105";"Sem vítima";"416,000";"BR-101/SC";"Decrescente";"Colisão traseira";2;0;0;0;0;0;0;0;0;0;1;0;0;0;0
"22/12/2025";"02:19:50";"13";"Com vítima";"382,000";"BR-101/SC";"Crescente";"Tombamento";0;0;0;1;0;0;0;0;0;0;0;1;0;0;0
"22/12/2025";"02:26:04";"14";"Sem vítima";"282,500";"BR-101/SC";"Decrescente";"Choque";1;0;0;0;0;0;0;0;0;0;1;0;0;0;0
"22/12/2025";"05:15:04";"20";"Sem vítima";"355,000";"BR-101/SC";"Crescente";"Choque";1;0;0;0;0;0;0;0;0;0;1;0;0;0;0
"22/12/2025";"08:42:01";"48";"Sem vítima";"282,000";"BR-101/SC";"Crescente";"Choque";0;0;0;1;0;0;0;0;0;0;1;0;0;0;0
"22/12/2025";"12:35:47";"72";"Sem vítima";"381,000";"BR-101/SC";"Crescente";"Colisão traseira";0;0;2;0;0;0;0;0;0;0;0;0;0;0;0
"22/12/2025";"15:07:30";"81";"Sem vítima";"289,000";"BR-101/SC";"Crescente";"Colisão lateral no mesmo sentido";1;0;1;0;0;0;0;0;0;0;2;0;0;0;0
"23/12/2025";"09:42:51";"44";"Com vítima";"424,000";"BR-101/SC";"Crescente";"Colisão traseira";1;0;0;1;0;0;0;0;0;0;0;1;0;0;0
"23/12/2025";"12:42:12";"59";"Sem vítima";"379,000";"BR-101/SC";"Crescente";"Colisão frontal";1;0;0;0;0;0;0;0;0;0;0;0;0;0;0
"23/12/2025";"14:20:36";"66";"Com vítima";"305,000";"BR-101/SC";"Decrescente";"Capotamento";1;0;0;0;0;0;0;0;0;0;0;0;1;0;0
"23/12/2025";"14:49:26";"68";"Com vítima";"444,000";"BR-101/SC";"Crescente";"Acidentes de outra natureza";3;0;0;0;0;0;0;0;0;0;0;1;0;1;1
"23/12/2025";"20:16:32";"95";"Com vítima";"336,500";"BR-101/SC";"Crescente";"Acidentes de outra natureza";1;0;0;0;0;0;0;0;0;0;1;1;0;0;0
"24/12/2025";"11:29:12";"60";"Sem vítima";"427,000";"BR-101/SC";"Crescente";"Choque";2;0;0;0;0;0;0;0;0;0;0;0;0;0;0
"24/12/2025";"13:28:36";"68";"Sem vítima";"421,000";"BR-101/SC";"Crescente";"Colisão traseira";1;0;0;0;0;0;0;0;0;0;0;0;0;0;0
"24/12/2025";"15:16:37";"75";"Sem vítima";"389,000";"BR-101/SC";"Decrescente";"Acidentes de outra natureza";1;0;0;0;0;0;0;0;0;0;0;0;0;0;0
"24/12/2025";"16:09:14";"81";"Sem vítima";"339,000";"BR-101/SC";"Decrescente";"Acidentes de outra natureza";1;0;0;0;0;0;0;0;0;0;0;0;0;0;0
"24/12/2025";"18:09:19";"88";"Sem vítima";"257,000";"BR-101/SC";"Decrescente";"Acidentes de outra natureza";1;0;0;0;0;0;0;0;0;0;2;0;0;0;0
"24/12/2025";"18:22:48";"90";"Sem vítima";"433,000";"BR-101/SC";"Decrescente";"Colisão traseira";2;0;0;0;0;0;0;0;0;0;3;0;0;0;0
"24/12/2025";"23:14:11";"112";"Sem vítima";"406,000";"BR-101/SC";"Decrescente";"Colisão traseira";1;0;1;0;0;0;0;0;0;0;2;0;0;0;0
"26/12/2025";"01:24:48";"8";"Sem vítima";"378,000";"BR-101/SC";"Decrescente";"Choque";1;0;0;0;0;0;0;0;0;0;0;0;0;0;0
"26/12/2025";"10:59:54";"57";"Sem vítima";"380,000";"BR-101/SC";"Decrescente";"Colisão traseira";2;0;0;0;0;0;0;0;0;0;2;0;0;0;0
"26/12/2025";"17:59:45";"102";"Sem vítima";"351,000";"BR-101/SC";"Decrescente";"Acidentes de outra natureza";0;0;0;0;0;0;0;0;0;1;1;0;0;0;0
"26/12/2025";"22:09:11";"128";"Com vítima";"446,000";"BR-101/SC";"Crescente";"Colisão transversal";0;1;0;1;0;0;0;0;0;0;0;0;0;1;0
"27/12/2025";"01:39:34";"5";"Sem vítima";"406,000";"BR-101/SC";"Decrescente";"Colisão traseira";2;0;0;0;0;0;0;0;0;0;1;0;0;0;0
"27/12/2025";"12:22:03";"51";"Sem vítima";"317,000";"BR-101/SC";"Decrescente";"Acidentes de outra natureza";1;0;0;0;0;0;0;0;0;0;0;0;0;0;0
"27/12/2025";"13:04:32";"54";"Sem vítima";"327,000";"BR-101/SC";"Crescente";"Acidentes de outra natureza";0;0;1;0;0;0;0;0;0;0;0;0;0;0;0
"27/12/2025";"15:51:04";"67";"Sem vítima";"378,000";"BR-101/SC";"Decrescente";"Colisão lateral no mesmo sentido";1;0;0;1;0;0;0;0;0;0;0;0;0;0;0
"27/12/2025";"16:30:41";"70";"Com vítima";"360,000";"BR-101/SC";"Crescente";"Colisão traseira";1;0;0;0;0;0;0;0;0;0;0;1;0;0;0
"27/12/2025";"16:37:07";"72";"Sem vítima";"410,000";"BR-101/SC";"Crescente";"Colisão traseira";2;0;0;0;0;0;0;0;0;0;0;0;0;0;0
"27/12/2025";"17:44:37";"77";"Sem vítima";"368,000";"BR-101/SC";"Decrescente";"Colisão transversal";2;0;0;0;0;0;0;0;0;0;0;0;0;0;0
"27/12/2025";"18:18:38";"80";"Com vítima";"419,000";"BR-101/SC";"Crescente";"Colisão frontal";1;0;0;1;0;0;0;0;0;0;1;0;1;0;0
"27/12/2025";"19:12:48";"86";"Sem vítima";"345,000";"BR-101/SC";"Crescente";"Acidentes de outra natureza";1;0;0;0;0;0;0;0;0;0;5;0;0;0;0
"27/12/2025";"20:29:22";"98";"Sem vítima";"315,000";"BR-101/SC";"Decrescente";"Colisão lateral no mesmo sentido";1;0;1;0;0;0;0;0;0;0;1;0;0;0;0
"27/12/2025";"20:34:10";"99";"Sem vítima";"292,000";"BR-101/SC";"Crescente";"Capotamento";1;0;0;0;0;0;0;0;0;0;0;0;0;0;0
"28/12/2025";"06:00:20";"45";"Sem vítima";"373,000";"BR-101/SC";"Decrescente";"Choque";1;0;0;0;0;0;0;0;0;0;0;0;0;0;0
"28/12/2025";"10:05:45";"75";"Sem vítima";"380,000";"BR-101/SC";"Crescente";"Acidentes de outra natureza";1;0;0;0;0;0;0;0;0;0;0;0;0;0;0
"28/12/2025";"11:57:34";"90";"Com vítima";"254,700";"BR-101/SC";"Decrescente";"Acidentes de outra natureza";0;0;0;1;0;0;0;0;0;0;0;0;0;1;0
"28/12/2025";"19:24:43";"139";"Sem vítima";"336,000";"BR-101/SC";"Decrescente";"Colisão lateral no mesmo sentido";1;0;1;0;0;0;0;0;0;0;1;0;0;0;0
"28/12/2025";"19:36:38";"143";"Sem vítima";"436,000";"BR-101/SC";"Decrescente";"Colisão traseira";2;0;0;0;0;0;0;0;0;0;4;0;0;0;0
"29/12/2025";"12:43:55";"78";"Com vítima";"306,000";"BR-101/SC";"Decrescente";"Capotamento";1;0;0;0;0;0;0;0;0;0;0;1;0;0;0
"29/12/2025";"13:41:36";"80";"Sem vítima";"368,000";"BR-101/SC";"Crescente";"Acidentes de outra natureza";1;0;0;0;0;0;0;0;0;0;2;0;0;0;0
"29/12/2025";"21:19:49";"123";"Sem vítima";"336,000";"BR-101/SC";"Crescente";"Choque";1;0;0;0;0;0;0;0;0;0;1;0;0;0;0
"29/12/2025";"21:20:19";"125";"Sem vítima";"329,000";"BR-101/SC";"Decrescente";"Acidentes de outra natureza";1;0;0;0;0;0;0;0;0;0;1;0;0;0;0
"29/12/2025";"21:35:41";"126";"Sem vítima";"441,000";"BR-101/SC";"Crescente";"Acidentes de outra natureza";1;0;0;0;0;0;0;0;0;0;1;0;0;0;0
"30/12/2025";"00:22:04";"3";"Sem vítima";"275,000";"BR-101/SC";"Decrescente";"Choque";1;0;0;0;0;0;0;0;0;0;0;0;0;0;0
"30/12/2025";"01:15:13";"9";"Sem vítima";"344,000";"BR-101/SC";"Decrescente";"Acidentes de outra natureza";1;0;0;0;0;0;0;0;0;0;1;0;0;0;0
"30/12/2025";"01:49:12";"11";"Sem vítima";"394,000";"BR-101/SC";"Decrescente";"Tombamento";0;0;1;0;0;0;0;0;0;1;1;0;0;0;0
"30/12/2025";"03:51:44";"14";"Sem vítima";"316,000";"BR-101/SC";"Decrescente";"Colisão lateral no mesmo sentido";1;0;1;0;0;0;0;0;0;0;5;0;0;0;0
"30/12/2025";"10:08:16";"48";"Sem vítima";"438,000";"BR-101/SC";"Crescente";"Colisão traseira";2;0;0;0;0;0;0;0;0;0;0;0;0;0;0
"30/12/2025";"11:26:15";"60";"Sem vítima";"417,000";"BR-101/SC";"Decrescente";"Colisão lateral no mesmo sentido";1;0;1;0;0;0;0;0;0;0;1;0;0;0;0
"30/12/2025";"13:40:36";"72";"Com vítima";"405,000";"BR-101/SC";"Decrescente";"Colisão lateral no mesmo sentido";1;0;0;1;0;0;0;0;0;0;1;1;0;0;0
"30/12/2025";"18:14:25";"103";"Sem vítima";"258,000";"BR-101/SC";"Decrescente";"Choque";1;0;0;0;0;0;0;0;0;0;2;0;0;0;0
"30/12/2025";"21:35:45";"118";"Sem vítima";"335,000";"BR-101/SC";"Crescente";"Engavetamento";2;0;2;0;0;0;0;0;0;1;9;0;0;0;0
"31/12/2025";"00:13:17";"2";"Sem vítima";"394,000";"BR-101/SC";"Decrescente";"Choque";1;0;0;0;0;0;0;0;0;0;1;0;0;0;0
"31/12/2025";"20:21:33";"112";"Sem vítima";"273,000";"BR-101/SC";"Decrescente";"Colisão lateral no mesmo sentido";2;0;0;0;0;0;0;0;0;0;1;0;0;0;0
"31/12/2025";"21:03:54";"117";"Com vítima";"272,000";"BR-101/SC";"Crescente";"Colisão traseira";1;0;0;1;0;0;0;0;0;0;0;1;0;0;0
"01/01/2026";"00:12:20";"1";"Sem vítima";"306,800";"BR-101/SC";"Crescente";"Atropelamento de animal";2;0;0;0;0;0;0;0;0;0;7;0;0;0;0
"01/01/2026";"02:54:19";"10";"Com vítima";"440,000";"BR-101/SC";"Crescente";"Capotamento";1;0;0;0;0;0;0;0;0;0;1;0;2;0;0
"01/01/2026";"05:01:41";"22";"Sem vítima";"453,800";"BR-101/SC";"Crescente";"Atropelamento de animal";1;0;0;0;0;0;0;0;0;0;0;0;0;0;0
"01/01/2026";"06:17:43";"27";"Sem vítima";"311,000";"BR-101/SC";"Decrescente";"Acidentes de outra natureza";1;0;0;0;0;0;0;0;0;0;0;0;0;0;0
"01/01/2026";"06:32:59";"29";"Com vítima";"283,000";"BR-101/SC";"Crescente";"Acidentes de outra natureza";1;0;0;0;0;0;0;0;0;0;0;0;1;0;0
"01/01/2026";"13:54:27";"59";"Com vítima";"407,000";"BR-101/SC";"Decrescente";"Capotamento";1;0;0;0;0;0;0;0;0;0;0;1;0;0;0
"01/01/2026";"16:28:16";"71";"Com vítima";"258,000";"BR-101/SC";"Decrescente";"Choque";1;0;0;0;0;0;0;0;0;0;0;0;1;0;0
"01/01/2026";"20:03:35";"95";"Sem vítima";"332,000";"BR-101/SC";"Decrescente";"Colisão lateral no mesmo sentido";2;0;0;0;0;0;0;0;0;0;0;0;0;0;0
"01/01/2026";"20:26:45";"101";"Sem vítima";"337,000";"BR-101/SC";"Decrescente";"Colisão lateral no mesmo sentido";1;0;0;1;0;0;0;0;0;0;0;0;0;0;0
"01/01/2026";"21:18:37";"108";"Sem vítima";"294,000";"BR-101/SC";"Crescente";"Colisão traseira";2;0;0;0;0;0;0;0;0;0;0;0;0;0;0
"02/01/2026";"01:00:13";"1";"Sem vítima";"327,500";"BR-101/SC";"Decrescente";"Choque";1;0;0;0;0;0;0;0;0;0;2;0;0;0;0
"02/01/2026";"15:11:16";"81";"Sem vítima";"420,000";"BR-101/SC";"Decrescente";"Acidentes de outra natureza";1;0;0;1;0;0;0;0;0;0;0;0;0;0;0
"02/01/2026";"21:38:53";"119";"Sem vítima";"336,000";"BR-101/SC";"Decrescente";"Tombamento";0;0;1;0;0;0;0;0;0;1;2;0;0;0;0
"02/01/2026";"23:37:42";"139";"Sem vítima";"400,000";"BR-101/SC";"Decrescente";"Colisão lateral no mesmo sentido";1;0;0;1;0;0;0;0;0;0;0;0;0;0;0
"02/01/2026";"23:57:47";"144";"Sem vítima";"404,000";"BR-101/SC";"Crescente";"Choque";1;0;0;0;0;0;0;0;0;0;3;0;0;0;0
"04/01/2026";"12:00:17";"53";"Sem vítima";"313,000";"BR-101/SC";"Crescente";"Colisão traseira";2;0;0;0;0;0;0;0;0;0;0;0;0;0;0
"04/01/2026";"12:00:19";"54";"Sem vítima";"450,000";"BR-101/SC";"Decrescente";"Capotamento";1;0;0;0;0;0;0;0;0;0;1;0;0;0;0
"04/01/2026";"21:33:19";"103";"Sem vítima";"385,000";"BR-101/SC";"Crescente";"Choque";1;0;0;0;0;0;0;0;0;0;0;0;0;0;0
"05/01/2026";"13:40:42";"95";"Sem vítima";"349,000";"BR-101/SC";"Crescente";"Capotamento";1;0;0;0;0;0;0;0;0;0;0;0;0;0;0
"06/01/2026";"15:23:48";"92";"Sem vítima";"343,000";"BR-101/SC";"Decrescente";"Acidentes de outra natureza";1;0;0;0;0;0;0;0;0;0;0;0;0;0;0
"07/01/2026";"18:27:11";"113";"Sem vítima";"402,000";"BR-101/SC";"Crescente";"Acidentes de outra natureza";0;0;0;0;0;0;0;0;0;1;2;0;0;0;0
"07/01/2026";"22:06:47";"138";"Sem vítima";"299,000";"BR-101/SC";"Crescente";"Colisão lateral no mesmo sentido";1;0;1;0;0;0;0;0;0;0;3;0;0;0;0
"08/01/2026";"00:33:06";"8";"Sem vítima";"292,000";"BR-101/SC";"Crescente";"Atropelamento de animal";1;0;0;0;0;0;0;0;0;0;1;0;0;0;0
"08/01/2026";"09:51:26";"61";"Com vítima";"379,000";"BR-101/SC";"Decrescente";"Colisão lateral no mesmo sentido";1;0;0;1;0;0;0;0;0;0;1;0;1;0;0
"08/01/2026";"16:42:48";"100";"Sem vítima";"306,000";"BR-101/SC";"Crescente";"Colisão frontal";1;0;0;0;0;0;0;0;0;1;1;0;0;0;0
"09/01/2026";"19:50:46";"119";"Sem vítima";"339,000";"BR-101/SC";"Decrescente";"Acidentes de outra natureza";1;0;0;0;0;0;0;0;0;0;1;0;0;0;0
"10/01/2026";"20:16:09";"74";"Sem vítima";"435,000";"BR-101/SC";"Decrescente";"Colisão traseira";2;0;0;0;0;0;0;0;0;0;4;0;0;0;0
"10/01/2026";"21:50:50";"93";"Sem vítima";"435,000";"BR-101/SC";"Crescente";"Colisão traseira";1;0;0;1;0;0;0;0;0;0;1;0;0;0;0
"11/01/2026";"06:50:33";"41";"Sem vítima";"336,000";"BR-101/SC";"Decrescente";"Choque";1;0;0;0;0;0;0;0;0;0;0;0;0;0;0
"11/01/2026";"11:15:06";"59";"Sem vítima";"367,000";"BR-101/SC";"Decrescente";"Capotamento";1;0;0;0;0;0;0;0;0;0;0;0;0;0;0
"11/01/2026";"15:12:40";"73";"Com vítima";"397,000";"BR-101/SC";"Decrescente";"Colisão lateral no mesmo sentido";1;0;1;0;0;0;0;0;0;0;0;0;2;1;0
"11/01/2026";"15:36:22";"77";"Sem vítima";"394,000";"BR-101/SC";"Crescente";"Acidentes de outra natureza";1;0;1;0;0;0;0;0;0;0;0;0;0;0;0
"11/01/2026";"22:05:46";"108";"Sem vítima";"297,000";"BR-101/SC";"Crescente";"Capotamento";1;0;0;0;0;0;0;0;0;0;0;0;0;0;0
"12/01/2026";"11:21:46";"57";"Com vítima";"289,000";"BR-101/SC";"Decrescente";"Acidentes de outra natureza";1;0;0;1;0;0;0;0;0;0;0;0;0;1;0
"12/01/2026";"21:03:59";"112";"Sem vítima";"324,000";"BR-101/SC";"Decrescente";"Acidentes de outra natureza";1;0;0;0;0;0;0;0;0;0;2;0;0;0;0
"13/01/2026";"11:43:21";"78";"Sem vítima";"246,000";"BR-101/SC";"Decrescente";"Choque";1;0;0;0;0;0;0;0;0;0;1;0;0;0;0
"13/01/2026";"17:56:28";"112";"Sem vítima";"435,000";"BR-101/SC";"Decrescente";"Colisão traseira";2;0;0;0;0;0;0;0;0;0;2;0;0;0;0
"14/01/2026";"14:07:59";"81";"Sem vítima";"318,000";"BR-101/SC";"Decrescente";"Colisão traseira";2;0;0;0;0;0;0;0;0;0;2;0;0;0;0
"14/01/2026";"20:15:39";"96";"Com vítima";"416,000";"BR-101/SC";"Decrescente";"Colisão frontal";1;0;0;1;0;0;0;0;0;0;0;2;1;0;0
"15/01/2026";"05:02:30";"7";"Sem vítima";"387,000";"BR-101/SC";"Decrescente";"Choque";1;0;0;0;0;0;0;0;0;0;1;0;0;0;0
"15/01/2026";"11:20:59";"52";"Com vítima";"256,000";"BR-101/SC";"Crescente";"Colisão traseira";0;0;2;0;0;0;0;0;0;0;0;0;1;0;0
"15/01/2026";"19:41:07";"86";"Sem vítima";"365,000";"BR-101/SC";"Crescente";"Acidentes de outra natureza";0;0;1;0;0;0;0;0;0;0;1;0;0;0;0
"16/01/2026";"07:27:25";"37";"Com vítima";"363,800";"BR-101/SC";"Crescente";"Queda de moto";0;0;0;1;0;0;0;0;0;0;0;1;0;0;0
"17/01/2026";"04:04:41";"21";"Sem vítima";"425,000";"BR-101/SC";"Decrescente";"Atropelamento de animal";0;0;0;0;0;0;0;0;0;1;1;0;0;0;0
"17/01/2026";"06:44:16";"23";"Sem vítima";"364,000";"BR-101/SC";"Decrescente";"Choque";1;0;0;0;0;0;0;0;0;0;2;0;0;0;0
"17/01/2026";"11:02:41";"58";"Sem vítima";"324,000";"BR-101/SC";"Decrescente";"Engavetamento";5;0;0;0;0;0;0;0;0;0;0;0;0;0;0
"17/01/2026";"11:13:06";"60";"Sem vítima";"321,000";"BR-101/SC";"Decrescente";"Engavetamento";3;0;0;0;0;0;0;0;0;0;0;0;0;0;0
"17/01/2026";"19:09:15";"92";"Sem vítima";"367,000";"BR-101/SC";"Decrescente";"Choque";1;0;0;0;0;0;0;0;0;0;1;0;0;0;0
"18/01/2026";"00:48:35";"2";"Sem vítima";"325,000";"BR-101/SC";"Crescente";"Colisão traseira";1;0;1;0;0;0;0;0;0;0;2;0;0;0;0
"19/01/2026";"03:30:19";"7";"Sem vítima";"262,000";"BR-101/SC";"Crescente";"Acidentes de outra natureza";1;0;0;0;0;0;0;0;0;0;1;0;0;0;0
"19/01/2026";"07:52:06";"23";"Com vítima";"463,000";"BR-101/SC";"Decrescente";"Choque";1;0;0;0;0;0;0;0;0;0;1;1;0;0;0
"19/01/2026";"17:48:15";"72";"Sem vítima";"399,000";"BR-101/SC";"Crescente";"Choque";1;0;0;0;0;0;0;0;0;0;2;0;0;0;0